account_id,snapshot_month,account_status,api_calls_latest,api_mom_pct,api_3m_pct,seat_utilization,credit_utilization,status_sort,recommended_action
ACC_0001,2026-08-01,Healthy,82262,0.089,0.142,0.633,0.592,4,Monitor - no action required
ACC_0002,2026-08-01,Healthy,4188,0.016,-0.046,0.667,0.489,4,Monitor - no action required
ACC_0003,2026-08-01,Low Adoption,181658,-0.1,0.116,0.425,0.396,3,Customer Success: enablement session and onboarding refresh to lift active seats
ACC_0004,2026-08-01,Healthy,8471,0.059,0.066,0.76,0.312,4,Monitor - no action required
ACC_0005,2026-08-01,Low Adoption,13263,0.135,0.011,0.4,0.721,3,Customer Success: enablement session and onboarding refresh to lift active seats
ACC_0006,2026-08-01,Healthy,253470,0.175,-0.165,0.622,0.526,4,Monitor - no action required
ACC_0007,2026-08-01,Healthy,25724,-0.071,-0.082,0.823,0.607,4,Monitor - no action required
ACC_0008,2026-08-01,Expansion Opportunity,403785,0.189,0.51,0.959,1.18,2,Sales: propose seat / tier upgrade before credit overage or seat cap is hit
ACC_0009,2026-08-01,Healthy,4809,-0.126,-0.113,0.6,0.649,4,Monitor - no action required
ACC_0010,2026-08-01,Churn Risk,803,-0.501,-0.879,0.062,0.066,1,CSM outreach within 7 days; run adoption health check and executive sponsor call
ACC_0011,2026-08-01,Churn Risk,825,-0.553,-0.869,0.053,0.052,1,CSM outreach within 7 days; run adoption health check and executive sponsor call
ACC_0012,2026-08-01,Healthy,6424,0.06,0.132,0.571,0.487,4,Monitor - no action required
ACC_0013,2026-08-01,Healthy,49534,-0.119,-0.184,0.588,0.347,4,Monitor - no action required
ACC_0014,2026-08-01,Healthy,14485,-0.17,-0.176,0.645,0.368,4,Monitor - no action required
ACC_0015,2026-08-01,Expansion Opportunity,85322,0.182,0.824,0.949,1.087,2,Sales: propose seat / tier upgrade before credit overage or seat cap is hit
ACC_0016,2026-08-01,Churn Risk,1643,-0.44,-0.86,0.091,0.038,1,CSM outreach within 7 days; run adoption health check and executive sponsor call
ACC_0017,2026-08-01,Low Adoption,186779,-0.144,-0.201,0.447,0.345,3,Customer Success: enablement session and onboarding refresh to lift active seats
ACC_0018,2026-08-01,Low Adoption,153182,0.021,-0.129,0.495,0.346,3,Customer Success: enablement session and onboarding refresh to lift active seats
ACC_0019,2026-08-01,Expansion Opportunity,9584,0.2,0.653,1.0,0.766,2,Sales: propose seat / tier upgrade before credit overage or seat cap is hit
ACC_0020,2026-08-01,Healthy,122312,-0.175,-0.174,0.738,0.485,4,Monitor - no action required
ACC_0021,2026-08-01,Healthy,3477,-0.112,-0.274,0.583,0.551,4,Monitor - no action required
ACC_0022,2026-08-01,Churn Risk,3315,-0.5,-0.887,0.069,0.083,1,CSM outreach within 7 days; run adoption health check and executive sponsor call
ACC_0023,2026-08-01,Healthy,28783,-0.045,-0.101,0.625,0.399,4,Monitor - no action required
ACC_0024,2026-08-01,Churn Risk,11966,-0.543,-0.874,0.084,0.062,1,CSM outreach within 7 days; run adoption health check and executive sponsor call
ACC_0025,2026-08-01,Churn Risk,1055,-0.522,-0.872,0.077,0.063,1,CSM outreach within 7 days; run adoption health check and executive sponsor call
ACC_0026,2026-08-01,Expansion Opportunity,41851,0.22,0.674,1.0,1.068,2,Sales: propose seat / tier upgrade before credit overage or seat cap is hit
ACC_0027,2026-08-01,Expansion Opportunity,83875,0.404,0.658,1.0,0.937,2,Sales: propose seat / tier upgrade before credit overage or seat cap is hit
ACC_0028,2026-08-01,Expansion Opportunity,10396,0.208,0.45,1.0,0.774,2,Sales: propose seat / tier upgrade before credit overage or seat cap is hit
ACC_0029,2026-08-01,Expansion Opportunity,85434,0.326,0.798,1.0,1.147,2,Sales: propose seat / tier upgrade before credit overage or seat cap is hit
ACC_0030,2026-08-01,Expansion Opportunity,15235,0.178,0.594,0.934,0.625,2,Sales: propose seat / tier upgrade before credit overage or seat cap is hit
ACC_0031,2026-08-01,Expansion Opportunity,9016,0.187,0.681,0.846,0.73,2,Sales: propose seat / tier upgrade before credit overage or seat cap is hit
ACC_0032,2026-08-01,Low Adoption,45912,0.038,0.391,0.488,0.752,3,Customer Success: enablement session and onboarding refresh to lift active seats
ACC_0033,2026-08-01,Expansion Opportunity,448046,0.035,0.566,0.698,1.106,2,Sales: propose seat / tier upgrade before credit overage or seat cap is hit
ACC_0034,2026-08-01,Churn Risk,847,-0.554,-0.898,0.071,0.055,1,CSM outreach within 7 days; run adoption health check and executive sponsor call
ACC_0035,2026-08-01,Healthy,4215,0.036,0.033,0.5,0.439,4,Monitor - no action required
ACC_0036,2026-08-01,Expansion Opportunity,16702,0.115,0.747,1.0,1.114,2,Sales: propose seat / tier upgrade before credit overage or seat cap is hit
ACC_0037,2026-08-01,Churn Risk,2895,-0.525,-0.898,0.05,0.071,1,CSM outreach within 7 days; run adoption health check and executive sponsor call
ACC_0038,2026-08-01,Healthy,79051,0.148,0.111,0.816,0.428,4,Monitor - no action required
ACC_0039,2026-08-01,Expansion Opportunity,8857,0.139,1.048,0.778,1.047,2,Sales: propose seat / tier upgrade before credit overage or seat cap is hit
ACC_0040,2026-08-01,Healthy,147913,0.129,0.098,0.659,0.535,4,Monitor - no action required
ACC_0041,2026-08-01,Healthy,43300,-0.175,-0.168,0.625,0.653,4,Monitor - no action required
ACC_0042,2026-08-01,Churn Risk,875,-0.552,-0.871,0.071,0.066,1,CSM outreach within 7 days; run adoption health check and executive sponsor call
ACC_0043,2026-08-01,Healthy,31820,0.049,0.176,0.597,0.459,4,Monitor - no action required
ACC_0044,2026-08-01,Expansion Opportunity,6478,0.106,0.683,1.0,0.913,2,Sales: propose seat / tier upgrade before credit overage or seat cap is hit
ACC_0045,2026-08-01,Expansion Opportunity,157420,0.096,0.948,0.977,0.646,2,Sales: propose seat / tier upgrade before credit overage or seat cap is hit
ACC_0046,2026-08-01,Expansion Opportunity,7967,0.171,0.73,1.0,1.207,2,Sales: propose seat / tier upgrade before credit overage or seat cap is hit
ACC_0047,2026-08-01,Churn Risk,401,-0.506,-0.863,0.067,0.054,1,CSM outreach within 7 days; run adoption health check and executive sponsor call
ACC_0048,2026-08-01,Churn Risk,2593,-0.487,-0.873,0.084,0.062,1,CSM outreach within 7 days; run adoption health check and executive sponsor call
ACC_0049,2026-08-01,Expansion Opportunity,401726,0.133,0.696,1.0,0.848,2,Sales: propose seat / tier upgrade before credit overage or seat cap is hit
ACC_0050,2026-08-01,Expansion Opportunity,20984,0.215,0.672,0.836,0.573,2,Sales: propose seat / tier upgrade before credit overage or seat cap is hit
ACC_0051,2026-08-01,Healthy,221420,0.215,0.394,0.629,0.596,4,Monitor - no action required
ACC_0052,2026-08-01,Expansion Opportunity,44870,0.409,0.739,1.0,0.54,2,Sales: propose seat / tier upgrade before credit overage or seat cap is hit
ACC_0053,2026-08-01,Healthy,8811,-0.035,-0.118,0.5,0.648,4,Monitor - no action required
ACC_0054,2026-08-01,Healthy,4195,0.342,0.409,0.667,0.401,4,Monitor - no action required
ACC_0055,2026-08-01,Low Adoption,30913,-0.132,-0.103,0.395,0.523,3,Customer Success: enablement session and onboarding refresh to lift active seats
ACC_0056,2026-08-01,Healthy,15151,-0.141,-0.057,0.635,0.496,4,Monitor - no action required
ACC_0057,2026-08-01,Churn Risk,1235,-0.431,-0.865,0.167,0.07,1,CSM outreach within 7 days; run adoption health check and executive sponsor call
ACC_0058,2026-08-01,Healthy,4429,-0.096,0.067,0.5,0.309,4,Monitor - no action required
ACC_0059,2026-08-01,Churn Risk,626,-0.444,-0.872,0.059,0.084,1,CSM outreach within 7 days; run adoption health check and executive sponsor call
ACC_0060,2026-08-01,Healthy,9342,0.065,0.717,0.765,0.882,4,Monitor - no action required
ACC_0061,2026-08-01,Healthy,40012,0.056,-0.036,0.62,0.539,4,Monitor - no action required
ACC_0062,2026-08-01,Expansion Opportunity,9678,0.175,0.836,1.0,0.793,2,Sales: propose seat / tier upgrade before credit overage or seat cap is hit
ACC_0063,2026-08-01,Churn Risk,29414,-0.5,-0.858,0.094,0.063,1,CSM outreach within 7 days; run adoption health check and executive sponsor call
ACC_0064,2026-08-01,Healthy,19415,0.173,0.207,0.679,0.654,4,Monitor - no action required
ACC_0065,2026-08-01,Healthy,143834,-0.058,0.048,0.64,0.627,4,Monitor - no action required
ACC_0066,2026-08-01,Low Adoption,2571,0.026,0.169,0.4,0.361,3,Customer Success: enablement session and onboarding refresh to lift active seats
ACC_0067,2026-08-01,Low Adoption,158542,-0.085,-0.209,0.462,0.408,3,Customer Success: enablement session and onboarding refresh to lift active seats
ACC_0068,2026-08-01,Healthy,4427,-0.137,-0.055,0.667,0.574,4,Monitor - no action required
ACC_0069,2026-08-01,Healthy,165022,0.087,0.012,0.503,0.344,4,Monitor - no action required
ACC_0070,2026-08-01,Expansion Opportunity,9236,0.201,0.806,1.0,0.886,2,Sales: propose seat / tier upgrade before credit overage or seat cap is hit
ACC_0071,2026-08-01,Churn Risk,1328,-0.519,-0.869,0.071,0.086,1,CSM outreach within 7 days; run adoption health check and executive sponsor call
ACC_0072,2026-08-01,Healthy,10375,0.397,0.169,0.684,0.569,4,Monitor - no action required
ACC_0073,2026-08-01,Expansion Opportunity,555920,0.222,0.828,1.0,1.193,2,Sales: propose seat / tier upgrade before credit overage or seat cap is hit
ACC_0074,2026-08-01,Expansion Opportunity,32049,0.201,0.898,1.0,0.728,2,Sales: propose seat / tier upgrade before credit overage or seat cap is hit
ACC_0075,2026-08-01,Low Adoption,5173,-0.176,0.039,0.421,0.326,3,Customer Success: enablement session and onboarding refresh to lift active seats
ACC_0076,2026-08-01,Low Adoption,331023,0.056,0.216,0.457,0.729,3,Customer Success: enablement session and onboarding refresh to lift active seats
ACC_0077,2026-08-01,Expansion Opportunity,632175,0.179,0.673,1.0,1.125,2,Sales: propose seat / tier upgrade before credit overage or seat cap is hit
ACC_0078,2026-08-01,Churn Risk,1784,-0.545,-0.873,0.057,0.059,1,CSM outreach within 7 days; run adoption health check and executive sponsor call
ACC_0079,2026-08-01,Expansion Opportunity,6392,0.332,0.781,0.846,0.536,2,Sales: propose seat / tier upgrade before credit overage or seat cap is hit
ACC_0080,2026-08-01,Churn Risk,17006,-0.502,-0.883,0.051,0.073,1,CSM outreach within 7 days; run adoption health check and executive sponsor call
ACC_0081,2026-08-01,Healthy,23935,-0.032,-0.016,0.565,0.412,4,Monitor - no action required
ACC_0082,2026-08-01,Healthy,6328,0.155,-0.062,0.5,0.536,4,Monitor - no action required
ACC_0083,2026-08-01,Healthy,39009,-0.053,-0.142,0.73,0.52,4,Monitor - no action required
ACC_0084,2026-08-01,Healthy,281897,0.139,0.169,0.618,0.658,4,Monitor - no action required
ACC_0085,2026-08-01,Healthy,109958,-0.119,-0.002,0.533,0.588,4,Monitor - no action required
ACC_0086,2026-08-01,Healthy,5322,0.222,0.014,0.667,0.398,4,Monitor - no action required
ACC_0087,2026-08-01,Low Adoption,4137,-0.238,-0.228,0.444,0.494,3,Customer Success: enablement session and onboarding refresh to lift active seats
ACC_0088,2026-08-01,Expansion Opportunity,38089,0.059,0.853,1.0,0.775,2,Sales: propose seat / tier upgrade before credit overage or seat cap is hit
ACC_0089,2026-08-01,Churn Risk,963,-0.516,-0.864,0.125,0.074,1,CSM outreach within 7 days; run adoption health check and executive sponsor call
ACC_0090,2026-08-01,Healthy,60620,-0.168,-0.017,0.541,0.296,4,Monitor - no action required
ACC_0091,2026-08-01,Low Adoption,3047,-0.161,-0.002,0.333,0.476,3,Customer Success: enablement session and onboarding refresh to lift active seats
ACC_0092,2026-08-01,Healthy,55221,-0.143,-0.049,0.616,0.619,4,Monitor - no action required
ACC_0093,2026-08-01,Expansion Opportunity,10020,0.21,0.503,1.0,1.173,2,Sales: propose seat / tier upgrade before credit overage or seat cap is hit
ACC_0094,2026-08-01,Expansion Opportunity,38272,0.203,0.554,1.0,0.636,2,Sales: propose seat / tier upgrade before credit overage or seat cap is hit
ACC_0095,2026-08-01,Healthy,35451,0.059,0.106,0.6,0.701,4,Monitor - no action required
ACC_0096,2026-08-01,Low Adoption,6558,-0.014,0.192,0.455,0.478,3,Customer Success: enablement session and onboarding refresh to lift active seats
ACC_0097,2026-08-01,Healthy,6152,0.154,0.389,0.538,0.453,4,Monitor - no action required
ACC_0098,2026-08-01,Churn Risk,2730,-0.476,-0.847,0.045,0.052,1,CSM outreach within 7 days; run adoption health check and executive sponsor call
ACC_0099,2026-08-01,Churn Risk,3104,-0.519,-0.884,0.07,0.045,1,CSM outreach within 7 days; run adoption health check and executive sponsor call
ACC_0100,2026-08-01,Expansion Opportunity,13234,0.196,0.994,1.0,0.999,2,Sales: propose seat / tier upgrade before credit overage or seat cap is hit
ACC_0101,2026-08-01,Churn Risk,4355,-0.516,-0.859,0.058,0.049,1,CSM outreach within 7 days; run adoption health check and executive sponsor call
ACC_0102,2026-08-01,Healthy,226553,0.096,0.521,0.643,0.655,4,Monitor - no action required
ACC_0103,2026-08-01,Healthy,54438,0.289,0.542,0.538,0.47,4,Monitor - no action required
ACC_0104,2026-08-01,Healthy,298451,-0.222,-0.037,0.577,0.697,4,Monitor - no action required
ACC_0105,2026-08-01,Healthy,18424,-0.034,-0.16,0.517,0.561,4,Monitor - no action required
ACC_0106,2026-08-01,Low Adoption,259566,-0.093,-0.013,0.462,0.551,3,Customer Success: enablement session and onboarding refresh to lift active seats
ACC_0107,2026-08-01,Healthy,48217,0.232,0.875,0.582,0.526,4,Monitor - no action required
ACC_0108,2026-08-01,Low Adoption,25395,0.138,0.24,0.358,0.677,3,Customer Success: enablement session and onboarding refresh to lift active seats
ACC_0109,2026-08-01,Healthy,7472,-0.166,-0.001,0.545,0.369,4,Monitor - no action required
ACC_0110,2026-08-01,Expansion Opportunity,131562,0.289,0.885,0.854,0.486,2,Sales: propose seat / tier upgrade before credit overage or seat cap is hit
ACC_0111,2026-08-01,Expansion Opportunity,42237,0.24,0.589,0.96,0.5,2,Sales: propose seat / tier upgrade before credit overage or seat cap is hit
ACC_0112,2026-08-01,Healthy,41421,0.022,-0.114,0.617,0.549,4,Monitor - no action required
ACC_0113,2026-08-01,Churn Risk,25502,-0.451,-0.888,0.066,0.064,1,CSM outreach within 7 days; run adoption health check and executive sponsor call
ACC_0114,2026-08-01,Healthy,173736,0.291,-0.044,0.962,0.626,4,Monitor - no action required
ACC_0115,2026-08-01,Healthy,4665,-0.061,0.068,0.571,0.387,4,Monitor - no action required
ACC_0116,2026-08-01,Healthy,114399,-0.067,-0.11,0.922,0.576,4,Monitor - no action required
ACC_0117,2026-08-01,Low Adoption,86451,-0.063,0.242,0.496,0.437,3,Customer Success: enablement session and onboarding refresh to lift active seats
ACC_0118,2026-08-01,Healthy,7458,0.198,0.894,0.5,0.627,4,Monitor - no action required
ACC_0119,2026-08-01,Churn Risk,1314,-0.433,-0.887,0.062,0.057,1,CSM outreach within 7 days; run adoption health check and executive sponsor call
ACC_0120,2026-08-01,Healthy,6654,0.025,0.081,0.625,0.56,4,Monitor - no action required
ACC_0121,2026-08-01,Healthy,2516,-0.183,-0.042,0.5,0.598,4,Monitor - no action required
ACC_0122,2026-08-01,Healthy,2371,-0.076,-0.187,0.818,0.444,4,Monitor - no action required
ACC_0123,2026-08-01,Healthy,5573,0.081,0.183,0.542,0.514,4,Monitor - no action required
ACC_0124,2026-08-01,Healthy,285951,0.034,-0.03,0.713,0.52,4,Monitor - no action required
ACC_0125,2026-08-01,Expansion Opportunity,231814,0.188,0.684,1.0,0.868,2,Sales: propose seat / tier upgrade before credit overage or seat cap is hit
ACC_0126,2026-08-01,Churn Risk,3154,-0.541,-0.87,0.071,0.049,1,CSM outreach within 7 days; run adoption health check and executive sponsor call
ACC_0127,2026-08-01,Churn Risk,2967,-0.519,-0.874,0.094,0.07,1,CSM outreach within 7 days; run adoption health check and executive sponsor call
ACC_0128,2026-08-01,Churn Risk,2704,-0.555,-0.891,0.053,0.131,1,CSM outreach within 7 days; run adoption health check and executive sponsor call
ACC_0129,2026-08-01,Expansion Opportunity,217343,0.254,0.817,0.791,1.105,2,Sales: propose seat / tier upgrade before credit overage or seat cap is hit
ACC_0130,2026-08-01,Healthy,15446,0.07,0.13,0.591,0.546,4,Monitor - no action required
ACC_0131,2026-08-01,Churn Risk,479,-0.511,-0.887,0.125,0.061,1,CSM outreach within 7 days; run adoption health check and executive sponsor call
ACC_0132,2026-08-01,Low Adoption,5904,0.322,0.129,0.471,0.523,3,Customer Success: enablement session and onboarding refresh to lift active seats
ACC_0133,2026-08-01,Healthy,16908,-0.138,0.022,0.675,0.76,4,Monitor - no action required
ACC_0134,2026-08-01,Healthy,56809,0.255,1.199,0.569,0.634,4,Monitor - no action required
ACC_0135,2026-08-01,Healthy,19180,0.181,0.98,0.615,0.463,4,Monitor - no action required
ACC_0136,2026-08-01,Healthy,43708,0.027,-0.022,0.6,0.832,4,Monitor - no action required
ACC_0137,2026-08-01,Healthy,172161,0.097,0.065,0.719,0.574,4,Monitor - no action required
ACC_0138,2026-08-01,Healthy,60217,0.191,0.474,0.518,0.56,4,Monitor - no action required
ACC_0139,2026-08-01,Churn Risk,4773,-0.49,-0.88,0.104,0.079,1,CSM outreach within 7 days; run adoption health check and executive sponsor call
ACC_0140,2026-08-01,Low Adoption,17131,0.309,0.879,0.417,0.564,3,Customer Success: enablement session and onboarding refresh to lift active seats
ACC_0141,2026-08-01,Churn Risk,12518,-0.475,-0.88,0.111,0.106,1,CSM outreach within 7 days; run adoption health check and executive sponsor call
ACC_0142,2026-08-01,Healthy,5440,0.23,0.031,0.824,0.41,4,Monitor - no action required
ACC_0143,2026-08-01,Healthy,11777,0.154,0.032,0.587,0.62,4,Monitor - no action required
ACC_0144,2026-08-01,Healthy,15063,0.022,0.068,0.591,0.664,4,Monitor - no action required
ACC_0145,2026-08-01,Healthy,3176,-0.113,0.119,0.533,0.332,4,Monitor - no action required
ACC_0146,2026-08-01,Healthy,5063,-0.059,0.059,0.529,0.377,4,Monitor - no action required
ACC_0147,2026-08-01,Healthy,331225,0.255,0.687,0.513,0.517,4,Monitor - no action required
ACC_0148,2026-08-01,Healthy,6669,-0.036,0.155,0.75,1.004,4,Monitor - no action required
ACC_0149,2026-08-01,Healthy,43134,0.29,0.6,0.7,0.671,4,Monitor - no action required
ACC_0150,2026-08-01,Churn Risk,24340,-0.525,-0.868,0.056,0.095,1,CSM outreach within 7 days; run adoption health check and executive sponsor call
ACC_0151,2026-08-01,Healthy,381445,-0.063,-0.113,0.645,0.582,4,Monitor - no action required
ACC_0152,2026-08-01,Healthy,75138,0.108,0.932,0.642,0.487,4,Monitor - no action required
ACC_0153,2026-08-01,Healthy,191802,0.049,0.115,0.853,0.854,4,Monitor - no action required
ACC_0154,2026-08-01,Expansion Opportunity,17157,0.118,0.643,0.5,1.03,2,Sales: propose seat / tier upgrade before credit overage or seat cap is hit
ACC_0155,2026-08-01,Churn Risk,658,-0.552,-0.897,0.143,0.076,1,CSM outreach within 7 days; run adoption health check and executive sponsor call
ACC_0156,2026-08-01,Healthy,5465,-0.018,0.078,0.571,0.405,4,Monitor - no action required
ACC_0157,2026-08-01,Healthy,59847,0.031,-0.04,0.623,0.499,4,Monitor - no action required
ACC_0158,2026-08-01,Healthy,32775,-0.156,-0.001,0.591,0.419,4,Monitor - no action required
ACC_0159,2026-08-01,Churn Risk,3514,-0.475,-0.892,0.091,0.071,1,CSM outreach within 7 days; run adoption health check and executive sponsor call
ACC_0160,2026-08-01,Healthy,6835,0.14,0.045,0.588,0.423,4,Monitor - no action required
ACC_0161,2026-08-01,Expansion Opportunity,289420,0.207,0.868,1.0,0.621,2,Sales: propose seat / tier upgrade before credit overage or seat cap is hit
ACC_0162,2026-08-01,Low Adoption,61330,0.166,0.062,0.352,0.71,3,Customer Success: enablement session and onboarding refresh to lift active seats
ACC_0163,2026-08-01,Expansion Opportunity,52439,0.168,0.991,0.683,1.176,2,Sales: propose seat / tier upgrade before credit overage or seat cap is hit
ACC_0164,2026-08-01,Expansion Opportunity,30431,0.121,0.33,0.964,0.912,2,Sales: propose seat / tier upgrade before credit overage or seat cap is hit
ACC_0165,2026-08-01,Healthy,211488,0.016,-0.205,0.959,0.543,4,Monitor - no action required
ACC_0166,2026-08-01,Churn Risk,1959,-0.495,-0.883,0.093,0.071,1,CSM outreach within 7 days; run adoption health check and executive sponsor call
ACC_0167,2026-08-01,Healthy,34198,0.206,0.226,0.725,0.591,4,Monitor - no action required
ACC_0168,2026-08-01,Healthy,367410,0.159,0.786,0.717,0.547,4,Monitor - no action required
ACC_0169,2026-08-01,Healthy,9007,0.114,0.954,0.5,0.56,4,Monitor - no action required
ACC_0170,2026-08-01,Churn Risk,7157,-0.498,-0.866,0.074,0.093,1,CSM outreach within 7 days; run adoption health check and executive sponsor call
ACC_0171,2026-08-01,Churn Risk,3596,-0.493,-0.893,0.038,0.038,1,CSM outreach within 7 days; run adoption health check and executive sponsor call
ACC_0172,2026-08-01,Expansion Opportunity,65870,0.227,0.785,0.827,0.919,2,Sales: propose seat / tier upgrade before credit overage or seat cap is hit
ACC_0173,2026-08-01,Healthy,16848,0.132,-0.071,0.525,1.11,4,Monitor - no action required
ACC_0174,2026-08-01,Churn Risk,29591,-0.44,-0.855,0.109,0.075,1,CSM outreach within 7 days; run adoption health check and executive sponsor call
ACC_0175,2026-08-01,Healthy,48890,0.169,-0.004,0.679,0.607,4,Monitor - no action required
ACC_0176,2026-08-01,Low Adoption,22646,-0.129,-0.101,0.478,0.968,3,Customer Success: enablement session and onboarding refresh to lift active seats
ACC_0177,2026-08-01,Healthy,9522,0.271,0.836,0.6,0.669,4,Monitor - no action required
ACC_0178,2026-08-01,Churn Risk,14090,-0.487,-0.879,0.055,0.146,1,CSM outreach within 7 days; run adoption health check and executive sponsor call
ACC_0179,2026-08-01,Healthy,100635,0.251,0.781,0.676,0.892,4,Monitor - no action required
ACC_0180,2026-08-01,Churn Risk,12761,-0.497,-0.871,0.066,0.043,1,CSM outreach within 7 days; run adoption health check and executive sponsor call
ACC_0181,2026-08-01,Low Adoption,6318,0.212,0.843,0.444,0.515,3,Customer Success: enablement session and onboarding refresh to lift active seats
ACC_0182,2026-08-01,Healthy,149696,0.21,0.385,0.655,0.76,4,Monitor - no action required
ACC_0183,2026-08-01,Healthy,2945,0.337,0.1,0.545,0.627,4,Monitor - no action required
ACC_0184,2026-08-01,Low Adoption,10970,0.148,0.453,0.417,0.476,3,Customer Success: enablement session and onboarding refresh to lift active seats
ACC_0185,2026-08-01,Expansion Opportunity,47231,0.247,0.783,0.961,0.707,2,Sales: propose seat / tier upgrade before credit overage or seat cap is hit
ACC_0186,2026-08-01,Healthy,26753,0.399,0.228,0.81,0.875,4,Monitor - no action required
ACC_0187,2026-08-01,Churn Risk,5198,-0.553,-0.875,0.069,0.064,1,CSM outreach within 7 days; run adoption health check and executive sponsor call
ACC_0188,2026-08-01,Healthy,6776,-0.044,0.218,0.833,0.492,4,Monitor - no action required
ACC_0189,2026-08-01,Low Adoption,5491,-0.072,-0.178,0.389,1.019,3,Customer Success: enablement session and onboarding refresh to lift active seats
ACC_0190,2026-08-01,Healthy,239759,0.063,0.105,0.956,0.372,4,Monitor - no action required
ACC_0191,2026-08-01,Healthy,29362,0.287,0.197,0.756,0.466,4,Monitor - no action required
ACC_0192,2026-08-01,Healthy,54183,0.295,0.103,0.585,0.541,4,Monitor - no action required
ACC_0193,2026-08-01,Healthy,192490,0.16,0.602,0.694,0.523,4,Monitor - no action required
ACC_0194,2026-08-01,Churn Risk,583,-0.479,-0.881,0.083,0.043,1,CSM outreach within 7 days; run adoption health check and executive sponsor call
ACC_0195,2026-08-01,Churn Risk,722,-0.486,-0.876,0.2,0.056,1,CSM outreach within 7 days; run adoption health check and executive sponsor call
ACC_0196,2026-08-01,Healthy,24819,0.214,-0.089,0.538,0.431,4,Monitor - no action required
ACC_0197,2026-08-01,Churn Risk,666,-0.47,-0.894,0.077,0.13,1,CSM outreach within 7 days; run adoption health check and executive sponsor call
ACC_0198,2026-08-01,Healthy,6377,0.142,0.567,0.632,0.413,4,Monitor - no action required
ACC_0199,2026-08-01,Churn Risk,18430,-0.447,-0.857,0.118,0.086,1,CSM outreach within 7 days; run adoption health check and executive sponsor call
ACC_0200,2026-08-01,Expansion Opportunity,10293,0.306,0.522,0.6,1.083,2,Sales: propose seat / tier upgrade before credit overage or seat cap is hit
ACC_0201,2026-08-01,Healthy,6972,0.161,0.812,0.714,0.512,4,Monitor - no action required
ACC_0202,2026-08-01,Healthy,187886,-0.057,-0.053,0.702,0.454,4,Monitor - no action required
ACC_0203,2026-08-01,Healthy,336574,-0.179,0.049,0.514,0.603,4,Monitor - no action required
ACC_0204,2026-08-01,Healthy,210346,-0.033,0.116,0.546,0.66,4,Monitor - no action required
ACC_0205,2026-08-01,Healthy,170814,-0.02,0.065,0.656,0.448,4,Monitor - no action required
ACC_0206,2026-08-01,Healthy,72098,0.093,-0.018,0.944,1.057,4,Monitor - no action required
ACC_0207,2026-08-01,Healthy,255766,-0.14,0.113,0.639,0.507,4,Monitor - no action required
ACC_0208,2026-08-01,Healthy,16584,0.165,0.09,0.57,0.409,4,Monitor - no action required
ACC_0209,2026-08-01,Healthy,242739,0.093,-0.13,0.748,0.939,4,Monitor - no action required
ACC_0210,2026-08-01,Low Adoption,381214,-0.001,0.256,0.489,0.369,3,Customer Success: enablement session and onboarding refresh to lift active seats
ACC_0211,2026-08-01,Healthy,31420,0.012,0.095,0.921,0.441,4,Monitor - no action required
ACC_0212,2026-08-01,Churn Risk,14744,-0.506,-0.858,0.059,0.091,1,CSM outreach within 7 days; run adoption health check and executive sponsor call
ACC_0213,2026-08-01,Healthy,141008,0.111,-0.102,0.716,0.449,4,Monitor - no action required
ACC_0214,2026-08-01,Healthy,218715,0.021,-0.04,0.6,0.373,4,Monitor - no action required
ACC_0215,2026-08-01,Healthy,28824,0.074,0.645,0.517,0.659,4,Monitor - no action required
ACC_0216,2026-08-01,Churn Risk,568,-0.505,-0.877,0.056,0.059,1,CSM outreach within 7 days; run adoption health check and executive sponsor call
ACC_0217,2026-08-01,Healthy,237571,0.259,0.191,0.652,0.544,4,Monitor - no action required
ACC_0218,2026-08-01,Healthy,25635,-0.031,0.031,0.583,0.593,4,Monitor - no action required
ACC_0219,2026-08-01,Expansion Opportunity,6109,-0.023,0.387,0.875,1.176,2,Sales: propose seat / tier upgrade before credit overage or seat cap is hit
ACC_0220,2026-08-01,Churn Risk,1373,-0.554,-0.868,0.333,0.047,1,CSM outreach within 7 days; run adoption health check and executive sponsor call
ACC_0221,2026-08-01,Healthy,5688,-0.127,0.043,0.571,0.544,4,Monitor - no action required
ACC_0222,2026-08-01,Healthy,16799,-0.061,-0.067,0.545,0.585,4,Monitor - no action required
ACC_0223,2026-08-01,Healthy,6890,-0.141,0.182,0.625,0.275,4,Monitor - no action required
ACC_0224,2026-08-01,Healthy,123085,0.083,0.05,0.622,0.495,4,Monitor - no action required
ACC_0225,2026-08-01,Healthy,33114,-0.263,-0.27,0.833,0.402,4,Monitor - no action required
ACC_0226,2026-08-01,Churn Risk,4113,-0.497,-0.865,0.073,0.059,1,CSM outreach within 7 days; run adoption health check and executive sponsor call
ACC_0227,2026-08-01,Healthy,10278,0.374,0.863,0.7,0.513,4,Monitor - no action required
ACC_0228,2026-08-01,Healthy,68778,-0.063,-0.033,0.981,0.625,4,Monitor - no action required
ACC_0229,2026-08-01,Low Adoption,54773,0.161,0.94,0.488,0.456,3,Customer Success: enablement session and onboarding refresh to lift active seats
ACC_0230,2026-08-01,Healthy,10673,-0.081,-0.044,1.0,0.568,4,Monitor - no action required
ACC_0231,2026-08-01,Churn Risk,6443,-0.465,-0.836,0.088,0.062,1,CSM outreach within 7 days; run adoption health check and executive sponsor call
ACC_0232,2026-08-01,Churn Risk,2991,-0.55,-0.885,0.066,0.068,1,CSM outreach within 7 days; run adoption health check and executive sponsor call
ACC_0233,2026-08-01,Healthy,148359,-0.109,-0.034,0.566,0.66,4,Monitor - no action required
ACC_0234,2026-08-01,Healthy,28705,0.228,0.214,0.766,0.825,4,Monitor - no action required
ACC_0235,2026-08-01,Low Adoption,119770,0.171,1.125,0.485,0.687,3,Customer Success: enablement session and onboarding refresh to lift active seats
ACC_0236,2026-08-01,Healthy,2055,-0.191,-0.042,0.588,0.302,4,Monitor - no action required
ACC_0237,2026-08-01,Healthy,56337,0.06,-0.009,0.665,0.476,4,Monitor - no action required
ACC_0238,2026-08-01,Healthy,14803,-0.016,0.241,0.762,0.384,4,Monitor - no action required
ACC_0239,2026-08-01,Healthy,28456,-0.037,-0.035,0.926,0.766,4,Monitor - no action required
ACC_0240,2026-08-01,Healthy,8613,-0.189,0.081,0.7,0.511,4,Monitor - no action required
ACC_0241,2026-08-01,Healthy,373554,-0.034,-0.216,0.518,0.368,4,Monitor - no action required
ACC_0242,2026-08-01,Healthy,3689,0.086,0.095,0.5,0.355,4,Monitor - no action required
ACC_0243,2026-08-01,Expansion Opportunity,102747,0.182,0.801,0.822,0.883,2,Sales: propose seat / tier upgrade before credit overage or seat cap is hit
ACC_0244,2026-08-01,Churn Risk,609,-0.516,-0.871,0.143,0.107,1,CSM outreach within 7 days; run adoption health check and executive sponsor call
ACC_0245,2026-08-01,Churn Risk,2195,-0.531,-0.871,0.043,0.086,1,CSM outreach within 7 days; run adoption health check and executive sponsor call
ACC_0246,2026-08-01,Healthy,54933,0.095,0.804,0.695,0.746,4,Monitor - no action required
ACC_0247,2026-08-01,Healthy,9850,-0.083,0.155,0.846,0.522,4,Monitor - no action required
ACC_0248,2026-08-01,Churn Risk,453,-0.544,-0.866,0.083,0.124,1,CSM outreach within 7 days; run adoption health check and executive sponsor call
ACC_0249,2026-08-01,Healthy,129286,0.067,-0.046,0.701,0.503,4,Monitor - no action required
ACC_0250,2026-08-01,Healthy,9398,-0.037,0.229,0.583,0.731,4,Monitor - no action required
ACC_0251,2026-08-01,Healthy,36169,-0.096,-0.029,0.808,0.671,4,Monitor - no action required
ACC_0252,2026-08-01,Healthy,25947,0.143,0.067,0.925,0.544,4,Monitor - no action required
ACC_0253,2026-08-01,Churn Risk,4221,-0.497,-0.894,0.08,0.13,1,CSM outreach within 7 days; run adoption health check and executive sponsor call
ACC_0254,2026-08-01,Healthy,149350,-0.047,-0.166,0.774,0.388,4,Monitor - no action required
ACC_0255,2026-08-01,Healthy,24730,0.035,-0.062,0.531,0.652,4,Monitor - no action required
ACC_0256,2026-08-01,Healthy,258312,0.184,0.386,0.715,0.501,4,Monitor - no action required
ACC_0257,2026-08-01,Healthy,47473,-0.062,-0.068,0.917,0.482,4,Monitor - no action required
ACC_0258,2026-08-01,Churn Risk,5011,-0.483,-0.878,0.091,0.056,1,CSM outreach within 7 days; run adoption health check and executive sponsor call
ACC_0259,2026-08-01,Healthy,13195,0.307,0.585,0.56,0.546,4,Monitor - no action required
ACC_0260,2026-08-01,Healthy,40580,-0.019,0.05,0.745,0.582,4,Monitor - no action required
ACC_0261,2026-08-01,Low Adoption,33334,-0.043,-0.078,0.477,0.608,3,Customer Success: enablement session and onboarding refresh to lift active seats
ACC_0262,2026-08-01,Healthy,170885,0.097,0.123,0.828,1.176,4,Monitor - no action required
ACC_0263,2026-08-01,Expansion Opportunity,348315,0.264,0.776,0.747,1.176,2,Sales: propose seat / tier upgrade before credit overage or seat cap is hit
ACC_0264,2026-08-01,Expansion Opportunity,52894,0.367,0.591,0.696,0.919,2,Sales: propose seat / tier upgrade before credit overage or seat cap is hit
ACC_0265,2026-08-01,Healthy,6851,0.313,0.235,1.0,0.48,4,Monitor - no action required
ACC_0266,2026-08-01,Healthy,75048,0.323,-0.133,0.624,0.608,4,Monitor - no action required
ACC_0267,2026-08-01,Healthy,33874,0.11,0.113,1.0,1.176,4,Monitor - no action required
ACC_0268,2026-08-01,Churn Risk,717,-0.523,-0.862,0.071,0.072,1,CSM outreach within 7 days; run adoption health check and executive sponsor call
ACC_0269,2026-08-01,Churn Risk,27181,-0.451,-0.856,0.063,0.069,1,CSM outreach within 7 days; run adoption health check and executive sponsor call
ACC_0270,2026-08-01,Churn Risk,3589,-0.51,-0.869,0.038,0.086,1,CSM outreach within 7 days; run adoption health check and executive sponsor call
ACC_0271,2026-08-01,Expansion Opportunity,47498,0.275,0.527,0.872,0.662,2,Sales: propose seat / tier upgrade before credit overage or seat cap is hit
ACC_0272,2026-08-01,Expansion Opportunity,62740,0.181,0.678,1.0,0.509,2,Sales: propose seat / tier upgrade before credit overage or seat cap is hit
ACC_0273,2026-08-01,Low Adoption,4116,-0.25,-0.111,0.467,0.425,3,Customer Success: enablement session and onboarding refresh to lift active seats
ACC_0274,2026-08-01,Low Adoption,277927,-0.176,-0.176,0.482,0.414,3,Customer Success: enablement session and onboarding refresh to lift active seats
ACC_0275,2026-08-01,Churn Risk,727,-0.454,-0.848,0.037,0.068,1,CSM outreach within 7 days; run adoption health check and executive sponsor call
ACC_0276,2026-08-01,Healthy,4608,0.129,0.627,0.538,0.419,4,Monitor - no action required
ACC_0277,2026-08-01,Healthy,9953,0.066,0.001,0.75,0.663,4,Monitor - no action required
ACC_0278,2026-08-01,Low Adoption,7299,0.049,-0.022,0.474,0.656,3,Customer Success: enablement session and onboarding refresh to lift active seats
ACC_0279,2026-08-01,Healthy,574189,0.33,0.806,0.713,0.45,4,Monitor - no action required
ACC_0280,2026-08-01,Healthy,88381,-0.134,-0.185,0.799,0.959,4,Monitor - no action required
ACC_0281,2026-08-01,Healthy,4437,-0.127,-0.047,0.6,0.351,4,Monitor - no action required
ACC_0282,2026-08-01,Churn Risk,12442,-0.513,-0.881,0.076,0.053,1,CSM outreach within 7 days; run adoption health check and executive sponsor call
ACC_0283,2026-08-01,Healthy,2799,0.147,0.17,0.538,0.634,4,Monitor - no action required
ACC_0284,2026-08-01,Healthy,162118,-0.121,0.167,0.517,0.75,4,Monitor - no action required
ACC_0285,2026-08-01,Healthy,10301,-0.164,0.073,0.974,0.937,4,Monitor - no action required
ACC_0286,2026-08-01,Expansion Opportunity,437014,0.324,0.821,0.913,0.607,2,Sales: propose seat / tier upgrade before credit overage or seat cap is hit
ACC_0287,2026-08-01,Churn Risk,861,-0.45,-0.865,0.25,0.113,1,CSM outreach within 7 days; run adoption health check and executive sponsor call
ACC_0288,2026-08-01,Healthy,78209,0.013,0.088,0.552,0.827,4,Monitor - no action required
ACC_0289,2026-08-01,Healthy,152131,0.075,0.066,0.598,0.5,4,Monitor - no action required
ACC_0290,2026-08-01,Healthy,147566,-0.035,0.249,0.638,0.432,4,Monitor - no action required
ACC_0291,2026-08-01,Healthy,82565,0.43,0.178,0.981,0.439,4,Monitor - no action required
ACC_0292,2026-08-01,Churn Risk,261,-0.57,-0.892,0.25,0.065,1,CSM outreach within 7 days; run adoption health check and executive sponsor call
ACC_0293,2026-08-01,Healthy,92085,0.157,0.467,0.585,0.669,4,Monitor - no action required
ACC_0294,2026-08-01,Churn Risk,1163,-0.537,-0.868,0.167,0.098,1,CSM outreach within 7 days; run adoption health check and executive sponsor call
ACC_0295,2026-08-01,Low Adoption,210686,-0.019,-0.014,0.455,0.818,3,Customer Success: enablement session and onboarding refresh to lift active seats
ACC_0296,2026-08-01,Churn Risk,8783,-0.493,-0.888,0.071,0.048,1,CSM outreach within 7 days; run adoption health check and executive sponsor call
ACC_0297,2026-08-01,Healthy,17822,0.318,1.067,0.545,0.53,4,Monitor - no action required
ACC_0298,2026-08-01,Healthy,47376,-0.215,-0.242,0.705,0.754,4,Monitor - no action required
ACC_0299,2026-08-01,Churn Risk,2663,-0.524,-0.862,0.034,0.068,1,CSM outreach within 7 days; run adoption health check and executive sponsor call
ACC_0300,2026-08-01,Healthy,8400,0.05,0.144,0.5,0.898,4,Monitor - no action required
ACC_0301,2026-08-01,Churn Risk,706,-0.477,-0.848,0.167,0.065,1,CSM outreach within 7 days; run adoption health check and executive sponsor call
ACC_0302,2026-08-01,Healthy,519791,0.184,0.625,0.538,0.586,4,Monitor - no action required
ACC_0303,2026-08-01,Healthy,151487,0.106,-0.107,0.614,0.861,4,Monitor - no action required
ACC_0304,2026-08-01,Expansion Opportunity,209728,0.094,0.658,1.0,0.505,2,Sales: propose seat / tier upgrade before credit overage or seat cap is hit
ACC_0305,2026-08-01,Healthy,172273,0.205,-0.031,0.6,0.402,4,Monitor - no action required
ACC_0306,2026-08-01,Healthy,27287,0.306,0.039,0.583,0.81,4,Monitor - no action required
ACC_0307,2026-08-01,Churn Risk,3057,-0.51,-0.899,0.062,0.045,1,CSM outreach within 7 days; run adoption health check and executive sponsor call
ACC_0308,2026-08-01,Churn Risk,3980,-0.505,-0.868,0.109,0.072,1,CSM outreach within 7 days; run adoption health check and executive sponsor call
ACC_0309,2026-08-01,Healthy,37390,0.308,0.254,0.744,0.544,4,Monitor - no action required
ACC_0310,2026-08-01,Healthy,5383,0.14,0.786,0.556,0.676,4,Monitor - no action required
ACC_0311,2026-08-01,Expansion Opportunity,355213,0.16,0.836,0.956,0.697,2,Sales: propose seat / tier upgrade before credit overage or seat cap is hit
ACC_0312,2026-08-01,Expansion Opportunity,7635,0.243,1.033,0.6,0.943,2,Sales: propose seat / tier upgrade before credit overage or seat cap is hit
ACC_0313,2026-08-01,Healthy,207115,0.149,0.174,0.66,0.582,4,Monitor - no action required
ACC_0314,2026-08-01,Churn Risk,4120,-0.543,-0.884,0.119,0.057,1,CSM outreach within 7 days; run adoption health check and executive sponsor call
ACC_0315,2026-08-01,Healthy,108984,0.102,0.12,0.67,0.778,4,Monitor - no action required
ACC_0316,2026-08-01,Low Adoption,13403,0.138,-0.194,0.477,0.306,3,Customer Success: enablement session and onboarding refresh to lift active seats
ACC_0317,2026-08-01,Healthy,49893,0.084,-0.004,0.595,0.375,4,Monitor - no action required
ACC_0318,2026-08-01,Churn Risk,1247,-0.481,-0.855,0.067,0.033,1,CSM outreach within 7 days; run adoption health check and executive sponsor call
ACC_0319,2026-08-01,Churn Risk,38002,-0.562,-0.877,0.059,0.08,1,CSM outreach within 7 days; run adoption health check and executive sponsor call
ACC_0320,2026-08-01,Churn Risk,15953,-0.51,-0.876,0.079,0.062,1,CSM outreach within 7 days; run adoption health check and executive sponsor call
ACC_0321,2026-08-01,Expansion Opportunity,54646,0.298,0.514,0.594,1.176,2,Sales: propose seat / tier upgrade before credit overage or seat cap is hit
ACC_0322,2026-08-01,Healthy,7725,0.032,-0.174,1.0,0.485,4,Monitor - no action required
ACC_0323,2026-08-01,Churn Risk,305,-0.488,-0.894,0.091,0.116,1,CSM outreach within 7 days; run adoption health check and executive sponsor call
ACC_0324,2026-08-01,Healthy,203322,0.004,0.069,0.61,0.526,4,Monitor - no action required
ACC_0325,2026-08-01,Healthy,30801,-0.127,-0.085,0.576,1.061,4,Monitor - no action required
ACC_0326,2026-08-01,Churn Risk,3567,-0.506,-0.856,0.078,0.078,1,CSM outreach within 7 days; run adoption health check and executive sponsor call
ACC_0327,2026-08-01,Expansion Opportunity,3690,0.118,1.077,0.5,0.918,2,Sales: propose seat / tier upgrade before credit overage or seat cap is hit
ACC_0328,2026-08-01,Healthy,38333,0.065,0.242,0.615,0.419,4,Monitor - no action required
ACC_0329,2026-08-01,Expansion Opportunity,286900,0.155,0.586,1.0,0.805,2,Sales: propose seat / tier upgrade before credit overage or seat cap is hit
ACC_0330,2026-08-01,Healthy,213415,0.014,0.116,0.59,0.592,4,Monitor - no action required
ACC_0331,2026-08-01,Expansion Opportunity,36934,0.2,0.291,0.864,0.443,2,Sales: propose seat / tier upgrade before credit overage or seat cap is hit
ACC_0332,2026-08-01,Healthy,30053,-0.028,0.068,0.636,0.618,4,Monitor - no action required
ACC_0333,2026-08-01,Low Adoption,8428,0.088,0.479,0.417,0.635,3,Customer Success: enablement session and onboarding refresh to lift active seats
ACC_0334,2026-08-01,Healthy,3667,-0.142,-0.168,0.8,0.631,4,Monitor - no action required
ACC_0335,2026-08-01,Healthy,15476,0.103,0.682,0.769,0.446,4,Monitor - no action required
ACC_0336,2026-08-01,Expansion Opportunity,39834,0.164,0.609,0.89,0.502,2,Sales: propose seat / tier upgrade before credit overage or seat cap is hit
ACC_0337,2026-08-01,Healthy,256352,0.196,0.419,0.727,0.818,4,Monitor - no action required
ACC_0338,2026-08-01,Churn Risk,25863,-0.462,-0.879,0.076,0.041,1,CSM outreach within 7 days; run adoption health check and executive sponsor call
ACC_0339,2026-08-01,Churn Risk,671,-0.512,-0.861,0.067,0.064,1,CSM outreach within 7 days; run adoption health check and executive sponsor call
ACC_0340,2026-08-01,Healthy,22912,0.194,0.759,0.507,0.384,4,Monitor - no action required
ACC_0341,2026-08-01,Churn Risk,549,-0.53,-0.896,0.083,0.066,1,CSM outreach within 7 days; run adoption health check and executive sponsor call
ACC_0342,2026-08-01,Churn Risk,10289,-0.432,-0.862,0.071,0.054,1,CSM outreach within 7 days; run adoption health check and executive sponsor call
ACC_0343,2026-08-01,Churn Risk,866,-0.535,-0.898,0.056,0.073,1,CSM outreach within 7 days; run adoption health check and executive sponsor call
ACC_0344,2026-08-01,Healthy,7259,0.04,0.081,0.533,1.177,4,Monitor - no action required
ACC_0345,2026-08-01,Healthy,4201,0.336,0.056,0.562,0.932,4,Monitor - no action required
ACC_0346,2026-08-01,Healthy,276821,-0.089,0.095,0.655,0.297,4,Monitor - no action required
ACC_0347,2026-08-01,Low Adoption,29771,-0.175,-0.056,0.453,0.488,3,Customer Success: enablement session and onboarding refresh to lift active seats
ACC_0348,2026-08-01,Expansion Opportunity,9443,0.045,0.63,0.667,1.053,2,Sales: propose seat / tier upgrade before credit overage or seat cap is hit
ACC_0349,2026-08-01,Healthy,7576,0.225,0.991,0.5,0.582,4,Monitor - no action required
ACC_0350,2026-08-01,Healthy,36469,-0.264,-0.284,0.532,0.381,4,Monitor - no action required
ACC_0351,2026-08-01,Low Adoption,23953,-0.18,-0.069,0.444,0.515,3,Customer Success: enablement session and onboarding refresh to lift active seats
ACC_0352,2026-08-01,Healthy,20622,-0.034,-0.036,0.51,0.964,4,Monitor - no action required
ACC_0353,2026-08-01,Healthy,78211,0.133,0.642,0.604,0.488,4,Monitor - no action required
ACC_0354,2026-08-01,Healthy,173112,-0.269,-0.251,0.722,0.549,4,Monitor - no action required
ACC_0355,2026-08-01,Churn Risk,4934,-0.509,-0.855,0.052,0.049,1,CSM outreach within 7 days; run adoption health check and executive sponsor call
ACC_0356,2026-08-01,Healthy,10778,-0.064,0.067,0.553,0.525,4,Monitor - no action required
ACC_0357,2026-08-01,Churn Risk,28778,-0.512,-0.892,0.084,0.085,1,CSM outreach within 7 days; run adoption health check and executive sponsor call
ACC_0358,2026-08-01,Healthy,691144,0.191,0.666,0.666,0.53,4,Monitor - no action required
ACC_0359,2026-08-01,Low Adoption,123545,-0.074,0.011,0.479,0.481,3,Customer Success: enablement session and onboarding refresh to lift active seats
ACC_0360,2026-08-01,Expansion Opportunity,27935,0.288,0.353,0.73,1.176,2,Sales: propose seat / tier upgrade before credit overage or seat cap is hit
ACC_0361,2026-08-01,Healthy,2603,0.299,-0.015,0.538,0.602,4,Monitor - no action required
ACC_0362,2026-08-01,Churn Risk,865,-0.501,-0.874,0.143,0.059,1,CSM outreach within 7 days; run adoption health check and executive sponsor call
ACC_0363,2026-08-01,Healthy,27148,-0.195,0.069,1.0,0.524,4,Monitor - no action required
ACC_0364,2026-08-01,Healthy,15383,-0.092,0.019,0.66,0.376,4,Monitor - no action required
ACC_0365,2026-08-01,Churn Risk,1376,-0.506,-0.892,0.082,0.06,1,CSM outreach within 7 days; run adoption health check and executive sponsor call
ACC_0366,2026-08-01,Healthy,23100,-0.159,-0.151,0.516,0.608,4,Monitor - no action required
ACC_0367,2026-08-01,Expansion Opportunity,175193,0.197,1.113,0.893,0.447,2,Sales: propose seat / tier upgrade before credit overage or seat cap is hit
ACC_0368,2026-08-01,Healthy,82502,-0.148,-0.121,0.787,0.661,4,Monitor - no action required
ACC_0369,2026-08-01,Healthy,56260,-0.02,-0.13,0.814,0.422,4,Monitor - no action required
ACC_0370,2026-08-01,Healthy,270100,0.163,0.469,0.647,0.328,4,Monitor - no action required
ACC_0371,2026-08-01,Churn Risk,10297,-0.527,-0.88,0.077,0.065,1,CSM outreach within 7 days; run adoption health check and executive sponsor call
ACC_0372,2026-08-01,Churn Risk,3553,-0.479,-0.84,0.078,0.045,1,CSM outreach within 7 days; run adoption health check and executive sponsor call
ACC_0373,2026-08-01,Expansion Opportunity,432621,0.184,0.525,0.805,0.6,2,Sales: propose seat / tier upgrade before credit overage or seat cap is hit
ACC_0374,2026-08-01,Low Adoption,110021,0.13,-0.049,0.476,0.507,3,Customer Success: enablement session and onboarding refresh to lift active seats
ACC_0375,2026-08-01,Expansion Opportunity,7848,0.234,0.708,0.696,1.177,2,Sales: propose seat / tier upgrade before credit overage or seat cap is hit
ACC_0376,2026-08-01,Low Adoption,24983,0.036,-0.075,0.453,0.297,3,Customer Success: enablement session and onboarding refresh to lift active seats
ACC_0377,2026-08-01,Healthy,8567,0.108,0.362,0.571,0.618,4,Monitor - no action required
ACC_0378,2026-08-01,Healthy,297843,-0.106,-0.048,0.629,0.565,4,Monitor - no action required
ACC_0379,2026-08-01,Healthy,36371,0.216,0.882,0.565,0.646,4,Monitor - no action required
ACC_0380,2026-08-01,Healthy,7617,0.179,0.479,0.529,0.556,4,Monitor - no action required
ACC_0381,2026-08-01,Churn Risk,581,-0.484,-0.865,0.048,0.043,1,CSM outreach within 7 days; run adoption health check and executive sponsor call
ACC_0382,2026-08-01,Low Adoption,91250,-0.185,-0.29,0.493,0.322,3,Customer Success: enablement session and onboarding refresh to lift active seats
ACC_0383,2026-08-01,Expansion Opportunity,34865,0.082,0.642,0.582,0.912,2,Sales: propose seat / tier upgrade before credit overage or seat cap is hit
ACC_0384,2026-08-01,Churn Risk,6253,-0.494,-0.87,0.099,0.052,1,CSM outreach within 7 days; run adoption health check and executive sponsor call
ACC_0385,2026-08-01,Churn Risk,24625,-0.525,-0.864,0.082,0.113,1,CSM outreach within 7 days; run adoption health check and executive sponsor call
ACC_0386,2026-08-01,Healthy,42075,0.224,0.961,0.652,0.43,4,Monitor - no action required
ACC_0387,2026-08-01,Healthy,5244,-0.063,0.03,0.857,0.452,4,Monitor - no action required
ACC_0388,2026-08-01,Healthy,47849,0.055,-0.024,0.625,0.591,4,Monitor - no action required
ACC_0389,2026-08-01,Healthy,225441,0.384,0.664,0.682,0.639,4,Monitor - no action required
ACC_0390,2026-08-01,Churn Risk,4486,-0.463,-0.832,0.074,0.099,1,CSM outreach within 7 days; run adoption health check and executive sponsor call
ACC_0391,2026-08-01,Low Adoption,10039,0.218,0.876,0.48,0.577,3,Customer Success: enablement session and onboarding refresh to lift active seats
ACC_0392,2026-08-01,Healthy,18509,0.101,-0.07,0.636,0.349,4,Monitor - no action required
ACC_0393,2026-08-01,Healthy,5294,-0.02,0.29,0.688,0.576,4,Monitor - no action required
ACC_0394,2026-08-01,Healthy,5426,0.013,-0.086,0.727,0.355,4,Monitor - no action required
ACC_0395,2026-08-01,Healthy,16006,0.126,-0.12,0.5,0.502,4,Monitor - no action required
ACC_0396,2026-08-01,Healthy,53156,0.279,0.071,0.545,0.579,4,Monitor - no action required
ACC_0397,2026-08-01,Expansion Opportunity,17998,0.286,0.792,1.0,0.955,2,Sales: propose seat / tier upgrade before credit overage or seat cap is hit
ACC_0398,2026-08-01,Churn Risk,4164,-0.507,-0.885,0.1,0.095,1,CSM outreach within 7 days; run adoption health check and executive sponsor call
ACC_0399,2026-08-01,Low Adoption,173044,-0.094,0.051,0.405,0.624,3,Customer Success: enablement session and onboarding refresh to lift active seats
ACC_0400,2026-08-01,Churn Risk,3512,-0.477,-0.872,0.1,0.074,1,CSM outreach within 7 days; run adoption health check and executive sponsor call
ACC_0401,2026-08-01,Churn Risk,1035,-0.493,-0.881,0.067,0.087,1,CSM outreach within 7 days; run adoption health check and executive sponsor call
ACC_0402,2026-08-01,Healthy,36170,0.017,-0.153,0.57,0.903,4,Monitor - no action required
ACC_0403,2026-08-01,Healthy,235653,0.273,0.715,0.57,0.59,4,Monitor - no action required
ACC_0404,2026-08-01,Healthy,8472,0.03,0.026,0.589,0.44,4,Monitor - no action required
ACC_0405,2026-08-01,Healthy,5759,0.01,0.117,0.519,0.5,4,Monitor - no action required
ACC_0406,2026-08-01,Low Adoption,3883,-0.204,-0.221,0.381,0.757,3,Customer Success: enablement session and onboarding refresh to lift active seats
ACC_0407,2026-08-01,Healthy,142376,-0.101,0.112,0.801,0.884,4,Monitor - no action required
ACC_0408,2026-08-01,Healthy,38453,0.021,-0.028,0.619,0.627,4,Monitor - no action required
ACC_0409,2026-08-01,Expansion Opportunity,35642,0.239,0.866,0.864,0.338,2,Sales: propose seat / tier upgrade before credit overage or seat cap is hit
ACC_0410,2026-08-01,Healthy,10522,0.298,0.1,0.625,0.626,4,Monitor - no action required
ACC_0411,2026-08-01,Healthy,6700,0.178,0.008,1.0,1.13,4,Monitor - no action required
ACC_0412,2026-08-01,Low Adoption,589026,0.199,1.004,0.492,0.597,3,Customer Success: enablement session and onboarding refresh to lift active seats
ACC_0413,2026-08-01,Low Adoption,60709,-0.076,0.054,0.49,0.788,3,Customer Success: enablement session and onboarding refresh to lift active seats
ACC_0414,2026-08-01,Healthy,313187,0.053,0.576,0.787,0.498,4,Monitor - no action required
ACC_0415,2026-08-01,Healthy,4354,-0.21,0.091,0.75,0.84,4,Monitor - no action required
ACC_0416,2026-08-01,Healthy,65772,0.257,0.707,0.652,0.532,4,Monitor - no action required
ACC_0417,2026-08-01,Healthy,45974,0.292,0.038,0.524,0.478,4,Monitor - no action required
ACC_0418,2026-08-01,Healthy,32050,-0.049,0.05,0.889,0.381,4,Monitor - no action required
ACC_0419,2026-08-01,Healthy,17535,0.038,-0.108,0.648,0.634,4,Monitor - no action required
ACC_0420,2026-08-01,Churn Risk,3902,-0.519,-0.871,0.12,0.057,1,CSM outreach within 7 days; run adoption health check and executive sponsor call
ACC_0421,2026-08-01,Healthy,16695,-0.177,-0.259,0.615,0.599,4,Monitor - no action required
ACC_0422,2026-08-01,Healthy,3665,-0.175,-0.277,0.667,0.29,4,Monitor - no action required
ACC_0423,2026-08-01,Healthy,4926,-0.242,-0.081,0.562,0.396,4,Monitor - no action required
ACC_0424,2026-08-01,Churn Risk,3083,-0.553,-0.881,0.07,0.098,1,CSM outreach within 7 days; run adoption health check and executive sponsor call
ACC_0425,2026-08-01,Healthy,217186,0.184,0.839,0.575,0.393,4,Monitor - no action required
ACC_0426,2026-08-01,Churn Risk,1673,-0.486,-0.871,0.064,0.09,1,CSM outreach within 7 days; run adoption health check and executive sponsor call
ACC_0427,2026-08-01,Low Adoption,319259,0.136,0.619,0.465,0.526,3,Customer Success: enablement session and onboarding refresh to lift active seats
ACC_0428,2026-08-01,Churn Risk,724,-0.53,-0.888,0.111,0.132,1,CSM outreach within 7 days; run adoption health check and executive sponsor call
ACC_0429,2026-08-01,Healthy,36701,-0.013,-0.057,0.578,0.818,4,Monitor - no action required
ACC_0430,2026-08-01,Low Adoption,73771,-0.027,0.02,0.481,0.554,3,Customer Success: enablement session and onboarding refresh to lift active seats
ACC_0431,2026-08-01,Expansion Opportunity,12068,0.074,0.351,1.0,0.543,2,Sales: propose seat / tier upgrade before credit overage or seat cap is hit
ACC_0432,2026-08-01,Healthy,6767,0.08,-0.09,0.75,0.883,4,Monitor - no action required
ACC_0433,2026-08-01,Expansion Opportunity,64433,0.318,1.213,1.0,0.491,2,Sales: propose seat / tier upgrade before credit overage or seat cap is hit
ACC_0434,2026-08-01,Expansion Opportunity,28977,0.205,0.703,1.0,0.868,2,Sales: propose seat / tier upgrade before credit overage or seat cap is hit
ACC_0435,2026-08-01,Healthy,2208,-0.111,-0.169,0.6,0.72,4,Monitor - no action required
ACC_0436,2026-08-01,Churn Risk,2031,-0.512,-0.884,0.056,0.06,1,CSM outreach within 7 days; run adoption health check and executive sponsor call
ACC_0437,2026-08-01,Expansion Opportunity,84421,0.217,0.801,0.6,1.132,2,Sales: propose seat / tier upgrade before credit overage or seat cap is hit
ACC_0438,2026-08-01,Healthy,593550,0.146,0.554,0.782,0.592,4,Monitor - no action required
ACC_0439,2026-08-01,Low Adoption,2704,0.176,0.073,0.429,0.537,3,Customer Success: enablement session and onboarding refresh to lift active seats
ACC_0440,2026-08-01,Healthy,80996,0.347,0.182,0.51,1.176,4,Monitor - no action required
ACC_0441,2026-08-01,Healthy,357534,0.079,0.848,0.621,0.519,4,Monitor - no action required
ACC_0442,2026-08-01,Healthy,183504,-0.036,0.039,0.543,0.31,4,Monitor - no action required
ACC_0443,2026-08-01,Healthy,220169,0.136,0.297,0.598,0.496,4,Monitor - no action required
ACC_0444,2026-08-01,Churn Risk,10672,-0.415,-0.859,0.047,0.06,1,CSM outreach within 7 days; run adoption health check and executive sponsor call
ACC_0445,2026-08-01,Healthy,2974,0.194,0.126,0.625,0.621,4,Monitor - no action required
ACC_0446,2026-08-01,Healthy,227081,-0.029,-0.085,0.545,0.313,4,Monitor - no action required
ACC_0447,2026-08-01,Healthy,101444,0.027,-0.034,0.764,0.667,4,Monitor - no action required
ACC_0448,2026-08-01,Churn Risk,24806,-0.474,-0.872,0.061,0.155,1,CSM outreach within 7 days; run adoption health check and executive sponsor call
ACC_0449,2026-08-01,Expansion Opportunity,31002,0.211,0.556,0.603,0.926,2,Sales: propose seat / tier upgrade before credit overage or seat cap is hit
ACC_0450,2026-08-01,Healthy,205877,-0.074,-0.132,0.51,1.092,4,Monitor - no action required
ACC_0451,2026-08-01,Churn Risk,15583,-0.521,-0.847,0.119,0.065,1,CSM outreach within 7 days; run adoption health check and executive sponsor call
ACC_0452,2026-08-01,Churn Risk,15163,-0.466,-0.845,0.069,0.061,1,CSM outreach within 7 days; run adoption health check and executive sponsor call
ACC_0453,2026-08-01,Healthy,8545,-0.013,0.024,0.833,0.656,4,Monitor - no action required
ACC_0454,2026-08-01,Healthy,7106,0.154,0.203,0.625,0.419,4,Monitor - no action required
ACC_0455,2026-08-01,Churn Risk,2784,-0.534,-0.864,0.094,0.083,1,CSM outreach within 7 days; run adoption health check and executive sponsor call
ACC_0456,2026-08-01,Healthy,5048,-0.023,0.153,0.5,0.986,4,Monitor - no action required
ACC_0457,2026-08-01,Healthy,68103,0.303,0.261,0.6,0.496,4,Monitor - no action required
ACC_0458,2026-08-01,Healthy,2799,0.036,-0.125,0.7,0.518,4,Monitor - no action required
ACC_0459,2026-08-01,Churn Risk,21745,-0.513,-0.865,0.07,0.063,1,CSM outreach within 7 days; run adoption health check and executive sponsor call
ACC_0460,2026-08-01,Healthy,3275,0.271,0.117,0.556,0.68,4,Monitor - no action required
ACC_0461,2026-08-01,Low Adoption,97055,0.219,0.769,0.495,0.408,3,Customer Success: enablement session and onboarding refresh to lift active seats
ACC_0462,2026-08-01,Healthy,93489,0.212,0.625,0.526,0.448,4,Monitor - no action required
ACC_0463,2026-08-01,Healthy,254296,0.048,0.203,0.631,0.509,4,Monitor - no action required
ACC_0464,2026-08-01,Expansion Opportunity,13467,0.305,0.586,0.85,0.464,2,Sales: propose seat / tier upgrade before credit overage or seat cap is hit
ACC_0465,2026-08-01,Low Adoption,152344,-0.115,-0.073,0.497,0.569,3,Customer Success: enablement session and onboarding refresh to lift active seats
ACC_0466,2026-08-01,Expansion Opportunity,25843,0.344,0.727,1.0,0.546,2,Sales: propose seat / tier upgrade before credit overage or seat cap is hit
ACC_0467,2026-08-01,Healthy,4510,0.115,0.003,1.0,0.943,4,Monitor - no action required
ACC_0468,2026-08-01,Expansion Opportunity,66038,0.09,0.386,0.608,1.069,2,Sales: propose seat / tier upgrade before credit overage or seat cap is hit
ACC_0469,2026-08-01,Healthy,203449,0.133,0.43,0.618,0.336,4,Monitor - no action required
ACC_0470,2026-08-01,Healthy,14962,0.351,0.527,0.75,0.657,4,Monitor - no action required
ACC_0471,2026-08-01,Healthy,4958,0.12,-0.005,0.5,0.399,4,Monitor - no action required
ACC_0472,2026-08-01,Healthy,35346,0.07,0.449,0.65,0.373,4,Monitor - no action required
ACC_0473,2026-08-01,Healthy,154956,-0.134,-0.072,0.825,0.647,4,Monitor - no action required
ACC_0474,2026-08-01,Churn Risk,30379,-0.564,-0.895,0.076,0.11,1,CSM outreach within 7 days; run adoption health check and executive sponsor call
ACC_0475,2026-08-01,Expansion Opportunity,11997,0.301,0.512,1.0,0.568,2,Sales: propose seat / tier upgrade before credit overage or seat cap is hit
ACC_0476,2026-08-01,Churn Risk,1203,-0.456,-0.861,0.143,0.074,1,CSM outreach within 7 days; run adoption health check and executive sponsor call
ACC_0477,2026-08-01,Healthy,9620,0.057,0.182,0.909,0.673,4,Monitor - no action required
ACC_0478,2026-08-01,Churn Risk,12027,-0.518,-0.876,0.067,0.064,1,CSM outreach within 7 days; run adoption health check and executive sponsor call
ACC_0479,2026-08-01,Churn Risk,409,-0.535,-0.902,0.067,0.051,1,CSM outreach within 7 days; run adoption health check and executive sponsor call
ACC_0480,2026-08-01,Healthy,31656,0.231,0.785,0.632,0.735,4,Monitor - no action required
ACC_0481,2026-08-01,Healthy,5279,0.058,0.211,0.9,0.664,4,Monitor - no action required
ACC_0482,2026-08-01,Expansion Opportunity,16593,0.352,0.656,0.938,0.478,2,Sales: propose seat / tier upgrade before credit overage or seat cap is hit
ACC_0483,2026-08-01,Healthy,27232,0.066,0.055,0.753,0.393,4,Monitor - no action required
ACC_0484,2026-08-01,Expansion Opportunity,10820,0.285,0.815,0.545,1.176,2,Sales: propose seat / tier upgrade before credit overage or seat cap is hit
ACC_0485,2026-08-01,Churn Risk,42760,-0.476,-0.851,0.07,0.063,1,CSM outreach within 7 days; run adoption health check and executive sponsor call
ACC_0486,2026-08-01,Healthy,249411,0.54,0.056,0.935,1.176,4,Monitor - no action required
ACC_0487,2026-08-01,Churn Risk,389,-0.505,-0.862,0.111,0.08,1,CSM outreach within 7 days; run adoption health check and executive sponsor call
ACC_0488,2026-08-01,Healthy,22196,0.103,-0.005,0.952,0.625,4,Monitor - no action required
ACC_0489,2026-08-01,Healthy,308432,0.181,0.703,0.517,0.424,4,Monitor - no action required
ACC_0490,2026-08-01,Healthy,12560,0.161,0.541,0.567,0.499,4,Monitor - no action required
ACC_0491,2026-08-01,Healthy,208667,0.137,-0.022,0.943,0.352,4,Monitor - no action required
ACC_0492,2026-08-01,Expansion Opportunity,219961,0.105,0.309,0.886,0.841,2,Sales: propose seat / tier upgrade before credit overage or seat cap is hit
ACC_0493,2026-08-01,Churn Risk,4540,-0.519,-0.888,0.059,0.062,1,CSM outreach within 7 days; run adoption health check and executive sponsor call
ACC_0494,2026-08-01,Expansion Opportunity,494896,0.121,0.444,0.71,1.176,2,Sales: propose seat / tier upgrade before credit overage or seat cap is hit
ACC_0495,2026-08-01,Churn Risk,4760,-0.489,-0.876,0.061,0.13,1,CSM outreach within 7 days; run adoption health check and executive sponsor call
ACC_0496,2026-08-01,Expansion Opportunity,17712,0.223,0.42,0.667,1.06,2,Sales: propose seat / tier upgrade before credit overage or seat cap is hit
ACC_0497,2026-08-01,Low Adoption,254993,-0.013,0.171,0.48,0.417,3,Customer Success: enablement session and onboarding refresh to lift active seats
ACC_0498,2026-08-01,Healthy,2812,0.018,0.083,0.636,0.8,4,Monitor - no action required
ACC_0499,2026-08-01,Healthy,3899,-0.073,0.017,0.8,0.848,4,Monitor - no action required
ACC_0500,2026-08-01,Expansion Opportunity,68394,0.321,1.054,1.0,0.583,2,Sales: propose seat / tier upgrade before credit overage or seat cap is hit
ACC_0501,2026-08-01,Expansion Opportunity,73794,0.159,0.876,0.664,1.11,2,Sales: propose seat / tier upgrade before credit overage or seat cap is hit
ACC_0502,2026-08-01,Churn Risk,9558,-0.547,-0.883,0.061,0.151,1,CSM outreach within 7 days; run adoption health check and executive sponsor call
ACC_0503,2026-08-01,Healthy,297916,-0.065,-0.014,0.613,0.408,4,Monitor - no action required
ACC_0504,2026-08-01,Expansion Opportunity,66569,0.321,0.797,1.0,1.176,2,Sales: propose seat / tier upgrade before credit overage or seat cap is hit
ACC_0505,2026-08-01,Healthy,36191,0.1,0.192,0.698,0.969,4,Monitor - no action required
ACC_0506,2026-08-01,Churn Risk,49935,-0.49,-0.856,0.092,0.061,1,CSM outreach within 7 days; run adoption health check and executive sponsor call
ACC_0507,2026-08-01,Healthy,305547,0.15,0.99,0.626,0.389,4,Monitor - no action required
ACC_0508,2026-08-01,Healthy,6017,-0.263,-0.102,0.5,0.318,4,Monitor - no action required
ACC_0509,2026-08-01,Churn Risk,6706,-0.522,-0.898,0.05,0.057,1,CSM outreach within 7 days; run adoption health check and executive sponsor call
ACC_0510,2026-08-01,Healthy,129914,-0.095,-0.05,0.737,0.432,4,Monitor - no action required
ACC_0511,2026-08-01,Churn Risk,24979,-0.499,-0.849,0.079,0.102,1,CSM outreach within 7 days; run adoption health check and executive sponsor call
ACC_0512,2026-08-01,Churn Risk,29366,-0.553,-0.873,0.124,0.06,1,CSM outreach within 7 days; run adoption health check and executive sponsor call
ACC_0513,2026-08-01,Healthy,14696,-0.144,-0.178,0.605,0.432,4,Monitor - no action required
ACC_0514,2026-08-01,Low Adoption,186280,-0.035,-0.062,0.463,1.155,3,Customer Success: enablement session and onboarding refresh to lift active seats
ACC_0515,2026-08-01,Churn Risk,1803,-0.529,-0.891,0.06,0.108,1,CSM outreach within 7 days; run adoption health check and executive sponsor call
ACC_0516,2026-08-01,Churn Risk,5094,-0.541,-0.873,0.069,0.066,1,CSM outreach within 7 days; run adoption health check and executive sponsor call
ACC_0517,2026-08-01,Healthy,4232,-0.128,-0.038,0.5,0.498,4,Monitor - no action required
ACC_0518,2026-08-01,Healthy,362217,-0.013,-0.12,0.586,1.124,4,Monitor - no action required
ACC_0519,2026-08-01,Healthy,6212,0.352,0.303,0.615,0.612,4,Monitor - no action required
ACC_0520,2026-08-01,Churn Risk,363,-0.495,-0.89,0.125,0.083,1,CSM outreach within 7 days; run adoption health check and executive sponsor call
ACC_0521,2026-08-01,Churn Risk,5405,-0.451,-0.858,0.074,0.073,1,CSM outreach within 7 days; run adoption health check and executive sponsor call
ACC_0522,2026-08-01,Expansion Opportunity,46652,0.35,0.61,1.0,0.473,2,Sales: propose seat / tier upgrade before credit overage or seat cap is hit
ACC_0523,2026-08-01,Healthy,7201,0.124,0.115,0.75,0.608,4,Monitor - no action required
ACC_0524,2026-08-01,Churn Risk,792,-0.542,-0.87,0.143,0.062,1,CSM outreach within 7 days; run adoption health check and executive sponsor call
ACC_0525,2026-08-01,Expansion Opportunity,36216,0.141,0.823,0.816,0.606,2,Sales: propose seat / tier upgrade before credit overage or seat cap is hit
ACC_0526,2026-08-01,Churn Risk,940,-0.457,-0.876,0.25,0.076,1,CSM outreach within 7 days; run adoption health check and executive sponsor call
ACC_0527,2026-08-01,Healthy,6485,-0.257,-0.021,0.6,0.62,4,Monitor - no action required
ACC_0528,2026-08-01,Healthy,255814,-0.095,0.087,0.914,0.644,4,Monitor - no action required
ACC_0529,2026-08-01,Healthy,38969,0.118,0.827,0.567,0.712,4,Monitor - no action required
ACC_0530,2026-08-01,Low Adoption,6780,-0.129,-0.003,0.478,0.67,3,Customer Success: enablement session and onboarding refresh to lift active seats
ACC_0531,2026-08-01,Healthy,3640,-0.143,-0.094,0.778,0.55,4,Monitor - no action required
ACC_0532,2026-08-01,Churn Risk,1207,-0.468,-0.874,0.167,0.044,1,CSM outreach within 7 days; run adoption health check and executive sponsor call
ACC_0533,2026-08-01,Expansion Opportunity,32921,0.206,0.312,0.889,0.691,2,Sales: propose seat / tier upgrade before credit overage or seat cap is hit
ACC_0534,2026-08-01,Churn Risk,1283,-0.522,-0.884,0.125,0.04,1,CSM outreach within 7 days; run adoption health check and executive sponsor call
ACC_0535,2026-08-01,Churn Risk,908,-0.544,-0.893,0.083,0.071,1,CSM outreach within 7 days; run adoption health check and executive sponsor call
ACC_0536,2026-08-01,Healthy,34406,0.053,-0.003,0.547,0.61,4,Monitor - no action required
ACC_0537,2026-08-01,Churn Risk,19075,-0.494,-0.881,0.093,0.083,1,CSM outreach within 7 days; run adoption health check and executive sponsor call
ACC_0538,2026-08-01,Churn Risk,7186,-0.493,-0.868,0.061,0.118,1,CSM outreach within 7 days; run adoption health check and executive sponsor call
ACC_0539,2026-08-01,Low Adoption,16285,-0.155,-0.077,0.469,0.501,3,Customer Success: enablement session and onboarding refresh to lift active seats
ACC_0540,2026-08-01,Churn Risk,22612,-0.484,-0.873,0.076,0.072,1,CSM outreach within 7 days; run adoption health check and executive sponsor call
ACC_0541,2026-08-01,Expansion Opportunity,435639,0.159,0.49,0.706,1.103,2,Sales: propose seat / tier upgrade before credit overage or seat cap is hit
ACC_0542,2026-08-01,Churn Risk,956,-0.44,-0.858,0.25,0.077,1,CSM outreach within 7 days; run adoption health check and executive sponsor call
ACC_0543,2026-08-01,Healthy,346431,0.112,0.635,0.743,0.398,4,Monitor - no action required
ACC_0544,2026-08-01,Churn Risk,43173,-0.459,-0.891,0.063,0.086,1,CSM outreach within 7 days; run adoption health check and executive sponsor call
ACC_0545,2026-08-01,Healthy,10638,0.299,0.099,0.6,0.442,4,Monitor - no action required
ACC_0546,2026-08-01,Expansion Opportunity,47154,0.046,0.679,0.802,0.72,2,Sales: propose seat / tier upgrade before credit overage or seat cap is hit
ACC_0547,2026-08-01,Churn Risk,12107,-0.444,-0.85,0.051,0.044,1,CSM outreach within 7 days; run adoption health check and executive sponsor call
ACC_0548,2026-08-01,Expansion Opportunity,7656,0.31,0.809,0.875,0.786,2,Sales: propose seat / tier upgrade before credit overage or seat cap is hit
ACC_0549,2026-08-01,Churn Risk,3525,-0.502,-0.859,0.077,0.081,1,CSM outreach within 7 days; run adoption health check and executive sponsor call
ACC_0550,2026-08-01,Healthy,54633,-0.126,-0.132,0.787,0.288,4,Monitor - no action required
ACC_0551,2026-08-01,Churn Risk,327,-0.509,-0.865,0.062,0.066,1,CSM outreach within 7 days; run adoption health check and executive sponsor call
ACC_0552,2026-08-01,Healthy,8837,-0.151,-0.224,0.511,0.402,4,Monitor - no action required
ACC_0553,2026-08-01,Churn Risk,40775,-0.458,-0.871,0.105,0.046,1,CSM outreach within 7 days; run adoption health check and executive sponsor call
ACC_0554,2026-08-01,Expansion Opportunity,67857,0.156,0.556,1.0,0.863,2,Sales: propose seat / tier upgrade before credit overage or seat cap is hit
ACC_0555,2026-08-01,Churn Risk,942,-0.477,-0.868,0.125,0.135,1,CSM outreach within 7 days; run adoption health check and executive sponsor call
ACC_0556,2026-08-01,Healthy,3145,0.047,0.137,1.0,0.587,4,Monitor - no action required
ACC_0557,2026-08-01,Churn Risk,2664,-0.524,-0.865,0.111,0.081,1,CSM outreach within 7 days; run adoption health check and executive sponsor call
ACC_0558,2026-08-01,Healthy,319156,0.361,0.872,0.784,0.687,4,Monitor - no action required
ACC_0559,2026-08-01,Churn Risk,3019,-0.523,-0.899,0.075,0.074,1,CSM outreach within 7 days; run adoption health check and executive sponsor call
ACC_0560,2026-08-01,Healthy,108167,-0.258,-0.17,0.514,0.475,4,Monitor - no action required
ACC_0561,2026-08-01,Churn Risk,930,-0.497,-0.863,0.125,0.145,1,CSM outreach within 7 days; run adoption health check and executive sponsor call
ACC_0562,2026-08-01,Churn Risk,280,-0.502,-0.849,0.077,0.077,1,CSM outreach within 7 days; run adoption health check and executive sponsor call
ACC_0563,2026-08-01,Healthy,35337,0.26,0.86,0.586,0.642,4,Monitor - no action required
ACC_0564,2026-08-01,Churn Risk,924,-0.493,-0.878,0.083,0.055,1,CSM outreach within 7 days; run adoption health check and executive sponsor call
ACC_0565,2026-08-01,Healthy,49027,-0.055,-0.063,0.5,0.335,4,Monitor - no action required
ACC_0566,2026-08-01,Churn Risk,24036,-0.446,-0.872,0.064,0.065,1,CSM outreach within 7 days; run adoption health check and executive sponsor call
ACC_0567,2026-08-01,Healthy,3794,-0.21,0.116,0.5,0.482,4,Monitor - no action required
ACC_0568,2026-08-01,Low Adoption,49355,0.09,0.846,0.478,0.83,3,Customer Success: enablement session and onboarding refresh to lift active seats
ACC_0569,2026-08-01,Low Adoption,3569,-0.054,0.038,0.333,0.909,3,Customer Success: enablement session and onboarding refresh to lift active seats
ACC_0570,2026-08-01,Healthy,260864,-0.131,-0.103,0.604,0.834,4,Monitor - no action required
ACC_0571,2026-08-01,Expansion Opportunity,151969,0.317,1.113,0.804,0.547,2,Sales: propose seat / tier upgrade before credit overage or seat cap is hit
ACC_0572,2026-08-01,Healthy,37042,-0.107,0.069,0.505,0.694,4,Monitor - no action required
ACC_0573,2026-08-01,Churn Risk,507,-0.514,-0.901,0.1,0.119,1,CSM outreach within 7 days; run adoption health check and executive sponsor call
ACC_0574,2026-08-01,Low Adoption,3982,-0.1,0.015,0.467,0.417,3,Customer Success: enablement session and onboarding refresh to lift active seats
ACC_0575,2026-08-01,Healthy,244056,0.321,0.251,0.621,0.482,4,Monitor - no action required
ACC_0576,2026-08-01,Healthy,303488,0.117,0.502,0.541,0.719,4,Monitor - no action required
ACC_0577,2026-08-01,Expansion Opportunity,66767,0.312,0.624,0.92,1.176,2,Sales: propose seat / tier upgrade before credit overage or seat cap is hit
ACC_0578,2026-08-01,Churn Risk,27633,-0.543,-0.887,0.054,0.128,1,CSM outreach within 7 days; run adoption health check and executive sponsor call
ACC_0579,2026-08-01,Healthy,58716,0.055,0.044,0.722,0.559,4,Monitor - no action required
ACC_0580,2026-08-01,Expansion Opportunity,10255,0.267,0.742,0.9,0.553,2,Sales: propose seat / tier upgrade before credit overage or seat cap is hit
ACC_0581,2026-08-01,Low Adoption,41788,0.243,-0.053,0.483,0.777,3,Customer Success: enablement session and onboarding refresh to lift active seats
ACC_0582,2026-08-01,Churn Risk,8543,-0.526,-0.894,0.079,0.08,1,CSM outreach within 7 days; run adoption health check and executive sponsor call
ACC_0583,2026-08-01,Churn Risk,3145,-0.553,-0.883,0.075,0.103,1,CSM outreach within 7 days; run adoption health check and executive sponsor call
ACC_0584,2026-08-01,Churn Risk,2160,-0.508,-0.88,0.06,0.072,1,CSM outreach within 7 days; run adoption health check and executive sponsor call
ACC_0585,2026-08-01,Healthy,3454,-0.099,0.057,0.571,0.475,4,Monitor - no action required
ACC_0586,2026-08-01,Expansion Opportunity,110641,0.122,0.607,0.842,0.505,2,Sales: propose seat / tier upgrade before credit overage or seat cap is hit
ACC_0587,2026-08-01,Churn Risk,36509,-0.525,-0.866,0.059,0.129,1,CSM outreach within 7 days; run adoption health check and executive sponsor call
ACC_0588,2026-08-01,Healthy,29131,0.207,0.005,0.686,1.068,4,Monitor - no action required
ACC_0589,2026-08-01,Expansion Opportunity,9731,0.263,0.646,1.0,0.431,2,Sales: propose seat / tier upgrade before credit overage or seat cap is hit
ACC_0590,2026-08-01,Healthy,17316,0.193,0.743,0.786,0.877,4,Monitor - no action required
ACC_0591,2026-08-01,Expansion Opportunity,32467,0.247,0.409,0.951,0.666,2,Sales: propose seat / tier upgrade before credit overage or seat cap is hit
ACC_0592,2026-08-01,Healthy,168816,0.089,0.09,1.0,0.367,4,Monitor - no action required
ACC_0593,2026-08-01,Churn Risk,25495,-0.502,-0.859,0.092,0.088,1,CSM outreach within 7 days; run adoption health check and executive sponsor call
ACC_0594,2026-08-01,Healthy,14353,0.234,-0.006,0.863,1.167,4,Monitor - no action required
ACC_0595,2026-08-01,Churn Risk,5526,-0.532,-0.878,0.087,0.091,1,CSM outreach within 7 days; run adoption health check and executive sponsor call
ACC_0596,2026-08-01,Churn Risk,905,-0.493,-0.876,0.2,0.062,1,CSM outreach within 7 days; run adoption health check and executive sponsor call
ACC_0597,2026-08-01,Healthy,293287,0.057,0.544,0.63,0.88,4,Monitor - no action required
ACC_0598,2026-08-01,Churn Risk,463,-0.428,-0.873,0.059,0.085,1,CSM outreach within 7 days; run adoption health check and executive sponsor call
ACC_0599,2026-08-01,Churn Risk,1169,-0.49,-0.886,0.071,0.073,1,CSM outreach within 7 days; run adoption health check and executive sponsor call
ACC_0600,2026-08-01,Churn Risk,4271,-0.485,-0.89,0.051,0.071,1,CSM outreach within 7 days; run adoption health check and executive sponsor call
ACC_0601,2026-08-01,Churn Risk,19881,-0.505,-0.873,0.083,0.073,1,CSM outreach within 7 days; run adoption health check and executive sponsor call
ACC_0602,2026-08-01,Churn Risk,14625,-0.573,-0.886,0.126,0.053,1,CSM outreach within 7 days; run adoption health check and executive sponsor call
ACC_0603,2026-08-01,Low Adoption,267394,0.352,0.877,0.469,0.508,3,Customer Success: enablement session and onboarding refresh to lift active seats
ACC_0604,2026-08-01,Healthy,7577,0.276,0.782,0.625,0.64,4,Monitor - no action required
ACC_0605,2026-08-01,Healthy,5258,0.392,0.168,0.556,0.736,4,Monitor - no action required
ACC_0606,2026-08-01,Healthy,3103,0.035,-0.095,0.5,0.492,4,Monitor - no action required
ACC_0607,2026-08-01,Healthy,16165,-0.146,-0.075,0.597,0.435,4,Monitor - no action required
ACC_0608,2026-08-01,Healthy,258254,-0.102,0.034,0.762,0.287,4,Monitor - no action required
ACC_0609,2026-08-01,Healthy,13427,0.176,0.69,0.571,0.544,4,Monitor - no action required
ACC_0610,2026-08-01,Healthy,8775,-0.006,-0.167,0.667,0.83,4,Monitor - no action required
ACC_0611,2026-08-01,Healthy,83210,0.11,0.136,0.888,0.373,4,Monitor - no action required
ACC_0612,2026-08-01,Churn Risk,12571,-0.462,-0.87,0.077,0.065,1,CSM outreach within 7 days; run adoption health check and executive sponsor call
ACC_0613,2026-08-01,Healthy,216339,0.257,0.191,0.545,0.585,4,Monitor - no action required
ACC_0614,2026-08-01,Healthy,200960,0.068,0.076,0.655,0.925,4,Monitor - no action required
ACC_0615,2026-08-01,Healthy,9688,0.122,-0.04,1.0,0.482,4,Monitor - no action required
ACC_0616,2026-08-01,Churn Risk,652,-0.508,-0.893,0.083,0.055,1,CSM outreach within 7 days; run adoption health check and executive sponsor call
ACC_0617,2026-08-01,Healthy,381580,0.063,0.361,0.556,0.692,4,Monitor - no action required
ACC_0618,2026-08-01,Healthy,23946,0.04,0.127,0.617,0.382,4,Monitor - no action required
ACC_0619,2026-08-01,Healthy,4014,0.065,0.097,0.5,0.927,4,Monitor - no action required
ACC_0620,2026-08-01,Low Adoption,26723,-0.296,-0.213,0.479,0.423,3,Customer Success: enablement session and onboarding refresh to lift active seats
ACC_0621,2026-08-01,Healthy,5605,-0.108,-0.133,0.8,0.359,4,Monitor - no action required
ACC_0622,2026-08-01,Healthy,11831,-0.109,-0.092,0.603,0.412,4,Monitor - no action required
ACC_0623,2026-08-01,Healthy,19454,-0.206,0.016,0.708,0.748,4,Monitor - no action required
ACC_0624,2026-08-01,Healthy,6107,0.233,0.794,0.6,0.524,4,Monitor - no action required
ACC_0625,2026-08-01,Low Adoption,2292,-0.107,-0.085,0.438,0.474,3,Customer Success: enablement session and onboarding refresh to lift active seats
ACC_0626,2026-08-01,Healthy,166458,0.061,0.021,0.682,1.08,4,Monitor - no action required
ACC_0627,2026-08-01,Healthy,212623,-0.176,-0.226,0.625,0.805,4,Monitor - no action required
ACC_0628,2026-08-01,Healthy,74909,-0.143,0.109,0.965,0.654,4,Monitor - no action required
ACC_0629,2026-08-01,Healthy,12539,-0.192,-0.128,0.95,0.447,4,Monitor - no action required
ACC_0630,2026-08-01,Healthy,19360,0.338,1.041,0.682,0.693,4,Monitor - no action required
ACC_0631,2026-08-01,Healthy,14420,-0.159,-0.185,0.63,0.378,4,Monitor - no action required
ACC_0632,2026-08-01,Healthy,25091,0.14,0.687,0.649,0.469,4,Monitor - no action required
ACC_0633,2026-08-01,Healthy,21325,-0.017,-0.151,0.836,0.315,4,Monitor - no action required
ACC_0634,2026-08-01,Healthy,111410,0.074,0.155,0.803,0.442,4,Monitor - no action required
ACC_0635,2026-08-01,Churn Risk,593,-0.565,-0.902,0.143,0.097,1,CSM outreach within 7 days; run adoption health check and executive sponsor call
ACC_0636,2026-08-01,Healthy,33998,-0.087,-0.083,0.538,0.408,4,Monitor - no action required
ACC_0637,2026-08-01,Healthy,29597,0.162,0.905,0.589,0.642,4,Monitor - no action required
ACC_0638,2026-08-01,Churn Risk,5310,-0.48,-0.869,0.071,0.055,1,CSM outreach within 7 days; run adoption health check and executive sponsor call
ACC_0639,2026-08-01,Healthy,7695,0.144,0.17,0.8,0.566,4,Monitor - no action required
ACC_0640,2026-08-01,Low Adoption,407976,0.244,0.847,0.419,0.708,3,Customer Success: enablement session and onboarding refresh to lift active seats
ACC_0641,2026-08-01,Healthy,8833,0.132,-0.053,0.625,0.296,4,Monitor - no action required
ACC_0642,2026-08-01,Expansion Opportunity,218594,0.181,0.566,0.846,0.664,2,Sales: propose seat / tier upgrade before credit overage or seat cap is hit
ACC_0643,2026-08-01,Healthy,36741,-0.012,-0.032,0.559,0.347,4,Monitor - no action required
ACC_0644,2026-08-01,Low Adoption,353210,0.205,0.444,0.387,0.522,3,Customer Success: enablement session and onboarding refresh to lift active seats
ACC_0645,2026-08-01,Healthy,88326,-0.054,0.302,0.796,0.451,4,Monitor - no action required
ACC_0646,2026-08-01,Healthy,37048,-0.116,-0.074,0.641,0.397,4,Monitor - no action required
ACC_0647,2026-08-01,Healthy,6177,-0.118,0.071,0.609,0.468,4,Monitor - no action required
ACC_0648,2026-08-01,Healthy,24862,-0.069,-0.063,0.5,0.772,4,Monitor - no action required
ACC_0649,2026-08-01,Low Adoption,537235,0.209,0.956,0.494,0.488,3,Customer Success: enablement session and onboarding refresh to lift active seats
ACC_0650,2026-08-01,Low Adoption,2863,-0.053,0.069,0.353,1.082,3,Customer Success: enablement session and onboarding refresh to lift active seats
ACC_0651,2026-08-01,Healthy,5338,0.119,0.134,0.812,0.903,4,Monitor - no action required
ACC_0652,2026-08-01,Healthy,32871,-0.053,-0.05,0.554,0.508,4,Monitor - no action required
ACC_0653,2026-08-01,Healthy,205768,-0.086,0.16,0.543,0.566,4,Monitor - no action required
ACC_0654,2026-08-01,Healthy,214368,-0.078,0.166,0.994,0.792,4,Monitor - no action required
ACC_0655,2026-08-01,Healthy,20459,0.026,-0.019,0.656,0.67,4,Monitor - no action required
ACC_0656,2026-08-01,Healthy,176298,0.09,0.026,0.549,0.787,4,Monitor - no action required
ACC_0657,2026-08-01,Healthy,36317,-0.102,0.099,0.532,1.083,4,Monitor - no action required
ACC_0658,2026-08-01,Healthy,6274,0.07,-0.029,0.692,0.76,4,Monitor - no action required
ACC_0659,2026-08-01,Healthy,184165,0.234,-0.063,0.639,0.464,4,Monitor - no action required
ACC_0660,2026-08-01,Churn Risk,2883,-0.492,-0.867,0.065,0.059,1,CSM outreach within 7 days; run adoption health check and executive sponsor call
ACC_0661,2026-08-01,Healthy,11021,0.193,0.588,0.545,0.447,4,Monitor - no action required
ACC_0662,2026-08-01,Expansion Opportunity,55164,0.215,0.742,0.854,0.586,2,Sales: propose seat / tier upgrade before credit overage or seat cap is hit
ACC_0663,2026-08-01,Healthy,192168,0.226,0.094,0.806,1.115,4,Monitor - no action required
ACC_0664,2026-08-01,Healthy,175441,0.135,0.148,0.598,0.792,4,Monitor - no action required
ACC_0665,2026-08-01,Healthy,189017,0.003,0.023,0.569,0.442,4,Monitor - no action required
ACC_0666,2026-08-01,Healthy,37779,-0.035,0.034,0.568,0.853,4,Monitor - no action required
ACC_0667,2026-08-01,Expansion Opportunity,11596,0.274,0.76,0.857,0.888,2,Sales: propose seat / tier upgrade before credit overage or seat cap is hit
ACC_0668,2026-08-01,Churn Risk,34849,-0.497,-0.891,0.096,0.071,1,CSM outreach within 7 days; run adoption health check and executive sponsor call
ACC_0669,2026-08-01,Healthy,256589,0.177,-0.165,0.941,0.417,4,Monitor - no action required
ACC_0670,2026-08-01,Healthy,3086,0.017,-0.171,1.0,0.615,4,Monitor - no action required
ACC_0671,2026-08-01,Healthy,211335,0.076,0.213,0.77,0.605,4,Monitor - no action required
ACC_0672,2026-08-01,Low Adoption,107823,-0.272,-0.155,0.48,0.743,3,Customer Success: enablement session and onboarding refresh to lift active seats
ACC_0673,2026-08-01,Low Adoption,52304,0.258,0.156,0.453,0.484,3,Customer Success: enablement session and onboarding refresh to lift active seats
ACC_0674,2026-08-01,Healthy,132940,-0.006,-0.218,0.565,0.497,4,Monitor - no action required
ACC_0675,2026-08-01,Healthy,34449,0.127,0.059,0.571,0.632,4,Monitor - no action required
ACC_0676,2026-08-01,Healthy,6358,-0.027,0.049,0.571,0.84,4,Monitor - no action required
ACC_0677,2026-08-01,Expansion Opportunity,22198,0.046,0.312,0.6,1.143,2,Sales: propose seat / tier upgrade before credit overage or seat cap is hit
ACC_0678,2026-08-01,Healthy,36895,0.186,-0.093,0.645,1.067,4,Monitor - no action required
ACC_0679,2026-08-01,Churn Risk,1212,-0.511,-0.86,0.055,0.06,1,CSM outreach within 7 days; run adoption health check and executive sponsor call
ACC_0680,2026-08-01,Churn Risk,5653,-0.515,-0.887,0.064,0.041,1,CSM outreach within 7 days; run adoption health check and executive sponsor call
ACC_0681,2026-08-01,Healthy,2919,-0.026,-0.167,0.571,0.368,4,Monitor - no action required
ACC_0682,2026-08-01,Low Adoption,195612,-0.035,0.161,0.493,0.435,3,Customer Success: enablement session and onboarding refresh to lift active seats
ACC_0683,2026-08-01,Churn Risk,3349,-0.531,-0.871,0.067,0.072,1,CSM outreach within 7 days; run adoption health check and executive sponsor call
ACC_0684,2026-08-01,Healthy,5519,0.069,-0.093,1.0,0.565,4,Monitor - no action required
ACC_0685,2026-08-01,Low Adoption,203016,0.114,0.582,0.44,0.586,3,Customer Success: enablement session and onboarding refresh to lift active seats
ACC_0686,2026-08-01,Low Adoption,8745,-0.117,-0.052,0.474,0.479,3,Customer Success: enablement session and onboarding refresh to lift active seats
ACC_0687,2026-08-01,Healthy,4010,-0.062,-0.174,0.545,0.45,4,Monitor - no action required
ACC_0688,2026-08-01,Low Adoption,140480,0.077,0.08,0.389,0.618,3,Customer Success: enablement session and onboarding refresh to lift active seats
ACC_0689,2026-08-01,Healthy,37081,0.146,0.426,0.509,0.586,4,Monitor - no action required
ACC_0690,2026-08-01,Healthy,123219,0.348,0.005,0.886,0.389,4,Monitor - no action required
ACC_0691,2026-08-01,Expansion Opportunity,394890,0.11,0.911,0.876,1.176,2,Sales: propose seat / tier upgrade before credit overage or seat cap is hit
ACC_0692,2026-08-01,Churn Risk,5550,-0.527,-0.853,0.086,0.078,1,CSM outreach within 7 days; run adoption health check and executive sponsor call
ACC_0693,2026-08-01,Churn Risk,19798,-0.517,-0.878,0.063,0.054,1,CSM outreach within 7 days; run adoption health check and executive sponsor call
ACC_0694,2026-08-01,Churn Risk,18043,-0.465,-0.873,0.119,0.074,1,CSM outreach within 7 days; run adoption health check and executive sponsor call
ACC_0695,2026-08-01,Healthy,35782,0.215,0.747,0.686,0.758,4,Monitor - no action required
ACC_0696,2026-08-01,Healthy,8865,0.287,0.19,0.5,0.49,4,Monitor - no action required
ACC_0697,2026-08-01,Healthy,178402,-0.219,-0.019,0.949,0.958,4,Monitor - no action required
ACC_0698,2026-08-01,Healthy,638353,0.303,0.802,0.504,0.39,4,Monitor - no action required
ACC_0699,2026-08-01,Healthy,286491,0.114,0.57,0.735,0.509,4,Monitor - no action required
ACC_0700,2026-08-01,Healthy,4055,-0.123,-0.107,0.5,0.57,4,Monitor - no action required
ACC_0701,2026-08-01,Expansion Opportunity,57497,0.368,0.954,0.917,0.637,2,Sales: propose seat / tier upgrade before credit overage or seat cap is hit
ACC_0702,2026-08-01,Healthy,29537,-0.091,-0.075,0.691,1.16,4,Monitor - no action required
ACC_0703,2026-08-01,Healthy,37935,0.205,0.173,0.654,0.605,4,Monitor - no action required
ACC_0704,2026-08-01,Expansion Opportunity,26858,0.091,1.002,1.0,0.706,2,Sales: propose seat / tier upgrade before credit overage or seat cap is hit
ACC_0705,2026-08-01,Healthy,4597,0.063,0.033,1.0,0.484,4,Monitor - no action required
ACC_0706,2026-08-01,Healthy,113167,-0.048,0.007,0.872,0.44,4,Monitor - no action required
ACC_0707,2026-08-01,Healthy,257139,0.099,-0.017,0.813,0.936,4,Monitor - no action required
ACC_0708,2026-08-01,Expansion Opportunity,10210,0.125,0.57,0.8,0.494,2,Sales: propose seat / tier upgrade before credit overage or seat cap is hit
ACC_0709,2026-08-01,Healthy,89949,0.276,0.201,0.529,0.76,4,Monitor - no action required
ACC_0710,2026-08-01,Churn Risk,32096,-0.498,-0.885,0.099,0.143,1,CSM outreach within 7 days; run adoption health check and executive sponsor call
ACC_0711,2026-08-01,Healthy,164351,0.17,-0.031,0.957,0.666,4,Monitor - no action required
ACC_0712,2026-08-01,Expansion Opportunity,40898,0.291,0.735,1.0,1.102,2,Sales: propose seat / tier upgrade before credit overage or seat cap is hit
ACC_0713,2026-08-01,Churn Risk,906,-0.489,-0.863,0.1,0.092,1,CSM outreach within 7 days; run adoption health check and executive sponsor call
ACC_0714,2026-08-01,Churn Risk,24565,-0.442,-0.842,0.117,0.085,1,CSM outreach within 7 days; run adoption health check and executive sponsor call
ACC_0715,2026-08-01,Healthy,88133,0.323,0.995,0.641,0.43,4,Monitor - no action required
ACC_0716,2026-08-01,Churn Risk,1157,-0.434,-0.868,0.167,0.048,1,CSM outreach within 7 days; run adoption health check and executive sponsor call
ACC_0717,2026-08-01,Healthy,49372,0.332,-0.011,0.795,0.54,4,Monitor - no action required
ACC_0718,2026-08-01,Churn Risk,15508,-0.516,-0.873,0.107,0.066,1,CSM outreach within 7 days; run adoption health check and executive sponsor call
ACC_0719,2026-08-01,Healthy,123598,0.111,0.071,0.566,0.491,4,Monitor - no action required
ACC_0720,2026-08-01,Healthy,8540,0.382,0.691,0.542,0.319,4,Monitor - no action required
ACC_0721,2026-08-01,Healthy,12697,0.099,0.366,0.529,0.465,4,Monitor - no action required
ACC_0722,2026-08-01,Healthy,39315,0.186,0.769,0.58,0.803,4,Monitor - no action required
ACC_0723,2026-08-01,Low Adoption,27740,-0.037,-0.107,0.467,0.577,3,Customer Success: enablement session and onboarding refresh to lift active seats
ACC_0724,2026-08-01,Expansion Opportunity,126218,0.169,0.291,0.933,1.023,2,Sales: propose seat / tier upgrade before credit overage or seat cap is hit
ACC_0725,2026-08-01,Healthy,339311,-0.128,-0.114,0.82,0.728,4,Monitor - no action required
ACC_0726,2026-08-01,Healthy,41003,-0.157,-0.21,0.516,0.513,4,Monitor - no action required
ACC_0727,2026-08-01,Healthy,4031,-0.17,-0.033,0.533,0.47,4,Monitor - no action required
ACC_0728,2026-08-01,Healthy,18758,-0.238,-0.129,0.972,0.438,4,Monitor - no action required
ACC_0729,2026-08-01,Low Adoption,88580,0.224,1.017,0.446,0.823,3,Customer Success: enablement session and onboarding refresh to lift active seats
ACC_0730,2026-08-01,Healthy,107275,0.156,0.839,0.685,0.611,4,Monitor - no action required
ACC_0731,2026-08-01,Low Adoption,16661,-0.049,-0.15,0.429,0.468,3,Customer Success: enablement session and onboarding refresh to lift active seats
ACC_0732,2026-08-01,Healthy,31685,0.23,0.731,0.548,0.781,4,Monitor - no action required
ACC_0733,2026-08-01,Expansion Opportunity,30769,0.049,0.864,0.677,1.176,2,Sales: propose seat / tier upgrade before credit overage or seat cap is hit
ACC_0734,2026-08-01,Churn Risk,838,-0.5,-0.885,0.071,0.063,1,CSM outreach within 7 days; run adoption health check and executive sponsor call
ACC_0735,2026-08-01,Healthy,253778,0.251,0.982,0.503,0.453,4,Monitor - no action required
ACC_0736,2026-08-01,Low Adoption,130199,0.04,0.05,0.468,0.633,3,Customer Success: enablement session and onboarding refresh to lift active seats
ACC_0737,2026-08-01,Churn Risk,42236,-0.569,-0.874,0.071,0.057,1,CSM outreach within 7 days; run adoption health check and executive sponsor call
ACC_0738,2026-08-01,Healthy,84892,0.254,0.602,0.65,0.402,4,Monitor - no action required
ACC_0739,2026-08-01,Churn Risk,337,-0.501,-0.848,0.083,0.041,1,CSM outreach within 7 days; run adoption health check and executive sponsor call
ACC_0740,2026-08-01,Churn Risk,272,-0.486,-0.832,0.083,0.13,1,CSM outreach within 7 days; run adoption health check and executive sponsor call
ACC_0741,2026-08-01,Healthy,30369,0.327,0.369,0.667,0.663,4,Monitor - no action required
ACC_0742,2026-08-01,Churn Risk,2434,-0.439,-0.877,0.053,0.056,1,CSM outreach within 7 days; run adoption health check and executive sponsor call
ACC_0743,2026-08-01,Healthy,95214,-0.101,-0.07,0.652,0.37,4,Monitor - no action required
ACC_0744,2026-08-01,Healthy,38897,0.222,0.68,0.567,0.488,4,Monitor - no action required
ACC_0745,2026-08-01,Healthy,142223,0.345,0.692,0.725,0.469,4,Monitor - no action required
ACC_0746,2026-08-01,Churn Risk,618,-0.516,-0.882,0.143,0.043,1,CSM outreach within 7 days; run adoption health check and executive sponsor call
ACC_0747,2026-08-01,Healthy,4549,0.073,0.144,1.0,0.555,4,Monitor - no action required
ACC_0748,2026-08-01,Healthy,11351,0.064,-0.041,0.511,0.529,4,Monitor - no action required
ACC_0749,2026-08-01,Churn Risk,1136,-0.502,-0.855,0.037,0.044,1,CSM outreach within 7 days; run adoption health check and executive sponsor call
ACC_0750,2026-08-01,Churn Risk,797,-0.531,-0.881,0.048,0.048,1,CSM outreach within 7 days; run adoption health check and executive sponsor call
ACC_0751,2026-08-01,Healthy,3898,-0.044,-0.017,0.5,0.431,4,Monitor - no action required
ACC_0752,2026-08-01,Low Adoption,6610,-0.07,-0.14,0.4,0.433,3,Customer Success: enablement session and onboarding refresh to lift active seats
ACC_0753,2026-08-01,Churn Risk,609,-0.495,-0.891,0.091,0.058,1,CSM outreach within 7 days; run adoption health check and executive sponsor call
ACC_0754,2026-08-01,Churn Risk,1250,-0.546,-0.876,0.059,0.048,1,CSM outreach within 7 days; run adoption health check and executive sponsor call
ACC_0755,2026-08-01,Healthy,5844,0.126,0.227,0.545,0.504,4,Monitor - no action required
ACC_0756,2026-08-01,Healthy,142010,0.118,0.026,0.545,0.404,4,Monitor - no action required
ACC_0757,2026-08-01,Expansion Opportunity,4943,0.102,0.472,0.826,0.346,2,Sales: propose seat / tier upgrade before credit overage or seat cap is hit
ACC_0758,2026-08-01,Healthy,5220,0.004,-0.255,1.0,0.605,4,Monitor - no action required
ACC_0759,2026-08-01,Healthy,5045,-0.032,-0.009,0.929,0.398,4,Monitor - no action required
ACC_0760,2026-08-01,Churn Risk,23338,-0.48,-0.869,0.078,0.068,1,CSM outreach within 7 days; run adoption health check and executive sponsor call
ACC_0761,2026-08-01,Healthy,38060,0.075,-0.017,0.85,0.539,4,Monitor - no action required
ACC_0762,2026-08-01,Healthy,223501,0.287,0.142,1.0,0.456,4,Monitor - no action required
ACC_0763,2026-08-01,Healthy,6408,-0.011,0.13,0.8,0.653,4,Monitor - no action required
ACC_0764,2026-08-01,Healthy,45350,-0.041,0.116,0.767,0.383,4,Monitor - no action required
ACC_0765,2026-08-01,Low Adoption,101641,0.039,0.012,0.471,0.459,3,Customer Success: enablement session and onboarding refresh to lift active seats
ACC_0766,2026-08-01,Churn Risk,9399,-0.5,-0.864,0.057,0.049,1,CSM outreach within 7 days; run adoption health check and executive sponsor call
ACC_0767,2026-08-01,Healthy,59445,0.103,0.788,0.648,0.864,4,Monitor - no action required
ACC_0768,2026-08-01,Low Adoption,3804,-0.184,-0.167,0.438,0.339,3,Customer Success: enablement session and onboarding refresh to lift active seats
ACC_0769,2026-08-01,Healthy,696314,0.241,0.738,0.566,0.726,4,Monitor - no action required
ACC_0770,2026-08-01,Healthy,38771,-0.281,0.003,0.891,0.673,4,Monitor - no action required
ACC_0771,2026-08-01,Low Adoption,22839,-0.063,0.102,0.44,0.657,3,Customer Success: enablement session and onboarding refresh to lift active seats
ACC_0772,2026-08-01,Expansion Opportunity,70106,0.221,0.553,0.917,1.176,2,Sales: propose seat / tier upgrade before credit overage or seat cap is hit
ACC_0773,2026-08-01,Churn Risk,5546,-0.526,-0.864,0.064,0.091,1,CSM outreach within 7 days; run adoption health check and executive sponsor call
ACC_0774,2026-08-01,Churn Risk,42761,-0.422,-0.856,0.081,0.065,1,CSM outreach within 7 days; run adoption health check and executive sponsor call
ACC_0775,2026-08-01,Churn Risk,3118,-0.443,-0.886,0.069,0.119,1,CSM outreach within 7 days; run adoption health check and executive sponsor call
ACC_0776,2026-08-01,Healthy,256674,0.312,0.758,0.744,0.645,4,Monitor - no action required
ACC_0777,2026-08-01,Low Adoption,5103,-0.012,-0.037,0.444,0.363,3,Customer Success: enablement session and onboarding refresh to lift active seats
ACC_0778,2026-08-01,Healthy,5337,0.202,0.463,0.667,0.526,4,Monitor - no action required
ACC_0779,2026-08-01,Expansion Opportunity,37243,0.038,0.436,1.0,0.513,2,Sales: propose seat / tier upgrade before credit overage or seat cap is hit
ACC_0780,2026-08-01,Churn Risk,651,-0.481,-0.863,0.053,0.09,1,CSM outreach within 7 days; run adoption health check and executive sponsor call
ACC_0781,2026-08-01,Churn Risk,2922,-0.503,-0.853,0.097,0.073,1,CSM outreach within 7 days; run adoption health check and executive sponsor call
ACC_0782,2026-08-01,Expansion Opportunity,32252,0.053,0.28,0.87,0.832,2,Sales: propose seat / tier upgrade before credit overage or seat cap is hit
ACC_0783,2026-08-01,Low Adoption,5664,-0.178,-0.189,0.412,0.34,3,Customer Success: enablement session and onboarding refresh to lift active seats
ACC_0784,2026-08-01,Healthy,5769,0.013,0.369,0.55,0.73,4,Monitor - no action required
ACC_0785,2026-08-01,Low Adoption,2846,-0.248,0.032,0.433,0.334,3,Customer Success: enablement session and onboarding refresh to lift active seats
ACC_0786,2026-08-01,Healthy,56344,0.077,0.01,0.564,1.175,4,Monitor - no action required
ACC_0787,2026-08-01,Healthy,181334,0.108,0.156,0.674,0.476,4,Monitor - no action required
ACC_0788,2026-08-01,Churn Risk,6476,-0.506,-0.886,0.065,0.066,1,CSM outreach within 7 days; run adoption health check and executive sponsor call
ACC_0789,2026-08-01,Churn Risk,543,-0.546,-0.877,0.167,0.106,1,CSM outreach within 7 days; run adoption health check and executive sponsor call
ACC_0790,2026-08-01,Expansion Opportunity,436281,0.049,0.571,1.0,0.556,2,Sales: propose seat / tier upgrade before credit overage or seat cap is hit
ACC_0791,2026-08-01,Healthy,31129,-0.01,-0.106,0.786,0.561,4,Monitor - no action required
ACC_0792,2026-08-01,Healthy,146106,-0.039,-0.076,0.835,0.98,4,Monitor - no action required
ACC_0793,2026-08-01,Churn Risk,26350,-0.462,-0.86,0.08,0.084,1,CSM outreach within 7 days; run adoption health check and executive sponsor call
ACC_0794,2026-08-01,Churn Risk,586,-0.513,-0.874,0.043,0.048,1,CSM outreach within 7 days; run adoption health check and executive sponsor call
ACC_0795,2026-08-01,Churn Risk,40701,-0.557,-0.876,0.107,0.156,1,CSM outreach within 7 days; run adoption health check and executive sponsor call
ACC_0796,2026-08-01,Churn Risk,28703,-0.453,-0.885,0.06,0.081,1,CSM outreach within 7 days; run adoption health check and executive sponsor call
ACC_0797,2026-08-01,Churn Risk,521,-0.493,-0.858,0.125,0.061,1,CSM outreach within 7 days; run adoption health check and executive sponsor call
ACC_0798,2026-08-01,Healthy,4025,-0.266,-0.106,0.545,0.359,4,Monitor - no action required
ACC_0799,2026-08-01,Churn Risk,4785,-0.548,-0.872,0.058,0.056,1,CSM outreach within 7 days; run adoption health check and executive sponsor call
ACC_0800,2026-08-01,Healthy,97870,0.185,-0.092,1.0,0.642,4,Monitor - no action required
ACC_0801,2026-08-01,Healthy,4948,0.214,0.054,0.75,1.0,4,Monitor - no action required
ACC_0802,2026-08-01,Healthy,2859,-0.015,-0.157,0.545,0.4,4,Monitor - no action required
ACC_0803,2026-08-01,Healthy,32336,0.128,0.886,0.693,0.683,4,Monitor - no action required
ACC_0804,2026-08-01,Healthy,27692,0.113,0.188,0.729,0.492,4,Monitor - no action required
ACC_0805,2026-08-01,Expansion Opportunity,29529,0.381,0.693,0.8,0.506,2,Sales: propose seat / tier upgrade before credit overage or seat cap is hit
ACC_0806,2026-08-01,Healthy,17657,-0.137,0.046,0.6,0.548,4,Monitor - no action required
ACC_0807,2026-08-01,Churn Risk,868,-0.443,-0.849,0.143,0.048,1,CSM outreach within 7 days; run adoption health check and executive sponsor call
ACC_0808,2026-08-01,Healthy,191047,-0.119,-0.148,0.771,0.349,4,Monitor - no action required
ACC_0809,2026-08-01,Healthy,10994,-0.022,0.169,0.5,0.616,4,Monitor - no action required
ACC_0810,2026-08-01,Healthy,171296,-0.039,0.024,0.676,0.407,4,Monitor - no action required
ACC_0811,2026-08-01,Expansion Opportunity,8669,0.143,0.585,0.857,0.568,2,Sales: propose seat / tier upgrade before credit overage or seat cap is hit
ACC_0812,2026-08-01,Healthy,3456,-0.254,-0.298,0.571,0.821,4,Monitor - no action required
ACC_0813,2026-08-01,Healthy,219483,-0.001,-0.228,0.713,0.621,4,Monitor - no action required
ACC_0814,2026-08-01,Healthy,76663,0.006,-0.131,0.981,0.376,4,Monitor - no action required
ACC_0815,2026-08-01,Healthy,3711,-0.046,-0.088,1.0,0.487,4,Monitor - no action required
ACC_0816,2026-08-01,Churn Risk,877,-0.516,-0.885,0.25,0.071,1,CSM outreach within 7 days; run adoption health check and executive sponsor call
ACC_0817,2026-08-01,Healthy,327241,-0.057,-0.014,0.841,0.314,4,Monitor - no action required
ACC_0818,2026-08-01,Churn Risk,1186,-0.524,-0.859,0.048,0.095,1,CSM outreach within 7 days; run adoption health check and executive sponsor call
ACC_0819,2026-08-01,Healthy,10300,0.083,0.749,0.571,0.547,4,Monitor - no action required
ACC_0820,2026-08-01,Churn Risk,546,-0.432,-0.868,0.333,0.051,1,CSM outreach within 7 days; run adoption health check and executive sponsor call
ACC_0821,2026-08-01,Healthy,24661,-0.036,0.026,0.711,0.836,4,Monitor - no action required
ACC_0822,2026-08-01,Churn Risk,1115,-0.465,-0.865,0.059,0.055,1,CSM outreach within 7 days; run adoption health check and executive sponsor call
ACC_0823,2026-08-01,Low Adoption,11195,0.141,0.765,0.48,0.545,3,Customer Success: enablement session and onboarding refresh to lift active seats
ACC_0824,2026-08-01,Healthy,141580,0.083,0.097,0.589,0.563,4,Monitor - no action required
ACC_0825,2026-08-01,Churn Risk,3757,-0.552,-0.885,0.115,0.061,1,CSM outreach within 7 days; run adoption health check and executive sponsor call
ACC_0826,2026-08-01,Churn Risk,2018,-0.459,-0.851,0.103,0.136,1,CSM outreach within 7 days; run adoption health check and executive sponsor call
ACC_0827,2026-08-01,Churn Risk,562,-0.486,-0.866,0.2,0.057,1,CSM outreach within 7 days; run adoption health check and executive sponsor call
ACC_0828,2026-08-01,Healthy,260247,-0.16,-0.051,0.903,1.116,4,Monitor - no action required
ACC_0829,2026-08-01,Expansion Opportunity,9301,0.234,0.576,1.0,0.712,2,Sales: propose seat / tier upgrade before credit overage or seat cap is hit
ACC_0830,2026-08-01,Healthy,87849,-0.106,-0.013,0.574,0.364,4,Monitor - no action required
ACC_0831,2026-08-01,Healthy,23289,-0.046,-0.047,0.608,0.504,4,Monitor - no action required
ACC_0832,2026-08-01,Healthy,31877,0.103,0.135,0.646,0.589,4,Monitor - no action required
ACC_0833,2026-08-01,Healthy,530417,0.165,0.531,0.684,0.749,4,Monitor - no action required
ACC_0834,2026-08-01,Low Adoption,237550,0.208,0.175,0.472,0.519,3,Customer Success: enablement session and onboarding refresh to lift active seats
ACC_0835,2026-08-01,Churn Risk,490,-0.511,-0.859,0.083,0.131,1,CSM outreach within 7 days; run adoption health check and executive sponsor call
ACC_0836,2026-08-01,Healthy,2651,0.072,0.18,0.556,0.564,4,Monitor - no action required
ACC_0837,2026-08-01,Healthy,4847,-0.3,-0.346,0.833,0.379,4,Monitor - no action required
ACC_0838,2026-08-01,Healthy,215822,0.148,0.019,0.665,1.176,4,Monitor - no action required
ACC_0839,2026-08-01,Low Adoption,3635,-0.17,-0.019,0.455,0.292,3,Customer Success: enablement session and onboarding refresh to lift active seats
ACC_0840,2026-08-01,Healthy,5777,-0.02,0.014,0.818,0.527,4,Monitor - no action required
ACC_0841,2026-08-01,Healthy,16487,0.188,0.017,0.8,0.442,4,Monitor - no action required
ACC_0842,2026-08-01,Churn Risk,44335,-0.477,-0.851,0.113,0.087,1,CSM outreach within 7 days; run adoption health check and executive sponsor call
ACC_0843,2026-08-01,Low Adoption,46378,0.062,-0.121,0.479,0.365,3,Customer Success: enablement session and onboarding refresh to lift active seats
ACC_0844,2026-08-01,Healthy,112551,0.084,0.109,1.0,0.367,4,Monitor - no action required
ACC_0845,2026-08-01,Low Adoption,6371,-0.009,-0.288,0.4,0.324,3,Customer Success: enablement session and onboarding refresh to lift active seats
ACC_0846,2026-08-01,Healthy,23286,0.039,-0.061,0.594,0.469,4,Monitor - no action required
ACC_0847,2026-08-01,Healthy,132203,0.14,0.062,0.512,0.427,4,Monitor - no action required
ACC_0848,2026-08-01,Expansion Opportunity,7975,0.161,0.643,0.7,1.177,2,Sales: propose seat / tier upgrade before credit overage or seat cap is hit
ACC_0849,2026-08-01,Churn Risk,570,-0.528,-0.867,0.071,0.069,1,CSM outreach within 7 days; run adoption health check and executive sponsor call
ACC_0850,2026-08-01,Healthy,7760,0.157,0.121,1.0,0.59,4,Monitor - no action required
ACC_0851,2026-08-01,Expansion Opportunity,609028,0.257,0.85,0.66,1.176,2,Sales: propose seat / tier upgrade before credit overage or seat cap is hit
ACC_0852,2026-08-01,Low Adoption,187889,0.079,0.128,0.394,0.586,3,Customer Success: enablement session and onboarding refresh to lift active seats
ACC_0853,2026-08-01,Healthy,4573,0.172,0.664,0.667,0.725,4,Monitor - no action required
ACC_0854,2026-08-01,Healthy,4526,0.031,-0.095,0.667,0.563,4,Monitor - no action required
ACC_0855,2026-08-01,Churn Risk,18458,-0.434,-0.87,0.081,0.047,1,CSM outreach within 7 days; run adoption health check and executive sponsor call
ACC_0856,2026-08-01,Healthy,38602,-0.017,-0.133,0.881,0.62,4,Monitor - no action required
ACC_0857,2026-08-01,Churn Risk,5694,-0.565,-0.881,0.072,0.048,1,CSM outreach within 7 days; run adoption health check and executive sponsor call
ACC_0858,2026-08-01,Churn Risk,490,-0.506,-0.901,0.059,0.036,1,CSM outreach within 7 days; run adoption health check and executive sponsor call
ACC_0859,2026-08-01,Churn Risk,570,-0.477,-0.876,0.111,0.038,1,CSM outreach within 7 days; run adoption health check and executive sponsor call
ACC_0860,2026-08-01,Low Adoption,33341,-0.064,-0.048,0.483,0.465,3,Customer Success: enablement session and onboarding refresh to lift active seats
ACC_0861,2026-08-01,Healthy,6781,0.092,-0.086,0.667,0.578,4,Monitor - no action required
ACC_0862,2026-08-01,Healthy,46526,0.244,0.106,0.7,0.475,4,Monitor - no action required
ACC_0863,2026-08-01,Healthy,71331,-0.154,-0.128,0.658,0.476,4,Monitor - no action required
ACC_0864,2026-08-01,Healthy,46195,0.204,1.083,0.797,0.438,4,Monitor - no action required
ACC_0865,2026-08-01,Healthy,227315,-0.149,0.126,0.749,1.051,4,Monitor - no action required
ACC_0866,2026-08-01,Healthy,206174,0.222,0.874,0.602,0.781,4,Monitor - no action required
ACC_0867,2026-08-01,Churn Risk,727,-0.559,-0.858,0.077,0.059,1,CSM outreach within 7 days; run adoption health check and executive sponsor call
ACC_0868,2026-08-01,Healthy,5635,-0.102,-0.182,0.5,0.494,4,Monitor - no action required
ACC_0869,2026-08-01,Churn Risk,776,-0.536,-0.878,0.059,0.049,1,CSM outreach within 7 days; run adoption health check and executive sponsor call
ACC_0870,2026-08-01,Healthy,8401,0.11,0.583,0.667,0.806,4,Monitor - no action required
ACC_0871,2026-08-01,Healthy,30232,0.223,0.185,0.571,0.826,4,Monitor - no action required
ACC_0872,2026-08-01,Healthy,17908,-0.259,0.0,0.732,0.403,4,Monitor - no action required
ACC_0873,2026-08-01,Low Adoption,2949,0.115,-0.126,0.476,0.436,3,Customer Success: enablement session and onboarding refresh to lift active seats
ACC_0874,2026-08-01,Healthy,23040,-0.113,-0.091,0.674,0.524,4,Monitor - no action required
ACC_0875,2026-08-01,Healthy,22005,-0.068,0.108,0.75,0.722,4,Monitor - no action required
ACC_0876,2026-08-01,Healthy,194517,0.253,1.021,0.63,0.327,4,Monitor - no action required
ACC_0877,2026-08-01,Low Adoption,7698,-0.076,0.182,0.429,0.491,3,Customer Success: enablement session and onboarding refresh to lift active seats
ACC_0878,2026-08-01,Healthy,271559,-0.097,0.054,0.858,0.378,4,Monitor - no action required
ACC_0879,2026-08-01,Healthy,192744,0.113,-0.16,0.529,0.382,4,Monitor - no action required
ACC_0880,2026-08-01,Churn Risk,32930,-0.513,-0.858,0.114,0.109,1,CSM outreach within 7 days; run adoption health check and executive sponsor call
ACC_0881,2026-08-01,Expansion Opportunity,57467,0.197,0.479,0.926,0.548,2,Sales: propose seat / tier upgrade before credit overage or seat cap is hit
ACC_0882,2026-08-01,Healthy,245238,-0.155,-0.025,0.534,0.867,4,Monitor - no action required
ACC_0883,2026-08-01,Churn Risk,1448,-0.498,-0.868,0.053,0.048,1,CSM outreach within 7 days; run adoption health check and executive sponsor call
ACC_0884,2026-08-01,Churn Risk,969,-0.537,-0.896,0.2,0.043,1,CSM outreach within 7 days; run adoption health check and executive sponsor call
ACC_0885,2026-08-01,Healthy,43751,-0.104,-0.129,0.75,0.314,4,Monitor - no action required
ACC_0886,2026-08-01,Healthy,168800,0.138,0.321,0.672,0.47,4,Monitor - no action required
ACC_0887,2026-08-01,Healthy,7426,-0.265,-0.006,0.636,0.366,4,Monitor - no action required
ACC_0888,2026-08-01,Healthy,27948,0.192,-0.111,0.723,0.48,4,Monitor - no action required
ACC_0889,2026-08-01,Churn Risk,40970,-0.492,-0.89,0.063,0.059,1,CSM outreach within 7 days; run adoption health check and executive sponsor call
ACC_0890,2026-08-01,Healthy,10662,0.205,0.899,0.684,0.802,4,Monitor - no action required
ACC_0891,2026-08-01,Healthy,734007,0.267,0.664,0.634,0.481,4,Monitor - no action required
ACC_0892,2026-08-01,Churn Risk,13640,-0.513,-0.883,0.069,0.073,1,CSM outreach within 7 days; run adoption health check and executive sponsor call
ACC_0893,2026-08-01,Healthy,15387,-0.025,-0.034,0.588,0.375,4,Monitor - no action required
ACC_0894,2026-08-01,Churn Risk,4845,-0.51,-0.859,0.092,0.082,1,CSM outreach within 7 days; run adoption health check and executive sponsor call
ACC_0895,2026-08-01,Churn Risk,984,-0.567,-0.895,0.056,0.056,1,CSM outreach within 7 days; run adoption health check and executive sponsor call
ACC_0896,2026-08-01,Low Adoption,361730,0.008,-0.029,0.385,0.606,3,Customer Success: enablement session and onboarding refresh to lift active seats
ACC_0897,2026-08-01,Healthy,40205,0.196,0.501,0.6,0.463,4,Monitor - no action required
ACC_0898,2026-08-01,Churn Risk,17367,-0.52,-0.88,0.075,0.066,1,CSM outreach within 7 days; run adoption health check and executive sponsor call
ACC_0899,2026-08-01,Healthy,30185,0.094,-0.183,0.641,0.609,4,Monitor - no action required
ACC_0900,2026-08-01,Healthy,130993,0.089,-0.036,0.715,1.113,4,Monitor - no action required
ACC_0901,2026-08-01,Healthy,57582,-0.052,0.144,0.576,0.463,4,Monitor - no action required
ACC_0902,2026-08-01,Churn Risk,43670,-0.459,-0.862,0.071,0.106,1,CSM outreach within 7 days; run adoption health check and executive sponsor call
ACC_0903,2026-08-01,Expansion Opportunity,11241,0.326,0.931,0.95,0.438,2,Sales: propose seat / tier upgrade before credit overage or seat cap is hit
ACC_0904,2026-08-01,Churn Risk,4169,-0.513,-0.867,0.071,0.06,1,CSM outreach within 7 days; run adoption health check and executive sponsor call
ACC_0905,2026-08-01,Churn Risk,586,-0.419,-0.879,0.125,0.055,1,CSM outreach within 7 days; run adoption health check and executive sponsor call
ACC_0906,2026-08-01,Expansion Opportunity,88825,0.18,0.654,1.0,0.764,2,Sales: propose seat / tier upgrade before credit overage or seat cap is hit
ACC_0907,2026-08-01,Healthy,5590,-0.229,-0.234,1.0,0.699,4,Monitor - no action required
ACC_0908,2026-08-01,Churn Risk,1104,-0.514,-0.865,0.333,0.121,1,CSM outreach within 7 days; run adoption health check and executive sponsor call
ACC_0909,2026-08-01,Churn Risk,24511,-0.517,-0.878,0.112,0.07,1,CSM outreach within 7 days; run adoption health check and executive sponsor call
ACC_0910,2026-08-01,Healthy,448085,0.222,0.907,0.705,0.442,4,Monitor - no action required
ACC_0911,2026-08-01,Low Adoption,8334,0.215,-0.083,0.429,0.644,3,Customer Success: enablement session and onboarding refresh to lift active seats
ACC_0912,2026-08-01,Healthy,64640,0.118,0.565,0.729,0.509,4,Monitor - no action required
ACC_0913,2026-08-01,Healthy,16466,0.067,0.189,0.771,0.58,4,Monitor - no action required
ACC_0914,2026-08-01,Healthy,139847,-0.26,-0.249,0.812,0.341,4,Monitor - no action required
ACC_0915,2026-08-01,Churn Risk,668,-0.542,-0.89,0.083,0.041,1,CSM outreach within 7 days; run adoption health check and executive sponsor call
ACC_0916,2026-08-01,Healthy,318421,-0.012,-0.026,0.602,1.082,4,Monitor - no action required
ACC_0917,2026-08-01,Churn Risk,38314,-0.443,-0.848,0.096,0.103,1,CSM outreach within 7 days; run adoption health check and executive sponsor call
ACC_0918,2026-08-01,Healthy,4623,-0.059,-0.084,1.0,0.366,4,Monitor - no action required
ACC_0919,2026-08-01,Low Adoption,105630,-0.023,0.109,0.444,0.882,3,Customer Success: enablement session and onboarding refresh to lift active seats
ACC_0920,2026-08-01,Healthy,19850,0.185,0.087,0.543,0.434,4,Monitor - no action required
ACC_0921,2026-08-01,Healthy,19814,-0.013,-0.201,0.821,0.359,4,Monitor - no action required
ACC_0922,2026-08-01,Churn Risk,39079,-0.436,-0.873,0.071,0.058,1,CSM outreach within 7 days; run adoption health check and executive sponsor call
ACC_0923,2026-08-01,Healthy,8936,0.028,-0.217,1.0,0.388,4,Monitor - no action required
ACC_0924,2026-08-01,Healthy,169957,-0.061,-0.089,0.675,1.065,4,Monitor - no action required
ACC_0925,2026-08-01,Healthy,32731,-0.082,-0.128,0.568,0.615,4,Monitor - no action required
ACC_0926,2026-08-01,Healthy,20640,0.302,-0.072,0.66,0.54,4,Monitor - no action required
ACC_0927,2026-08-01,Low Adoption,219511,0.11,0.135,0.466,0.687,3,Customer Success: enablement session and onboarding refresh to lift active seats
ACC_0928,2026-08-01,Healthy,86423,0.063,-0.198,0.604,0.574,4,Monitor - no action required
ACC_0929,2026-08-01,Healthy,26446,-0.166,-0.205,0.708,0.569,4,Monitor - no action required
ACC_0930,2026-08-01,Healthy,4339,0.057,-0.035,0.8,0.394,4,Monitor - no action required
ACC_0931,2026-08-01,Healthy,65210,0.191,0.656,0.739,0.376,4,Monitor - no action required
ACC_0932,2026-08-01,Low Adoption,123243,0.04,0.011,0.487,0.774,3,Customer Success: enablement session and onboarding refresh to lift active seats
ACC_0933,2026-08-01,Healthy,349732,0.221,0.72,0.518,0.677,4,Monitor - no action required
ACC_0934,2026-08-01,Healthy,22840,-0.041,-0.076,0.567,0.667,4,Monitor - no action required
ACC_0935,2026-08-01,Churn Risk,8990,-0.527,-0.875,0.068,0.062,1,CSM outreach within 7 days; run adoption health check and executive sponsor call
ACC_0936,2026-08-01,Healthy,31464,0.18,0.148,0.605,0.442,4,Monitor - no action required
ACC_0937,2026-08-01,Healthy,270368,0.168,1.044,0.529,0.294,4,Monitor - no action required
ACC_0938,2026-08-01,Healthy,85441,-0.204,-0.009,0.559,0.702,4,Monitor - no action required
ACC_0939,2026-08-01,Healthy,321729,0.212,0.882,0.568,0.623,4,Monitor - no action required
ACC_0940,2026-08-01,Healthy,26246,-0.032,-0.07,0.537,0.506,4,Monitor - no action required
ACC_0941,2026-08-01,Expansion Opportunity,74185,0.067,0.534,0.551,1.176,2,Sales: propose seat / tier upgrade before credit overage or seat cap is hit
ACC_0942,2026-08-01,Healthy,224016,0.211,0.131,0.512,0.454,4,Monitor - no action required
ACC_0943,2026-08-01,Healthy,6437,0.065,0.085,0.588,0.671,4,Monitor - no action required
ACC_0944,2026-08-01,Churn Risk,406,-0.563,-0.89,0.091,0.129,1,CSM outreach within 7 days; run adoption health check and executive sponsor call
ACC_0945,2026-08-01,Churn Risk,4743,-0.467,-0.874,0.084,0.071,1,CSM outreach within 7 days; run adoption health check and executive sponsor call
ACC_0946,2026-08-01,Expansion Opportunity,203274,0.299,0.509,1.0,0.663,2,Sales: propose seat / tier upgrade before credit overage or seat cap is hit
ACC_0947,2026-08-01,Expansion Opportunity,177096,0.226,0.753,0.55,1.121,2,Sales: propose seat / tier upgrade before credit overage or seat cap is hit
ACC_0948,2026-08-01,Healthy,5348,-0.129,0.037,0.591,0.471,4,Monitor - no action required
ACC_0949,2026-08-01,Churn Risk,14168,-0.55,-0.882,0.07,0.053,1,CSM outreach within 7 days; run adoption health check and executive sponsor call
ACC_0950,2026-08-01,Expansion Opportunity,12065,0.132,0.564,1.0,0.736,2,Sales: propose seat / tier upgrade before credit overage or seat cap is hit
ACC_0951,2026-08-01,Healthy,13026,-0.074,-0.071,0.598,0.599,4,Monitor - no action required
ACC_0952,2026-08-01,Churn Risk,428,-0.505,-0.873,0.1,0.056,1,CSM outreach within 7 days; run adoption health check and executive sponsor call
ACC_0953,2026-08-01,Healthy,2996,0.181,0.159,0.667,0.505,4,Monitor - no action required
ACC_0954,2026-08-01,Healthy,8551,0.23,0.138,0.889,1.1,4,Monitor - no action required
ACC_0955,2026-08-01,Healthy,9428,0.156,0.16,0.667,0.486,4,Monitor - no action required
ACC_0956,2026-08-01,Healthy,4619,0.054,-0.07,0.5,0.498,4,Monitor - no action required
ACC_0957,2026-08-01,Churn Risk,3474,-0.439,-0.884,0.092,0.071,1,CSM outreach within 7 days; run adoption health check and executive sponsor call
ACC_0958,2026-08-01,Expansion Opportunity,25975,0.087,0.469,0.766,1.176,2,Sales: propose seat / tier upgrade before credit overage or seat cap is hit
ACC_0959,2026-08-01,Expansion Opportunity,7821,0.093,0.3,1.0,0.746,2,Sales: propose seat / tier upgrade before credit overage or seat cap is hit
ACC_0960,2026-08-01,Healthy,4790,0.08,0.078,0.538,0.831,4,Monitor - no action required
ACC_0961,2026-08-01,Churn Risk,18104,-0.489,-0.839,0.086,0.06,1,CSM outreach within 7 days; run adoption health check and executive sponsor call
ACC_0962,2026-08-01,Low Adoption,79589,-0.181,0.001,0.486,0.876,3,Customer Success: enablement session and onboarding refresh to lift active seats
ACC_0963,2026-08-01,Churn Risk,4138,-0.55,-0.874,0.046,0.057,1,CSM outreach within 7 days; run adoption health check and executive sponsor call
ACC_0964,2026-08-01,Expansion Opportunity,7877,0.23,0.582,0.636,1.176,2,Sales: propose seat / tier upgrade before credit overage or seat cap is hit
ACC_0965,2026-08-01,Healthy,9028,-0.144,-0.083,0.692,0.883,4,Monitor - no action required
ACC_0966,2026-08-01,Healthy,241736,-0.158,0.002,0.528,0.497,4,Monitor - no action required
ACC_0967,2026-08-01,Healthy,7269,-0.146,0.027,0.6,0.377,4,Monitor - no action required
ACC_0968,2026-08-01,Healthy,6621,0.17,-0.007,0.5,0.523,4,Monitor - no action required
ACC_0969,2026-08-01,Healthy,45395,-0.005,0.079,0.523,1.176,4,Monitor - no action required
ACC_0970,2026-08-01,Healthy,4364,-0.048,-0.218,0.615,0.765,4,Monitor - no action required
ACC_0971,2026-08-01,Healthy,3274,-0.116,-0.03,0.571,0.531,4,Monitor - no action required
ACC_0972,2026-08-01,Healthy,45459,0.068,0.479,0.654,0.576,4,Monitor - no action required
ACC_0973,2026-08-01,Healthy,322828,0.32,0.891,0.73,0.681,4,Monitor - no action required
ACC_0974,2026-08-01,Healthy,8771,0.14,-0.009,0.627,1.098,4,Monitor - no action required
ACC_0975,2026-08-01,Healthy,5306,0.003,0.129,0.5,0.345,4,Monitor - no action required
ACC_0976,2026-08-01,Healthy,7875,0.012,0.178,0.75,0.573,4,Monitor - no action required
ACC_0977,2026-08-01,Healthy,127597,-0.117,-0.168,0.831,0.816,4,Monitor - no action required
ACC_0978,2026-08-01,Low Adoption,25499,0.016,-0.074,0.385,0.408,3,Customer Success: enablement session and onboarding refresh to lift active seats
ACC_0979,2026-08-01,Healthy,4352,0.112,-0.011,0.5,1.136,4,Monitor - no action required
ACC_0980,2026-08-01,Healthy,279622,0.176,0.085,0.57,0.952,4,Monitor - no action required
ACC_0981,2026-08-01,Churn Risk,251,-0.424,-0.854,0.2,0.056,1,CSM outreach within 7 days; run adoption health check and executive sponsor call
ACC_0982,2026-08-01,Healthy,93364,-0.134,-0.097,0.537,0.363,4,Monitor - no action required
ACC_0983,2026-08-01,Low Adoption,197404,0.07,-0.024,0.484,0.405,3,Customer Success: enablement session and onboarding refresh to lift active seats
ACC_0984,2026-08-01,Churn Risk,2994,-0.481,-0.858,0.078,0.115,1,CSM outreach within 7 days; run adoption health check and executive sponsor call
ACC_0985,2026-08-01,Healthy,31290,-0.06,-0.155,0.536,0.359,4,Monitor - no action required
ACC_0986,2026-08-01,Churn Risk,4522,-0.488,-0.842,0.063,0.073,1,CSM outreach within 7 days; run adoption health check and executive sponsor call
ACC_0987,2026-08-01,Low Adoption,5973,0.288,0.708,0.444,0.488,3,Customer Success: enablement session and onboarding refresh to lift active seats
ACC_0988,2026-08-01,Low Adoption,186057,0.286,0.27,0.424,0.625,3,Customer Success: enablement session and onboarding refresh to lift active seats
ACC_0989,2026-08-01,Healthy,6715,0.254,0.025,0.9,0.501,4,Monitor - no action required
ACC_0990,2026-08-01,Healthy,250411,0.191,0.788,0.518,0.527,4,Monitor - no action required
ACC_0991,2026-08-01,Healthy,5297,0.08,-0.051,0.667,0.506,4,Monitor - no action required
ACC_0992,2026-08-01,Healthy,29124,0.159,0.662,0.656,0.654,4,Monitor - no action required
ACC_0993,2026-08-01,Low Adoption,366994,0.124,0.25,0.456,0.501,3,Customer Success: enablement session and onboarding refresh to lift active seats
ACC_0994,2026-08-01,Churn Risk,26899,-0.517,-0.88,0.085,0.043,1,CSM outreach within 7 days; run adoption health check and executive sponsor call
ACC_0995,2026-08-01,Healthy,662746,0.102,0.716,0.609,0.51,4,Monitor - no action required
ACC_0996,2026-08-01,Healthy,29267,0.056,-0.031,0.655,0.419,4,Monitor - no action required
ACC_0997,2026-08-01,Healthy,195492,0.215,0.201,0.54,0.55,4,Monitor - no action required
ACC_0998,2026-08-01,Expansion Opportunity,137615,0.175,0.852,0.805,0.387,2,Sales: propose seat / tier upgrade before credit overage or seat cap is hit
ACC_0999,2026-08-01,Healthy,503307,0.314,0.751,0.578,0.774,4,Monitor - no action required
ACC_1000,2026-08-01,Healthy,20957,0.129,0.247,0.867,0.41,4,Monitor - no action required
