account_id,account_name,usage_month,active_seats,total_api_calls,credits_consumed,global_region,industry_vertical,contract_tier,total_licensed_seats,monthly_credit_allowance,annual_contract_value,firmographic_source
ACC_0001,BizCorp_0001,2026-03-01,92,71897,64438,APAC,Manufacturing,Enterprise,158,113112,85320,Reference sample
ACC_0001,BizCorp_0001,2026-04-01,94,67200,60129,APAC,Manufacturing,Enterprise,158,113112,85320,Reference sample
ACC_0001,BizCorp_0001,2026-05-01,95,72055,55593,APAC,Manufacturing,Enterprise,158,113112,85320,Reference sample
ACC_0001,BizCorp_0001,2026-06-01,99,59421,50328,APAC,Manufacturing,Enterprise,158,113112,85320,Reference sample
ACC_0001,BizCorp_0001,2026-07-01,86,75540,59707,APAC,Manufacturing,Enterprise,158,113112,85320,Reference sample
ACC_0001,BizCorp_0001,2026-08-01,100,82262,67016,APAC,Manufacturing,Enterprise,158,113112,85320,Reference sample
ACC_0002,BizCorp_0002,2026-03-01,7,4873,3858,APAC,Financial Services,Standard,12,7286,11520,Reference sample
ACC_0002,BizCorp_0002,2026-04-01,8,4184,3338,APAC,Financial Services,Standard,12,7286,11520,Reference sample
ACC_0002,BizCorp_0002,2026-05-01,8,4389,3743,APAC,Financial Services,Standard,12,7286,11520,Reference sample
ACC_0002,BizCorp_0002,2026-06-01,7,3806,3090,APAC,Financial Services,Standard,12,7286,11520,Reference sample
ACC_0002,BizCorp_0002,2026-07-01,7,4124,3362,APAC,Financial Services,Standard,12,7286,11520,Reference sample
ACC_0002,BizCorp_0002,2026-08-01,8,4188,3565,APAC,Financial Services,Standard,12,7286,11520,Reference sample
ACC_0003,BizCorp_0003,2026-03-01,186,187020,150300,AMER,Retail,Enterprise,480,385929,259200,Reference sample
ACC_0003,BizCorp_0003,2026-04-01,185,165862,145812,AMER,Retail,Enterprise,480,385929,259200,Reference sample
ACC_0003,BizCorp_0003,2026-05-01,218,162728,136585,AMER,Retail,Enterprise,480,385929,259200,Reference sample
ACC_0003,BizCorp_0003,2026-06-01,212,168566,150297,AMER,Retail,Enterprise,480,385929,259200,Reference sample
ACC_0003,BizCorp_0003,2026-07-01,197,201760,159181,AMER,Retail,Enterprise,480,385929,259200,Reference sample
ACC_0003,BizCorp_0003,2026-08-01,204,181658,152641,AMER,Retail,Enterprise,480,385929,259200,Reference sample
ACC_0004,BizCorp_0004,2026-03-01,20,7984,6729,AMER,Technology,Premium,25,21952,18000,Reference sample
ACC_0004,BizCorp_0004,2026-04-01,19,9378,7466,AMER,Technology,Premium,25,21952,18000,Reference sample
ACC_0004,BizCorp_0004,2026-05-01,21,7947,7004,AMER,Technology,Premium,25,21952,18000,Reference sample
ACC_0004,BizCorp_0004,2026-06-01,20,7185,5835,AMER,Technology,Premium,25,21952,18000,Reference sample
ACC_0004,BizCorp_0004,2026-07-01,20,8000,6269,AMER,Technology,Premium,25,21952,18000,Reference sample
ACC_0004,BizCorp_0004,2026-08-01,19,8471,6840,AMER,Technology,Premium,25,21952,18000,Reference sample
ACC_0005,BizCorp_0005,2026-03-01,2,10807,9592,AMER,Logistics,Standard,5,14195,4800,Reference sample
ACC_0005,BizCorp_0005,2026-04-01,2,12888,10313,AMER,Logistics,Standard,5,14195,4800,Reference sample
ACC_0005,BizCorp_0005,2026-05-01,2,13124,10317,AMER,Logistics,Standard,5,14195,4800,Reference sample
ACC_0005,BizCorp_0005,2026-06-01,2,13492,11001,AMER,Logistics,Standard,5,14195,4800,Reference sample
ACC_0005,BizCorp_0005,2026-07-01,2,11687,10092,AMER,Logistics,Standard,5,14195,4800,Reference sample
ACC_0005,BizCorp_0005,2026-08-01,2,13263,10232,AMER,Logistics,Standard,5,14195,4800,Reference sample
ACC_0006,BizCorp_0006,2026-03-01,266,230719,197121,EMEA,Technology,Enterprise,460,385706,248400,Reference sample
ACC_0006,BizCorp_0006,2026-04-01,275,280672,227554,EMEA,Technology,Enterprise,460,385706,248400,Reference sample
ACC_0006,BizCorp_0006,2026-05-01,272,303626,239401,EMEA,Technology,Enterprise,460,385706,248400,Reference sample
ACC_0006,BizCorp_0006,2026-06-01,264,310429,246048,EMEA,Technology,Enterprise,460,385706,248400,Reference sample
ACC_0006,BizCorp_0006,2026-07-01,277,215759,191096,EMEA,Technology,Enterprise,460,385706,248400,Reference sample
ACC_0006,BizCorp_0006,2026-08-01,286,253470,202770,EMEA,Technology,Enterprise,460,385706,248400,Reference sample
ACC_0007,BizCorp_0007,2026-03-01,70,23929,19039,AMER,Technology,Premium,96,38231,69120,Reference sample
ACC_0007,BizCorp_0007,2026-04-01,71,26000,22190,AMER,Technology,Premium,96,38231,69120,Reference sample
ACC_0007,BizCorp_0007,2026-05-01,75,28015,22683,AMER,Technology,Premium,96,38231,69120,Reference sample
ACC_0007,BizCorp_0007,2026-06-01,77,24720,20107,AMER,Technology,Premium,96,38231,69120,Reference sample
ACC_0007,BizCorp_0007,2026-07-01,74,27694,21991,AMER,Technology,Premium,96,38231,69120,Reference sample
ACC_0007,BizCorp_0007,2026-08-01,79,25724,23188,AMER,Technology,Premium,96,38231,69120,Reference sample
ACC_0008,BizCorp_0008,2026-03-01,192,217112,179369,EMEA,Technology,Enterprise,317,278389,171180,Reference sample
ACC_0008,BizCorp_0008,2026-04-01,158,215288,175873,EMEA,Technology,Enterprise,317,278389,171180,Reference sample
ACC_0008,BizCorp_0008,2026-05-01,185,267319,211153,EMEA,Technology,Enterprise,317,278389,171180,Reference sample
ACC_0008,BizCorp_0008,2026-06-01,211,292440,228060,EMEA,Technology,Enterprise,317,278389,171180,Reference sample
ACC_0008,BizCorp_0008,2026-07-01,253,339607,273673,EMEA,Technology,Enterprise,317,278389,171180,Reference sample
ACC_0008,BizCorp_0008,2026-08-01,304,403785,328407,EMEA,Technology,Enterprise,317,278389,171180,Reference sample
ACC_0009,BizCorp_0009,2026-03-01,10,5110,4133,AMER,Healthcare,Standard,15,6674,14400,Reference sample
ACC_0009,BizCorp_0009,2026-04-01,9,4965,4128,AMER,Healthcare,Standard,15,6674,14400,Reference sample
ACC_0009,BizCorp_0009,2026-05-01,10,5424,4478,AMER,Healthcare,Standard,15,6674,14400,Reference sample
ACC_0009,BizCorp_0009,2026-06-01,9,5399,4691,AMER,Healthcare,Standard,15,6674,14400,Reference sample
ACC_0009,BizCorp_0009,2026-07-01,10,5500,4864,AMER,Healthcare,Standard,15,6674,14400,Reference sample
ACC_0009,BizCorp_0009,2026-08-01,9,4809,4332,AMER,Healthcare,Standard,15,6674,14400,Reference sample
ACC_0010,BizCorp_0010,2026-03-01,9,7104,6106,APAC,Manufacturing,Standard,16,10635,15360,Reference sample
ACC_0010,BizCorp_0010,2026-04-01,9,5671,5093,APAC,Manufacturing,Standard,16,10635,15360,Reference sample
ACC_0010,BizCorp_0010,2026-05-01,9,6621,5484,APAC,Manufacturing,Standard,16,10635,15360,Reference sample
ACC_0010,BizCorp_0010,2026-06-01,4,3146,2813,APAC,Manufacturing,Standard,16,10635,15360,Reference sample
ACC_0010,BizCorp_0010,2026-07-01,2,1608,1406,APAC,Manufacturing,Standard,16,10635,15360,Reference sample
ACC_0010,BizCorp_0010,2026-08-01,1,803,703,APAC,Manufacturing,Standard,16,10635,15360,Reference sample
ACC_0011,BizCorp_0011,2026-03-01,11,7119,5958,AMER,Healthcare,Standard,19,13785,18240,Reference sample
ACC_0011,BizCorp_0011,2026-04-01,10,7611,6189,AMER,Healthcare,Standard,19,13785,18240,Reference sample
ACC_0011,BizCorp_0011,2026-05-01,9,6300,5488,AMER,Healthcare,Standard,19,13785,18240,Reference sample
ACC_0011,BizCorp_0011,2026-06-01,5,3534,2877,AMER,Healthcare,Standard,19,13785,18240,Reference sample
ACC_0011,BizCorp_0011,2026-07-01,2,1845,1438,AMER,Healthcare,Standard,19,13785,18240,Reference sample
ACC_0011,BizCorp_0011,2026-08-01,1,825,719,AMER,Healthcare,Standard,19,13785,18240,Reference sample
ACC_0012,BizCorp_0012,2026-03-01,10,6243,5304,APAC,Technology,Standard,14,10925,13440,Reference sample
ACC_0012,BizCorp_0012,2026-04-01,9,5609,4375,APAC,Technology,Standard,14,10925,13440,Reference sample
ACC_0012,BizCorp_0012,2026-05-01,10,5677,4504,APAC,Technology,Standard,14,10925,13440,Reference sample
ACC_0012,BizCorp_0012,2026-06-01,9,5168,4039,APAC,Technology,Standard,14,10925,13440,Reference sample
ACC_0012,BizCorp_0012,2026-07-01,8,6060,4699,APAC,Technology,Standard,14,10925,13440,Reference sample
ACC_0012,BizCorp_0012,2026-08-01,8,6424,5320,APAC,Technology,Standard,14,10925,13440,Reference sample
ACC_0013,BizCorp_0013,2026-03-01,90,53889,43562,APAC,Technology,Enterprise,136,124025,73440,Reference sample
ACC_0013,BizCorp_0013,2026-04-01,94,55001,43454,APAC,Technology,Enterprise,136,124025,73440,Reference sample
ACC_0013,BizCorp_0013,2026-05-01,95,60675,51115,APAC,Technology,Enterprise,136,124025,73440,Reference sample
ACC_0013,BizCorp_0013,2026-06-01,94,51399,41545,APAC,Technology,Enterprise,136,124025,73440,Reference sample
ACC_0013,BizCorp_0013,2026-07-01,80,56226,50765,APAC,Technology,Enterprise,136,124025,73440,Reference sample
ACC_0013,BizCorp_0013,2026-08-01,80,49534,43059,APAC,Technology,Enterprise,136,124025,73440,Reference sample
ACC_0014,BizCorp_0014,2026-03-01,18,16335,13324,AMER,Healthcare,Premium,31,35256,22320,Reference sample
ACC_0014,BizCorp_0014,2026-04-01,19,14554,11788,AMER,Healthcare,Premium,31,35256,22320,Reference sample
ACC_0014,BizCorp_0014,2026-05-01,19,17586,14372,AMER,Healthcare,Premium,31,35256,22320,Reference sample
ACC_0014,BizCorp_0014,2026-06-01,20,17537,14141,AMER,Healthcare,Premium,31,35256,22320,Reference sample
ACC_0014,BizCorp_0014,2026-07-01,17,17442,15557,AMER,Healthcare,Premium,31,35256,22320,Reference sample
ACC_0014,BizCorp_0014,2026-08-01,20,14485,12965,AMER,Healthcare,Premium,31,35256,22320,Reference sample
ACC_0015,BizCorp_0015,2026-03-01,39,39783,34777,EMEA,Technology,Premium,79,61660,56880,Reference sample
ACC_0015,BizCorp_0015,2026-04-01,45,53622,42226,EMEA,Technology,Premium,79,61660,56880,Reference sample
ACC_0015,BizCorp_0015,2026-05-01,41,46771,40334,EMEA,Technology,Premium,79,61660,56880,Reference sample
ACC_0015,BizCorp_0015,2026-06-01,52,59435,46529,EMEA,Technology,Premium,79,61660,56880,Reference sample
ACC_0015,BizCorp_0015,2026-07-01,62,72198,55835,EMEA,Technology,Premium,79,61660,56880,Reference sample
ACC_0015,BizCorp_0015,2026-08-01,75,85322,67002,EMEA,Technology,Premium,79,61660,56880,Reference sample
ACC_0016,BizCorp_0016,2026-03-01,55,10156,9164,APAC,Manufacturing,Premium,66,33730,47520,Reference sample
ACC_0016,BizCorp_0016,2026-04-01,52,12026,9943,APAC,Manufacturing,Premium,66,33730,47520,Reference sample
ACC_0016,BizCorp_0016,2026-05-01,47,11703,9376,APAC,Manufacturing,Premium,66,33730,47520,Reference sample
ACC_0016,BizCorp_0016,2026-06-01,25,6392,5134,APAC,Manufacturing,Premium,66,33730,47520,Reference sample
ACC_0016,BizCorp_0016,2026-07-01,12,2932,2567,APAC,Manufacturing,Premium,66,33730,47520,Reference sample
ACC_0016,BizCorp_0016,2026-08-01,6,1643,1283,APAC,Manufacturing,Premium,66,33730,47520,Reference sample
ACC_0017,BizCorp_0017,2026-03-01,222,176240,155104,AMER,Retail,Enterprise,450,439757,243000,Reference sample
ACC_0017,BizCorp_0017,2026-04-01,221,239839,188809,AMER,Retail,Enterprise,450,439757,243000,Reference sample
ACC_0017,BizCorp_0017,2026-05-01,227,233785,196087,AMER,Retail,Enterprise,450,439757,243000,Reference sample
ACC_0017,BizCorp_0017,2026-06-01,211,178199,160039,AMER,Retail,Enterprise,450,439757,243000,Reference sample
ACC_0017,BizCorp_0017,2026-07-01,192,218318,182321,AMER,Retail,Enterprise,450,439757,243000,Reference sample
ACC_0017,BizCorp_0017,2026-08-01,201,186779,151718,AMER,Retail,Enterprise,450,439757,243000,Reference sample
ACC_0018,BizCorp_0018,2026-03-01,90,144654,124096,APAC,Technology,Enterprise,188,380043,101520,Reference sample
ACC_0018,BizCorp_0018,2026-04-01,99,149061,131857,APAC,Technology,Enterprise,188,380043,101520,Reference sample
ACC_0018,BizCorp_0018,2026-05-01,97,175842,136129,APAC,Technology,Enterprise,188,380043,101520,Reference sample
ACC_0018,BizCorp_0018,2026-06-01,90,147890,117641,APAC,Technology,Enterprise,188,380043,101520,Reference sample
ACC_0018,BizCorp_0018,2026-07-01,100,150066,129890,APAC,Technology,Enterprise,188,380043,101520,Reference sample
ACC_0018,BizCorp_0018,2026-08-01,93,153182,131339,APAC,Technology,Enterprise,188,380043,101520,Reference sample
ACC_0019,BizCorp_0019,2026-03-01,10,5733,5051,EMEA,Logistics,Standard,19,11216,18240,Reference sample
ACC_0019,BizCorp_0019,2026-04-01,11,6974,5484,EMEA,Logistics,Standard,19,11216,18240,Reference sample
ACC_0019,BizCorp_0019,2026-05-01,10,5798,5031,EMEA,Logistics,Standard,19,11216,18240,Reference sample
ACC_0019,BizCorp_0019,2026-06-01,13,7624,5969,EMEA,Logistics,Standard,19,11216,18240,Reference sample
ACC_0019,BizCorp_0019,2026-07-01,16,7987,7162,EMEA,Logistics,Standard,19,11216,18240,Reference sample
ACC_0019,BizCorp_0019,2026-08-01,19,9584,8595,EMEA,Logistics,Standard,19,11216,18240,Reference sample
ACC_0020,BizCorp_0020,2026-03-01,303,152607,121712,APAC,Manufacturing,Enterprise,386,215141,208440,Reference sample
ACC_0020,BizCorp_0020,2026-04-01,269,117942,102370,APAC,Manufacturing,Enterprise,386,215141,208440,Reference sample
ACC_0020,BizCorp_0020,2026-05-01,308,148079,120313,APAC,Manufacturing,Enterprise,386,215141,208440,Reference sample
ACC_0020,BizCorp_0020,2026-06-01,265,147083,115063,APAC,Manufacturing,Enterprise,386,215141,208440,Reference sample
ACC_0020,BizCorp_0020,2026-07-01,290,148325,131637,APAC,Manufacturing,Enterprise,386,215141,208440,Reference sample
ACC_0020,BizCorp_0020,2026-08-01,285,122312,104293,APAC,Manufacturing,Enterprise,386,215141,208440,Reference sample
ACC_0021,BizCorp_0021,2026-03-01,8,4138,3652,EMEA,Healthcare,Standard,12,5525,11520,Reference sample
ACC_0021,BizCorp_0021,2026-04-01,8,3945,3474,EMEA,Healthcare,Standard,12,5525,11520,Reference sample
ACC_0021,BizCorp_0021,2026-05-01,8,4786,3700,EMEA,Healthcare,Standard,12,5525,11520,Reference sample
ACC_0021,BizCorp_0021,2026-06-01,8,4117,3514,EMEA,Healthcare,Standard,12,5525,11520,Reference sample
ACC_0021,BizCorp_0021,2026-07-01,7,3914,3518,EMEA,Healthcare,Standard,12,5525,11520,Reference sample
ACC_0021,BizCorp_0021,2026-08-01,7,3477,3047,EMEA,Healthcare,Standard,12,5525,11520,Reference sample
ACC_0022,BizCorp_0022,2026-03-01,17,23920,19452,APAC,Logistics,Premium,29,33826,20880,Reference sample
ACC_0022,BizCorp_0022,2026-04-01,14,31573,25738,APAC,Logistics,Premium,29,33826,20880,Reference sample
ACC_0022,BizCorp_0022,2026-05-01,15,29426,24205,APAC,Logistics,Premium,29,33826,20880,Reference sample
ACC_0022,BizCorp_0022,2026-06-01,8,13697,11283,APAC,Logistics,Premium,29,33826,20880,Reference sample
ACC_0022,BizCorp_0022,2026-07-01,4,6630,5641,APAC,Logistics,Premium,29,33826,20880,Reference sample
ACC_0022,BizCorp_0022,2026-08-01,2,3315,2820,APAC,Logistics,Premium,29,33826,20880,Reference sample
ACC_0023,BizCorp_0023,2026-03-01,31,33363,28502,EMEA,Healthcare,Premium,48,62954,34560,Reference sample
ACC_0023,BizCorp_0023,2026-04-01,31,33798,28250,EMEA,Healthcare,Premium,48,62954,34560,Reference sample
ACC_0023,BizCorp_0023,2026-05-01,29,32004,28378,EMEA,Healthcare,Premium,48,62954,34560,Reference sample
ACC_0023,BizCorp_0023,2026-06-01,27,30427,24764,EMEA,Healthcare,Premium,48,62954,34560,Reference sample
ACC_0023,BizCorp_0023,2026-07-01,27,30129,25698,EMEA,Healthcare,Premium,48,62954,34560,Reference sample
ACC_0023,BizCorp_0023,2026-08-01,30,28783,25115,EMEA,Healthcare,Premium,48,62954,34560,Reference sample
ACC_0024,BizCorp_0024,2026-03-01,229,89086,78681,EMEA,Technology,Enterprise,335,174905,180900,Reference sample
ACC_0024,BizCorp_0024,2026-04-01,245,81833,73815,EMEA,Technology,Enterprise,335,174905,180900,Reference sample
ACC_0024,BizCorp_0024,2026-05-01,233,94885,77400,EMEA,Technology,Enterprise,335,174905,180900,Reference sample
ACC_0024,BizCorp_0024,2026-06-01,115,47724,43079,EMEA,Technology,Enterprise,335,174905,180900,Reference sample
ACC_0024,BizCorp_0024,2026-07-01,57,26158,21539,EMEA,Technology,Enterprise,335,174905,180900,Reference sample
ACC_0024,BizCorp_0024,2026-08-01,28,11966,10769,EMEA,Technology,Enterprise,335,174905,180900,Reference sample
ACC_0025,BizCorp_0025,2026-03-01,9,10341,8425,EMEA,Retail,Standard,13,14577,12480,Reference sample
ACC_0025,BizCorp_0025,2026-04-01,10,9975,7890,EMEA,Retail,Standard,13,14577,12480,Reference sample
ACC_0025,BizCorp_0025,2026-05-01,10,8252,6757,EMEA,Retail,Standard,13,14577,12480,Reference sample
ACC_0025,BizCorp_0025,2026-06-01,4,4409,3692,EMEA,Retail,Standard,13,14577,12480,Reference sample
ACC_0025,BizCorp_0025,2026-07-01,2,2208,1846,EMEA,Retail,Standard,13,14577,12480,Reference sample
ACC_0025,BizCorp_0025,2026-08-01,1,1055,923,EMEA,Retail,Standard,13,14577,12480,Reference sample
ACC_0026,BizCorp_0026,2026-03-01,45,23665,19210,AMER,Retail,Premium,67,34373,48240,Reference sample
ACC_0026,BizCorp_0026,2026-04-01,40,26484,22665,AMER,Retail,Premium,67,34373,48240,Reference sample
ACC_0026,BizCorp_0026,2026-05-01,42,24998,21814,AMER,Retail,Premium,67,34373,48240,Reference sample
ACC_0026,BizCorp_0026,2026-06-01,51,29997,25484,AMER,Retail,Premium,67,34373,48240,Reference sample
ACC_0026,BizCorp_0026,2026-07-01,61,34303,30581,AMER,Retail,Premium,67,34373,48240,Reference sample
ACC_0026,BizCorp_0026,2026-08-01,67,41851,36697,AMER,Retail,Premium,67,34373,48240,Reference sample
ACC_0027,BizCorp_0027,2026-03-01,21,51532,42241,AMER,Financial Services,Premium,32,69530,23040,Reference sample
ACC_0027,BizCorp_0027,2026-04-01,25,47585,38054,AMER,Financial Services,Premium,32,69530,23040,Reference sample
ACC_0027,BizCorp_0027,2026-05-01,21,50578,39502,AMER,Financial Services,Premium,32,69530,23040,Reference sample
ACC_0027,BizCorp_0027,2026-06-01,28,54642,45239,AMER,Financial Services,Premium,32,69530,23040,Reference sample
ACC_0027,BizCorp_0027,2026-07-01,32,59728,54287,AMER,Financial Services,Premium,32,69530,23040,Reference sample
ACC_0027,BizCorp_0027,2026-08-01,32,83875,65144,AMER,Financial Services,Premium,32,69530,23040,Reference sample
ACC_0028,BizCorp_0028,2026-03-01,5,6172,5387,APAC,Financial Services,Standard,10,11916,9600,Reference sample
ACC_0028,BizCorp_0028,2026-04-01,6,6826,5804,APAC,Financial Services,Standard,10,11916,9600,Reference sample
ACC_0028,BizCorp_0028,2026-05-01,6,7170,5726,APAC,Financial Services,Standard,10,11916,9600,Reference sample
ACC_0028,BizCorp_0028,2026-06-01,7,7941,6408,APAC,Financial Services,Standard,10,11916,9600,Reference sample
ACC_0028,BizCorp_0028,2026-07-01,8,8608,7689,APAC,Financial Services,Standard,10,11916,9600,Reference sample
ACC_0028,BizCorp_0028,2026-08-01,10,10396,9227,APAC,Financial Services,Standard,10,11916,9600,Reference sample
ACC_0029,BizCorp_0029,2026-03-01,44,48794,40368,EMEA,Retail,Premium,69,59052,49680,Reference sample
ACC_0029,BizCorp_0029,2026-04-01,46,41701,33395,EMEA,Retail,Premium,69,59052,49680,Reference sample
ACC_0029,BizCorp_0029,2026-05-01,43,47528,39477,EMEA,Retail,Premium,69,59052,49680,Reference sample
ACC_0029,BizCorp_0029,2026-06-01,58,55289,47055,EMEA,Retail,Premium,69,59052,49680,Reference sample
ACC_0029,BizCorp_0029,2026-07-01,69,64432,56466,EMEA,Retail,Premium,69,59052,49680,Reference sample
ACC_0029,BizCorp_0029,2026-08-01,69,85434,67759,EMEA,Retail,Premium,69,59052,49680,Reference sample
ACC_0030,BizCorp_0030,2026-03-01,51,8839,6955,APAC,Logistics,Premium,91,20752,65520,Reference sample
ACC_0030,BizCorp_0030,2026-04-01,48,8324,7207,APAC,Logistics,Premium,91,20752,65520,Reference sample
ACC_0030,BizCorp_0030,2026-05-01,51,9560,8084,APAC,Logistics,Premium,91,20752,65520,Reference sample
ACC_0030,BizCorp_0030,2026-06-01,59,11325,9012,APAC,Logistics,Premium,91,20752,65520,Reference sample
ACC_0030,BizCorp_0030,2026-07-01,71,12938,10814,APAC,Logistics,Premium,91,20752,65520,Reference sample
ACC_0030,BizCorp_0030,2026-08-01,85,15235,12977,APAC,Logistics,Premium,91,20752,65520,Reference sample
ACC_0031,BizCorp_0031,2026-03-01,6,5916,4744,AMER,Manufacturing,Standard,13,10573,12480,Reference sample
ACC_0031,BizCorp_0031,2026-04-01,6,5850,4682,AMER,Manufacturing,Standard,13,10573,12480,Reference sample
ACC_0031,BizCorp_0031,2026-05-01,6,5362,4736,AMER,Manufacturing,Standard,13,10573,12480,Reference sample
ACC_0031,BizCorp_0031,2026-06-01,7,6128,5362,AMER,Manufacturing,Standard,13,10573,12480,Reference sample
ACC_0031,BizCorp_0031,2026-07-01,9,7594,6435,AMER,Manufacturing,Standard,13,10573,12480,Reference sample
ACC_0031,BizCorp_0031,2026-08-01,11,9016,7722,AMER,Manufacturing,Standard,13,10573,12480,Reference sample
ACC_0032,BizCorp_0032,2026-03-01,17,33787,29925,AMER,Logistics,Premium,41,49735,29520,Reference sample
ACC_0032,BizCorp_0032,2026-04-01,20,37221,33448,AMER,Logistics,Premium,41,49735,29520,Reference sample
ACC_0032,BizCorp_0032,2026-05-01,17,33018,29812,AMER,Logistics,Premium,41,49735,29520,Reference sample
ACC_0032,BizCorp_0032,2026-06-01,18,47769,39066,AMER,Logistics,Premium,41,49735,29520,Reference sample
ACC_0032,BizCorp_0032,2026-07-01,19,44237,36275,AMER,Logistics,Premium,41,49735,29520,Reference sample
ACC_0032,BizCorp_0032,2026-08-01,20,45912,37386,AMER,Logistics,Premium,41,49735,29520,Reference sample
ACC_0033,BizCorp_0033,2026-03-01,103,265732,233314,AMER,Retail,Enterprise,235,362451,126900,Reference sample
ACC_0033,BizCorp_0033,2026-04-01,100,288581,232785,AMER,Retail,Enterprise,235,362451,126900,Reference sample
ACC_0033,BizCorp_0033,2026-05-01,97,286148,244165,AMER,Retail,Enterprise,235,362451,126900,Reference sample
ACC_0033,BizCorp_0033,2026-06-01,114,342786,278461,AMER,Retail,Enterprise,235,362451,126900,Reference sample
ACC_0033,BizCorp_0033,2026-07-01,136,432771,334153,AMER,Retail,Enterprise,235,362451,126900,Reference sample
ACC_0033,BizCorp_0033,2026-08-01,164,448046,400984,AMER,Retail,Enterprise,235,362451,126900,Reference sample
ACC_0034,BizCorp_0034,2026-03-01,9,7253,6027,APAC,Technology,Standard,14,13317,13440,Reference sample
ACC_0034,BizCorp_0034,2026-04-01,10,5718,5115,APAC,Technology,Standard,14,13317,13440,Reference sample
ACC_0034,BizCorp_0034,2026-05-01,9,8284,6457,APAC,Technology,Standard,14,13317,13440,Reference sample
ACC_0034,BizCorp_0034,2026-06-01,4,3436,2938,APAC,Technology,Standard,14,13317,13440,Reference sample
ACC_0034,BizCorp_0034,2026-07-01,2,1898,1469,APAC,Technology,Standard,14,13317,13440,Reference sample
ACC_0034,BizCorp_0034,2026-08-01,1,847,734,APAC,Technology,Standard,14,13317,13440,Reference sample
ACC_0035,BizCorp_0035,2026-03-01,8,3825,3185,APAC,Retail,Standard,16,7646,15360,Reference sample
ACC_0035,BizCorp_0035,2026-04-01,9,4125,3532,APAC,Retail,Standard,16,7646,15360,Reference sample
ACC_0035,BizCorp_0035,2026-05-01,8,4079,3543,APAC,Retail,Standard,16,7646,15360,Reference sample
ACC_0035,BizCorp_0035,2026-06-01,9,4414,3839,APAC,Retail,Standard,16,7646,15360,Reference sample
ACC_0035,BizCorp_0035,2026-07-01,9,4067,3399,APAC,Retail,Standard,16,7646,15360,Reference sample
ACC_0035,BizCorp_0035,2026-08-01,8,4215,3359,APAC,Retail,Standard,16,7646,15360,Reference sample
ACC_0036,BizCorp_0036,2026-03-01,11,9148,7776,AMER,Financial Services,Standard,15,13005,14400,Reference sample
ACC_0036,BizCorp_0036,2026-04-01,12,9527,7682,AMER,Financial Services,Standard,15,13005,14400,Reference sample
ACC_0036,BizCorp_0036,2026-05-01,12,9558,8165,AMER,Financial Services,Standard,15,13005,14400,Reference sample
ACC_0036,BizCorp_0036,2026-06-01,13,12146,10062,AMER,Financial Services,Standard,15,13005,14400,Reference sample
ACC_0036,BizCorp_0036,2026-07-01,15,14974,12075,AMER,Financial Services,Standard,15,13005,14400,Reference sample
ACC_0036,BizCorp_0036,2026-08-01,15,16702,14490,AMER,Financial Services,Standard,15,13005,14400,Reference sample
ACC_0037,BizCorp_0037,2026-03-01,27,22818,17740,AMER,Technology,Premium,60,35692,43200,Reference sample
ACC_0037,BizCorp_0037,2026-04-01,26,24850,19432,AMER,Technology,Premium,60,35692,43200,Reference sample
ACC_0037,BizCorp_0037,2026-05-01,25,28506,23052,AMER,Technology,Premium,60,35692,43200,Reference sample
ACC_0037,BizCorp_0037,2026-06-01,13,13027,10162,AMER,Technology,Premium,60,35692,43200,Reference sample
ACC_0037,BizCorp_0037,2026-07-01,6,6096,5081,AMER,Technology,Premium,60,35692,43200,Reference sample
ACC_0037,BizCorp_0037,2026-08-01,3,2895,2540,AMER,Technology,Premium,60,35692,43200,Reference sample
ACC_0038,BizCorp_0038,2026-03-01,99,62768,51293,APAC,Healthcare,Enterprise,141,144907,76140,Reference sample
ACC_0038,BizCorp_0038,2026-04-01,98,62806,48913,APAC,Healthcare,Enterprise,141,144907,76140,Reference sample
ACC_0038,BizCorp_0038,2026-05-01,109,71135,58176,APAC,Healthcare,Enterprise,141,144907,76140,Reference sample
ACC_0038,BizCorp_0038,2026-06-01,111,62236,56147,APAC,Healthcare,Enterprise,141,144907,76140,Reference sample
ACC_0038,BizCorp_0038,2026-07-01,105,68869,57465,APAC,Healthcare,Enterprise,141,144907,76140,Reference sample
ACC_0038,BizCorp_0038,2026-08-01,115,79051,62062,APAC,Healthcare,Enterprise,141,144907,76140,Reference sample
ACC_0039,BizCorp_0039,2026-03-01,4,5212,4170,APAC,Healthcare,Standard,9,7103,8640,Reference sample
ACC_0039,BizCorp_0039,2026-04-01,3,5135,4335,APAC,Healthcare,Standard,9,7103,8640,Reference sample
ACC_0039,BizCorp_0039,2026-05-01,4,4325,3699,APAC,Healthcare,Standard,9,7103,8640,Reference sample
ACC_0039,BizCorp_0039,2026-06-01,5,6566,5162,APAC,Healthcare,Standard,9,7103,8640,Reference sample
ACC_0039,BizCorp_0039,2026-07-01,6,7775,6195,APAC,Healthcare,Standard,9,7103,8640,Reference sample
ACC_0039,BizCorp_0039,2026-08-01,7,8857,7434,APAC,Healthcare,Standard,9,7103,8640,Reference sample
ACC_0040,BizCorp_0040,2026-03-01,130,112759,98726,APAC,Retail,Enterprise,185,238966,99900,Reference sample
ACC_0040,BizCorp_0040,2026-04-01,127,134001,109608,APAC,Retail,Enterprise,185,238966,99900,Reference sample
ACC_0040,BizCorp_0040,2026-05-01,119,134651,117351,APAC,Retail,Enterprise,185,238966,99900,Reference sample
ACC_0040,BizCorp_0040,2026-06-01,124,140301,119590,APAC,Retail,Enterprise,185,238966,99900,Reference sample
ACC_0040,BizCorp_0040,2026-07-01,125,130985,105621,APAC,Retail,Enterprise,185,238966,99900,Reference sample
ACC_0040,BizCorp_0040,2026-08-01,122,147913,127961,APAC,Retail,Enterprise,185,238966,99900,Reference sample
ACC_0041,BizCorp_0041,2026-03-01,31,52116,41889,APAC,Logistics,Premium,48,55343,34560,Reference sample
ACC_0041,BizCorp_0041,2026-04-01,32,49472,38916,APAC,Logistics,Premium,48,55343,34560,Reference sample
ACC_0041,BizCorp_0041,2026-05-01,28,52061,41726,APAC,Logistics,Premium,48,55343,34560,Reference sample
ACC_0041,BizCorp_0041,2026-06-01,30,38667,32650,APAC,Logistics,Premium,48,55343,34560,Reference sample
ACC_0041,BizCorp_0041,2026-07-01,27,52474,42797,APAC,Logistics,Premium,48,55343,34560,Reference sample
ACC_0041,BizCorp_0041,2026-08-01,30,43300,36164,APAC,Logistics,Premium,48,55343,34560,Reference sample
ACC_0042,BizCorp_0042,2026-03-01,8,7149,6429,APAC,Logistics,Standard,14,11537,13440,Reference sample
ACC_0042,BizCorp_0042,2026-04-01,9,7402,6038,APAC,Logistics,Standard,14,11537,13440,Reference sample
ACC_0042,BizCorp_0042,2026-05-01,8,6774,5779,APAC,Logistics,Standard,14,11537,13440,Reference sample
ACC_0042,BizCorp_0042,2026-06-01,4,3684,3040,APAC,Logistics,Standard,14,11537,13440,Reference sample
ACC_0042,BizCorp_0042,2026-07-01,2,1955,1520,APAC,Logistics,Standard,14,11537,13440,Reference sample
ACC_0042,BizCorp_0042,2026-08-01,1,875,760,APAC,Logistics,Standard,14,11537,13440,Reference sample
ACC_0043,BizCorp_0043,2026-03-01,45,29776,24500,EMEA,Financial Services,Premium,77,53919,55440,Reference sample
ACC_0043,BizCorp_0043,2026-04-01,44,31128,24021,EMEA,Financial Services,Premium,77,53919,55440,Reference sample
ACC_0043,BizCorp_0043,2026-05-01,41,27048,22501,EMEA,Financial Services,Premium,77,53919,55440,Reference sample
ACC_0043,BizCorp_0043,2026-06-01,45,26072,23369,EMEA,Financial Services,Premium,77,53919,55440,Reference sample
ACC_0043,BizCorp_0043,2026-07-01,44,30331,23489,EMEA,Financial Services,Premium,77,53919,55440,Reference sample
ACC_0043,BizCorp_0043,2026-08-01,46,31820,24749,EMEA,Financial Services,Premium,77,53919,55440,Reference sample
ACC_0044,BizCorp_0044,2026-03-01,8,3154,2786,EMEA,Financial Services,Standard,12,6049,11520,Reference sample
ACC_0044,BizCorp_0044,2026-04-01,7,3500,3022,EMEA,Financial Services,Standard,12,6049,11520,Reference sample
ACC_0044,BizCorp_0044,2026-05-01,7,3850,3336,EMEA,Financial Services,Standard,12,6049,11520,Reference sample
ACC_0044,BizCorp_0044,2026-06-01,9,4562,3837,EMEA,Financial Services,Standard,12,6049,11520,Reference sample
ACC_0044,BizCorp_0044,2026-07-01,11,5858,4604,EMEA,Financial Services,Standard,12,6049,11520,Reference sample
ACC_0044,BizCorp_0044,2026-08-01,12,6478,5525,EMEA,Financial Services,Standard,12,6049,11520,Reference sample
ACC_0045,BizCorp_0045,2026-03-01,196,108519,88055,APAC,Technology,Enterprise,384,220646,207360,Reference sample
ACC_0045,BizCorp_0045,2026-04-01,236,97522,87385,APAC,Technology,Enterprise,384,220646,207360,Reference sample
ACC_0045,BizCorp_0045,2026-05-01,202,80792,72606,APAC,Technology,Enterprise,384,220646,207360,Reference sample
ACC_0045,BizCorp_0045,2026-06-01,260,126179,98907,APAC,Technology,Enterprise,384,220646,207360,Reference sample
ACC_0045,BizCorp_0045,2026-07-01,312,143576,118689,APAC,Technology,Enterprise,384,220646,207360,Reference sample
ACC_0045,BizCorp_0045,2026-08-01,375,157420,142427,APAC,Technology,Enterprise,384,220646,207360,Reference sample
ACC_0046,BizCorp_0046,2026-03-01,3,4815,4312,AMER,Financial Services,Standard,7,5964,6720,Reference sample
ACC_0046,BizCorp_0046,2026-04-01,4,4614,4027,AMER,Financial Services,Standard,7,5964,6720,Reference sample
ACC_0046,BizCorp_0046,2026-05-01,4,4606,4094,AMER,Financial Services,Standard,7,5964,6720,Reference sample
ACC_0046,BizCorp_0046,2026-06-01,5,6024,4998,AMER,Financial Services,Standard,7,5964,6720,Reference sample
ACC_0046,BizCorp_0046,2026-07-01,6,6802,5998,AMER,Financial Services,Standard,7,5964,6720,Reference sample
ACC_0046,BizCorp_0046,2026-08-01,7,7967,7197,AMER,Financial Services,Standard,7,5964,6720,Reference sample
ACC_0047,BizCorp_0047,2026-03-01,11,3655,3026,APAC,Technology,Standard,15,6160,14400,Reference sample
ACC_0047,BizCorp_0047,2026-04-01,10,3370,2605,APAC,Technology,Standard,15,6160,14400,Reference sample
ACC_0047,BizCorp_0047,2026-05-01,11,2917,2392,APAC,Technology,Standard,15,6160,14400,Reference sample
ACC_0047,BizCorp_0047,2026-06-01,5,1623,1324,APAC,Technology,Standard,15,6160,14400,Reference sample
ACC_0047,BizCorp_0047,2026-07-01,2,812,662,APAC,Technology,Standard,15,6160,14400,Reference sample
ACC_0047,BizCorp_0047,2026-08-01,1,401,331,APAC,Technology,Standard,15,6160,14400,Reference sample
ACC_0048,BizCorp_0048,2026-03-01,59,17080,14705,APAC,Technology,Premium,83,34040,59760,Reference sample
ACC_0048,BizCorp_0048,2026-04-01,62,16573,15038,APAC,Technology,Premium,83,34040,59760,Reference sample
ACC_0048,BizCorp_0048,2026-05-01,63,20368,18069,APAC,Technology,Premium,83,34040,59760,Reference sample
ACC_0048,BizCorp_0048,2026-06-01,31,9704,8385,APAC,Technology,Premium,83,34040,59760,Reference sample
ACC_0048,BizCorp_0048,2026-07-01,15,5059,4192,APAC,Technology,Premium,83,34040,59760,Reference sample
ACC_0048,BizCorp_0048,2026-08-01,7,2593,2096,APAC,Technology,Premium,83,34040,59760,Reference sample
ACC_0049,BizCorp_0049,2026-03-01,276,223887,193242,EMEA,Technology,Enterprise,393,402100,212220,Reference sample
ACC_0049,BizCorp_0049,2026-04-01,289,197570,168184,EMEA,Technology,Enterprise,393,402100,212220,Reference sample
ACC_0049,BizCorp_0049,2026-05-01,300,236905,200946,EMEA,Technology,Enterprise,393,402100,212220,Reference sample
ACC_0049,BizCorp_0049,2026-06-01,367,268249,236833,EMEA,Technology,Enterprise,393,402100,212220,Reference sample
ACC_0049,BizCorp_0049,2026-07-01,393,354517,284200,EMEA,Technology,Enterprise,393,402100,212220,Reference sample
ACC_0049,BizCorp_0049,2026-08-01,393,401726,341040,EMEA,Technology,Enterprise,393,402100,212220,Reference sample
ACC_0050,BizCorp_0050,2026-03-01,36,13640,10826,AMER,Financial Services,Premium,73,32478,52560,Reference sample
ACC_0050,BizCorp_0050,2026-04-01,36,13158,11399,AMER,Financial Services,Premium,73,32478,52560,Reference sample
ACC_0050,BizCorp_0050,2026-05-01,36,12547,10875,AMER,Financial Services,Premium,73,32478,52560,Reference sample
ACC_0050,BizCorp_0050,2026-06-01,42,14704,12926,AMER,Financial Services,Premium,73,32478,52560,Reference sample
ACC_0050,BizCorp_0050,2026-07-01,51,17275,15512,AMER,Financial Services,Premium,73,32478,52560,Reference sample
ACC_0050,BizCorp_0050,2026-08-01,61,20984,18614,AMER,Financial Services,Premium,73,32478,52560,Reference sample
ACC_0051,BizCorp_0051,2026-03-01,200,184386,162090,EMEA,Healthcare,Enterprise,321,285753,173340,Reference sample
ACC_0051,BizCorp_0051,2026-04-01,189,163197,135210,EMEA,Healthcare,Enterprise,321,285753,173340,Reference sample
ACC_0051,BizCorp_0051,2026-05-01,196,158859,137679,EMEA,Healthcare,Enterprise,321,285753,173340,Reference sample
ACC_0051,BizCorp_0051,2026-06-01,219,191457,166984,EMEA,Healthcare,Enterprise,321,285753,173340,Reference sample
ACC_0051,BizCorp_0051,2026-07-01,195,182303,156031,EMEA,Healthcare,Enterprise,321,285753,173340,Reference sample
ACC_0051,BizCorp_0051,2026-08-01,202,221420,170377,EMEA,Healthcare,Enterprise,321,285753,173340,Reference sample
ACC_0052,BizCorp_0052,2026-03-01,16,24345,21560,APAC,Logistics,Premium,27,64129,19440,Reference sample
ACC_0052,BizCorp_0052,2026-04-01,17,23453,19405,APAC,Logistics,Premium,27,64129,19440,Reference sample
ACC_0052,BizCorp_0052,2026-05-01,17,25798,22433,APAC,Logistics,Premium,27,64129,19440,Reference sample
ACC_0052,BizCorp_0052,2026-06-01,21,28305,24063,APAC,Logistics,Premium,27,64129,19440,Reference sample
ACC_0052,BizCorp_0052,2026-07-01,26,31836,28876,APAC,Logistics,Premium,27,64129,19440,Reference sample
ACC_0052,BizCorp_0052,2026-08-01,27,44870,34651,APAC,Logistics,Premium,27,64129,19440,Reference sample
ACC_0053,BizCorp_0053,2026-03-01,3,10472,9188,APAC,Manufacturing,Standard,6,11596,5760,Reference sample
ACC_0053,BizCorp_0053,2026-04-01,3,8664,7026,APAC,Manufacturing,Standard,6,11596,5760,Reference sample
ACC_0053,BizCorp_0053,2026-05-01,3,9994,7734,APAC,Manufacturing,Standard,6,11596,5760,Reference sample
ACC_0053,BizCorp_0053,2026-06-01,3,8944,7181,APAC,Manufacturing,Standard,6,11596,5760,Reference sample
ACC_0053,BizCorp_0053,2026-07-01,3,9130,8120,APAC,Manufacturing,Standard,6,11596,5760,Reference sample
ACC_0053,BizCorp_0053,2026-08-01,3,8811,7518,APAC,Manufacturing,Standard,6,11596,5760,Reference sample
ACC_0054,BizCorp_0054,2026-03-01,8,3816,3276,AMER,Retail,Standard,12,8139,11520,Reference sample
ACC_0054,BizCorp_0054,2026-04-01,8,3303,2939,AMER,Retail,Standard,12,8139,11520,Reference sample
ACC_0054,BizCorp_0054,2026-05-01,9,2977,2686,AMER,Retail,Standard,12,8139,11520,Reference sample
ACC_0054,BizCorp_0054,2026-06-01,9,3812,3127,AMER,Retail,Standard,12,8139,11520,Reference sample
ACC_0054,BizCorp_0054,2026-07-01,8,3125,2762,AMER,Retail,Standard,12,8139,11520,Reference sample
ACC_0054,BizCorp_0054,2026-08-01,8,4195,3262,AMER,Retail,Standard,12,8139,11520,Reference sample
ACC_0055,BizCorp_0055,2026-03-01,16,32520,28903,AMER,Manufacturing,Premium,38,47648,27360,Reference sample
ACC_0055,BizCorp_0055,2026-04-01,15,38259,30420,AMER,Manufacturing,Premium,38,47648,27360,Reference sample
ACC_0055,BizCorp_0055,2026-05-01,16,34462,29015,AMER,Manufacturing,Premium,38,47648,27360,Reference sample
ACC_0055,BizCorp_0055,2026-06-01,15,32908,28088,AMER,Manufacturing,Premium,38,47648,27360,Reference sample
ACC_0055,BizCorp_0055,2026-07-01,14,35622,29758,AMER,Manufacturing,Premium,38,47648,27360,Reference sample
ACC_0055,BizCorp_0055,2026-08-01,15,30913,24942,AMER,Manufacturing,Premium,38,47648,27360,Reference sample
ACC_0056,BizCorp_0056,2026-03-01,31,16278,12782,EMEA,Retail,Premium,52,24940,37440,Reference sample
ACC_0056,BizCorp_0056,2026-04-01,33,16189,14301,EMEA,Retail,Premium,52,24940,37440,Reference sample
ACC_0056,BizCorp_0056,2026-05-01,32,16062,12709,EMEA,Retail,Premium,52,24940,37440,Reference sample
ACC_0056,BizCorp_0056,2026-06-01,32,15974,12727,EMEA,Retail,Premium,52,24940,37440,Reference sample
ACC_0056,BizCorp_0056,2026-07-01,32,17628,13809,EMEA,Retail,Premium,52,24940,37440,Reference sample
ACC_0056,BizCorp_0056,2026-08-01,33,15151,12378,EMEA,Retail,Premium,52,24940,37440,Reference sample
ACC_0057,BizCorp_0057,2026-03-01,4,9085,7541,AMER,Financial Services,Standard,6,13856,5760,Reference sample
ACC_0057,BizCorp_0057,2026-04-01,4,9689,7925,AMER,Financial Services,Standard,6,13856,5760,Reference sample
ACC_0057,BizCorp_0057,2026-05-01,3,9128,8135,AMER,Financial Services,Standard,6,13856,5760,Reference sample
ACC_0057,BizCorp_0057,2026-06-01,2,4700,3902,AMER,Financial Services,Standard,6,13856,5760,Reference sample
ACC_0057,BizCorp_0057,2026-07-01,1,2172,1951,AMER,Financial Services,Standard,6,13856,5760,Reference sample
ACC_0057,BizCorp_0057,2026-08-01,1,1235,975,AMER,Financial Services,Standard,6,13856,5760,Reference sample
ACC_0058,BizCorp_0058,2026-03-01,4,3657,3306,EMEA,Healthcare,Standard,10,11658,9600,Reference sample
ACC_0058,BizCorp_0058,2026-04-01,4,4218,3521,EMEA,Healthcare,Standard,10,11658,9600,Reference sample
ACC_0058,BizCorp_0058,2026-05-01,4,4151,3741,EMEA,Healthcare,Standard,10,11658,9600,Reference sample
ACC_0058,BizCorp_0058,2026-06-01,4,4279,3881,EMEA,Healthcare,Standard,10,11658,9600,Reference sample
ACC_0058,BizCorp_0058,2026-07-01,5,4902,3813,EMEA,Healthcare,Standard,10,11658,9600,Reference sample
ACC_0058,BizCorp_0058,2026-08-01,5,4429,3608,EMEA,Healthcare,Standard,10,11658,9600,Reference sample
ACC_0059,BizCorp_0059,2026-03-01,10,4800,3866,AMER,Healthcare,Standard,17,5960,16320,Reference sample
ACC_0059,BizCorp_0059,2026-04-01,11,4146,3742,AMER,Healthcare,Standard,17,5960,16320,Reference sample
ACC_0059,BizCorp_0059,2026-05-01,9,4882,3788,AMER,Healthcare,Standard,17,5960,16320,Reference sample
ACC_0059,BizCorp_0059,2026-06-01,5,2599,2012,AMER,Healthcare,Standard,17,5960,16320,Reference sample
ACC_0059,BizCorp_0059,2026-07-01,2,1126,1006,AMER,Healthcare,Standard,17,5960,16320,Reference sample
ACC_0059,BizCorp_0059,2026-08-01,1,626,503,AMER,Healthcare,Standard,17,5960,16320,Reference sample
ACC_0060,BizCorp_0060,2026-03-01,7,5620,4949,EMEA,Manufacturing,Standard,17,9345,16320,Reference sample
ACC_0060,BizCorp_0060,2026-04-01,8,5212,4649,EMEA,Manufacturing,Standard,17,9345,16320,Reference sample
ACC_0060,BizCorp_0060,2026-05-01,8,5442,4567,EMEA,Manufacturing,Standard,17,9345,16320,Reference sample
ACC_0060,BizCorp_0060,2026-06-01,9,7057,5724,EMEA,Manufacturing,Standard,17,9345,16320,Reference sample
ACC_0060,BizCorp_0060,2026-07-01,11,8768,6869,EMEA,Manufacturing,Standard,17,9345,16320,Reference sample
ACC_0060,BizCorp_0060,2026-08-01,13,9342,8243,EMEA,Manufacturing,Standard,17,9345,16320,Reference sample
ACC_0061,BizCorp_0061,2026-03-01,58,39198,32130,APAC,Healthcare,Premium,92,63376,66240,Reference sample
ACC_0061,BizCorp_0061,2026-04-01,61,43133,35647,APAC,Healthcare,Premium,92,63376,66240,Reference sample
ACC_0061,BizCorp_0061,2026-05-01,62,41501,35097,APAC,Healthcare,Premium,92,63376,66240,Reference sample
ACC_0061,BizCorp_0061,2026-06-01,58,40669,34919,APAC,Healthcare,Premium,92,63376,66240,Reference sample
ACC_0061,BizCorp_0061,2026-07-01,54,37884,32242,APAC,Healthcare,Premium,92,63376,66240,Reference sample
ACC_0061,BizCorp_0061,2026-08-01,57,40012,34140,APAC,Healthcare,Premium,92,63376,66240,Reference sample
ACC_0062,BizCorp_0062,2026-03-01,6,6315,5180,AMER,Financial Services,Standard,11,9861,10560,Reference sample
ACC_0062,BizCorp_0062,2026-04-01,6,6026,5194,AMER,Financial Services,Standard,11,9861,10560,Reference sample
ACC_0062,BizCorp_0062,2026-05-01,6,5271,4147,AMER,Financial Services,Standard,11,9861,10560,Reference sample
ACC_0062,BizCorp_0062,2026-06-01,7,5995,5429,AMER,Financial Services,Standard,11,9861,10560,Reference sample
ACC_0062,BizCorp_0062,2026-07-01,9,8237,6515,AMER,Financial Services,Standard,11,9861,10560,Reference sample
ACC_0062,BizCorp_0062,2026-08-01,11,9678,7818,AMER,Financial Services,Standard,11,9861,10560,Reference sample
ACC_0063,BizCorp_0063,2026-03-01,371,221567,198030,AMER,Logistics,Enterprise,477,384266,257580,Reference sample
ACC_0063,BizCorp_0063,2026-04-01,363,200464,173864,AMER,Logistics,Enterprise,477,384266,257580,Reference sample
ACC_0063,BizCorp_0063,2026-05-01,394,206438,179317,AMER,Logistics,Enterprise,477,384266,257580,Reference sample
ACC_0063,BizCorp_0063,2026-06-01,183,112446,96932,AMER,Logistics,Enterprise,477,384266,257580,Reference sample
ACC_0063,BizCorp_0063,2026-07-01,91,58842,48466,AMER,Logistics,Enterprise,477,384266,257580,Reference sample
ACC_0063,BizCorp_0063,2026-08-01,45,29414,24233,AMER,Logistics,Enterprise,477,384266,257580,Reference sample
ACC_0064,BizCorp_0064,2026-03-01,20,15659,12378,APAC,Healthcare,Premium,28,23286,20160,Reference sample
ACC_0064,BizCorp_0064,2026-04-01,20,17991,14039,APAC,Healthcare,Premium,28,23286,20160,Reference sample
ACC_0064,BizCorp_0064,2026-05-01,19,16079,12903,APAC,Healthcare,Premium,28,23286,20160,Reference sample
ACC_0064,BizCorp_0064,2026-06-01,19,13321,11989,APAC,Healthcare,Premium,28,23286,20160,Reference sample
ACC_0064,BizCorp_0064,2026-07-01,20,16549,13099,APAC,Healthcare,Premium,28,23286,20160,Reference sample
ACC_0064,BizCorp_0064,2026-08-01,19,19415,15240,APAC,Healthcare,Premium,28,23286,20160,Reference sample
ACC_0065,BizCorp_0065,2026-03-01,282,148985,121478,AMER,Retail,Enterprise,372,182540,200880,Reference sample
ACC_0065,BizCorp_0065,2026-04-01,236,136918,117641,AMER,Retail,Enterprise,372,182540,200880,Reference sample
ACC_0065,BizCorp_0065,2026-05-01,263,137243,110720,AMER,Retail,Enterprise,372,182540,200880,Reference sample
ACC_0065,BizCorp_0065,2026-06-01,242,159667,122871,AMER,Retail,Enterprise,372,182540,200880,Reference sample
ACC_0065,BizCorp_0065,2026-07-01,284,152666,125646,AMER,Retail,Enterprise,372,182540,200880,Reference sample
ACC_0065,BizCorp_0065,2026-08-01,238,143834,114402,AMER,Retail,Enterprise,372,182540,200880,Reference sample
ACC_0066,BizCorp_0066,2026-03-01,4,2080,1763,APAC,Financial Services,Standard,10,6122,9600,Reference sample
ACC_0066,BizCorp_0066,2026-04-01,4,2558,2039,APAC,Financial Services,Standard,10,6122,9600,Reference sample
ACC_0066,BizCorp_0066,2026-05-01,4,2199,1815,APAC,Financial Services,Standard,10,6122,9600,Reference sample
ACC_0066,BizCorp_0066,2026-06-01,4,2427,2131,APAC,Financial Services,Standard,10,6122,9600,Reference sample
ACC_0066,BizCorp_0066,2026-07-01,4,2507,2182,APAC,Financial Services,Standard,10,6122,9600,Reference sample
ACC_0066,BizCorp_0066,2026-08-01,4,2571,2208,APAC,Financial Services,Standard,10,6122,9600,Reference sample
ACC_0067,BizCorp_0067,2026-03-01,95,153830,131602,AMER,Retail,Enterprise,221,311694,119340,Reference sample
ACC_0067,BizCorp_0067,2026-04-01,101,177798,156809,AMER,Retail,Enterprise,221,311694,119340,Reference sample
ACC_0067,BizCorp_0067,2026-05-01,95,200514,159068,AMER,Retail,Enterprise,221,311694,119340,Reference sample
ACC_0067,BizCorp_0067,2026-06-01,100,183065,142481,AMER,Retail,Enterprise,221,311694,119340,Reference sample
ACC_0067,BizCorp_0067,2026-07-01,93,173230,153139,AMER,Retail,Enterprise,221,311694,119340,Reference sample
ACC_0067,BizCorp_0067,2026-08-01,102,158542,127046,AMER,Retail,Enterprise,221,311694,119340,Reference sample
ACC_0068,BizCorp_0068,2026-03-01,5,5141,4662,EMEA,Logistics,Standard,6,6343,5760,Reference sample
ACC_0068,BizCorp_0068,2026-04-01,4,4472,3758,EMEA,Logistics,Standard,6,6343,5760,Reference sample
ACC_0068,BizCorp_0068,2026-05-01,4,4687,3882,EMEA,Logistics,Standard,6,6343,5760,Reference sample
ACC_0068,BizCorp_0068,2026-06-01,4,4932,4283,EMEA,Logistics,Standard,6,6343,5760,Reference sample
ACC_0068,BizCorp_0068,2026-07-01,4,5130,4547,EMEA,Logistics,Standard,6,6343,5760,Reference sample
ACC_0068,BizCorp_0068,2026-08-01,4,4427,3639,EMEA,Logistics,Standard,6,6343,5760,Reference sample
ACC_0069,BizCorp_0069,2026-03-01,184,148168,128367,EMEA,Manufacturing,Enterprise,390,374088,210600,Reference sample
ACC_0069,BizCorp_0069,2026-04-01,194,152981,137410,EMEA,Manufacturing,Enterprise,390,374088,210600,Reference sample
ACC_0069,BizCorp_0069,2026-05-01,202,163076,127148,EMEA,Manufacturing,Enterprise,390,374088,210600,Reference sample
ACC_0069,BizCorp_0069,2026-06-01,190,123914,106961,EMEA,Manufacturing,Enterprise,390,374088,210600,Reference sample
ACC_0069,BizCorp_0069,2026-07-01,210,151748,117094,EMEA,Manufacturing,Enterprise,390,374088,210600,Reference sample
ACC_0069,BizCorp_0069,2026-08-01,196,165022,128846,EMEA,Manufacturing,Enterprise,390,374088,210600,Reference sample
ACC_0070,BizCorp_0070,2026-03-01,10,5443,4568,EMEA,Healthcare,Standard,15,8910,14400,Reference sample
ACC_0070,BizCorp_0070,2026-04-01,12,4495,3911,EMEA,Healthcare,Standard,15,8910,14400,Reference sample
ACC_0070,BizCorp_0070,2026-05-01,11,5114,4339,EMEA,Healthcare,Standard,15,8910,14400,Reference sample
ACC_0070,BizCorp_0070,2026-06-01,13,6200,5480,EMEA,Healthcare,Standard,15,8910,14400,Reference sample
ACC_0070,BizCorp_0070,2026-07-01,15,7690,6577,EMEA,Healthcare,Standard,15,8910,14400,Reference sample
ACC_0070,BizCorp_0070,2026-08-01,15,9236,7892,EMEA,Healthcare,Standard,15,8910,14400,Reference sample
ACC_0071,BizCorp_0071,2026-03-01,6,11567,9442,EMEA,Financial Services,Standard,14,12491,13440,Reference sample
ACC_0071,BizCorp_0071,2026-04-01,7,12182,9646,EMEA,Financial Services,Standard,14,12491,13440,Reference sample
ACC_0071,BizCorp_0071,2026-05-01,6,10146,8777,EMEA,Financial Services,Standard,14,12491,13440,Reference sample
ACC_0071,BizCorp_0071,2026-06-01,3,4879,4317,EMEA,Financial Services,Standard,14,12491,13440,Reference sample
ACC_0071,BizCorp_0071,2026-07-01,1,2761,2158,EMEA,Financial Services,Standard,14,12491,13440,Reference sample
ACC_0071,BizCorp_0071,2026-08-01,1,1328,1079,EMEA,Financial Services,Standard,14,12491,13440,Reference sample
ACC_0072,BizCorp_0072,2026-03-01,13,9945,8038,AMER,Financial Services,Standard,19,14224,18240,Reference sample
ACC_0072,BizCorp_0072,2026-04-01,12,8755,7387,AMER,Financial Services,Standard,19,14224,18240,Reference sample
ACC_0072,BizCorp_0072,2026-05-01,12,8873,7458,AMER,Financial Services,Standard,19,14224,18240,Reference sample
ACC_0072,BizCorp_0072,2026-06-01,12,9194,7560,AMER,Financial Services,Standard,19,14224,18240,Reference sample
ACC_0072,BizCorp_0072,2026-07-01,13,7424,6584,AMER,Financial Services,Standard,19,14224,18240,Reference sample
ACC_0072,BizCorp_0072,2026-08-01,13,10375,8094,AMER,Financial Services,Standard,19,14224,18240,Reference sample
ACC_0073,BizCorp_0073,2026-03-01,155,365613,284874,EMEA,Technology,Enterprise,210,365229,113400,Reference sample
ACC_0073,BizCorp_0073,2026-04-01,161,330759,256458,EMEA,Technology,Enterprise,210,365229,113400,Reference sample
ACC_0073,BizCorp_0073,2026-05-01,154,304085,238325,EMEA,Technology,Enterprise,210,365229,113400,Reference sample
ACC_0073,BizCorp_0073,2026-06-01,201,376794,302545,EMEA,Technology,Enterprise,210,365229,113400,Reference sample
ACC_0073,BizCorp_0073,2026-07-01,210,454938,363054,EMEA,Technology,Enterprise,210,365229,113400,Reference sample
ACC_0073,BizCorp_0073,2026-08-01,210,555920,435665,EMEA,Technology,Enterprise,210,365229,113400,Reference sample
ACC_0074,BizCorp_0074,2026-03-01,23,20418,16636,EMEA,Manufacturing,Premium,29,36009,20880,Reference sample
ACC_0074,BizCorp_0074,2026-04-01,23,15456,13587,EMEA,Manufacturing,Premium,29,36009,20880,Reference sample
ACC_0074,BizCorp_0074,2026-05-01,21,16882,13015,EMEA,Manufacturing,Premium,29,36009,20880,Reference sample
ACC_0074,BizCorp_0074,2026-06-01,27,22273,18206,EMEA,Manufacturing,Premium,29,36009,20880,Reference sample
ACC_0074,BizCorp_0074,2026-07-01,29,26677,21847,EMEA,Manufacturing,Premium,29,36009,20880,Reference sample
ACC_0074,BizCorp_0074,2026-08-01,29,32049,26217,EMEA,Manufacturing,Premium,29,36009,20880,Reference sample
ACC_0075,BizCorp_0075,2026-03-01,8,5270,4677,APAC,Manufacturing,Standard,19,13900,18240,Reference sample
ACC_0075,BizCorp_0075,2026-04-01,10,5256,4274,APAC,Manufacturing,Standard,19,13900,18240,Reference sample
ACC_0075,BizCorp_0075,2026-05-01,8,4980,4169,APAC,Manufacturing,Standard,19,13900,18240,Reference sample
ACC_0075,BizCorp_0075,2026-06-01,8,4679,3960,APAC,Manufacturing,Standard,19,13900,18240,Reference sample
ACC_0075,BizCorp_0075,2026-07-01,10,6276,4865,APAC,Manufacturing,Standard,19,13900,18240,Reference sample
ACC_0075,BizCorp_0075,2026-08-01,8,5173,4536,APAC,Manufacturing,Standard,19,13900,18240,Reference sample
ACC_0076,BizCorp_0076,2026-03-01,203,336632,280998,AMER,Logistics,Enterprise,435,377317,234900,Reference sample
ACC_0076,BizCorp_0076,2026-04-01,179,287218,249895,AMER,Logistics,Enterprise,435,377317,234900,Reference sample
ACC_0076,BizCorp_0076,2026-05-01,181,272268,218327,AMER,Logistics,Enterprise,435,377317,234900,Reference sample
ACC_0076,BizCorp_0076,2026-06-01,181,292022,238912,AMER,Logistics,Enterprise,435,377317,234900,Reference sample
ACC_0076,BizCorp_0076,2026-07-01,194,313604,260243,AMER,Logistics,Enterprise,435,377317,234900,Reference sample
ACC_0076,BizCorp_0076,2026-08-01,199,331023,274907,AMER,Logistics,Enterprise,435,377317,234900,Reference sample
ACC_0077,BizCorp_0077,2026-03-01,159,325232,269327,AMER,Technology,Enterprise,254,447806,137160,Reference sample
ACC_0077,BizCorp_0077,2026-04-01,162,295861,251267,AMER,Technology,Enterprise,254,447806,137160,Reference sample
ACC_0077,BizCorp_0077,2026-05-01,155,377842,332032,AMER,Technology,Enterprise,254,447806,137160,Reference sample
ACC_0077,BizCorp_0077,2026-06-01,177,415629,349883,AMER,Technology,Enterprise,254,447806,137160,Reference sample
ACC_0077,BizCorp_0077,2026-07-01,213,536110,419860,AMER,Technology,Enterprise,254,447806,137160,Reference sample
ACC_0077,BizCorp_0077,2026-08-01,254,632175,503832,AMER,Technology,Enterprise,254,447806,137160,Reference sample
ACC_0078,BizCorp_0078,2026-03-01,20,13208,10976,APAC,Retail,Premium,35,27014,25200,Reference sample
ACC_0078,BizCorp_0078,2026-04-01,18,16571,13922,APAC,Retail,Premium,35,27014,25200,Reference sample
ACC_0078,BizCorp_0078,2026-05-01,21,14061,11198,APAC,Retail,Premium,35,27014,25200,Reference sample
ACC_0078,BizCorp_0078,2026-06-01,10,8155,6334,APAC,Retail,Premium,35,27014,25200,Reference sample
ACC_0078,BizCorp_0078,2026-07-01,5,3924,3167,APAC,Retail,Premium,35,27014,25200,Reference sample
ACC_0078,BizCorp_0078,2026-08-01,2,1784,1583,APAC,Retail,Premium,35,27014,25200,Reference sample
ACC_0079,BizCorp_0079,2026-03-01,6,4265,3335,APAC,Technology,Standard,13,9616,12480,Reference sample
ACC_0079,BizCorp_0079,2026-04-01,7,3044,2614,APAC,Technology,Standard,13,9616,12480,Reference sample
ACC_0079,BizCorp_0079,2026-05-01,7,3589,3169,APAC,Technology,Standard,13,9616,12480,Reference sample
ACC_0079,BizCorp_0079,2026-06-01,8,4458,3576,APAC,Technology,Standard,13,9616,12480,Reference sample
ACC_0079,BizCorp_0079,2026-07-01,9,4799,4292,APAC,Technology,Standard,13,9616,12480,Reference sample
ACC_0079,BizCorp_0079,2026-08-01,11,6392,5150,APAC,Technology,Standard,13,9616,12480,Reference sample
ACC_0080,BizCorp_0080,2026-03-01,125,168316,137692,APAC,Logistics,Enterprise,276,206743,149040,Reference sample
ACC_0080,BizCorp_0080,2026-04-01,111,135640,122333,APAC,Logistics,Enterprise,276,206743,149040,Reference sample
ACC_0080,BizCorp_0080,2026-05-01,111,145971,114554,APAC,Logistics,Enterprise,276,206743,149040,Reference sample
ACC_0080,BizCorp_0080,2026-06-01,59,76677,60256,APAC,Logistics,Enterprise,276,206743,149040,Reference sample
ACC_0080,BizCorp_0080,2026-07-01,29,34117,30128,APAC,Logistics,Enterprise,276,206743,149040,Reference sample
ACC_0080,BizCorp_0080,2026-08-01,14,17006,15064,APAC,Logistics,Enterprise,276,206743,149040,Reference sample
ACC_0081,BizCorp_0081,2026-03-01,50,26575,21689,EMEA,Financial Services,Premium,85,52016,61200,Reference sample
ACC_0081,BizCorp_0081,2026-04-01,44,22364,19608,EMEA,Financial Services,Premium,85,52016,61200,Reference sample
ACC_0081,BizCorp_0081,2026-05-01,49,24324,20411,EMEA,Financial Services,Premium,85,52016,61200,Reference sample
ACC_0081,BizCorp_0081,2026-06-01,51,24590,22332,EMEA,Financial Services,Premium,85,52016,61200,Reference sample
ACC_0081,BizCorp_0081,2026-07-01,51,24734,20311,EMEA,Financial Services,Premium,85,52016,61200,Reference sample
ACC_0081,BizCorp_0081,2026-08-01,48,23935,21450,EMEA,Financial Services,Premium,85,52016,61200,Reference sample
ACC_0082,BizCorp_0082,2026-03-01,9,6365,5032,AMER,Financial Services,Standard,18,9533,17280,Reference sample
ACC_0082,BizCorp_0082,2026-04-01,8,5444,4424,AMER,Financial Services,Standard,18,9533,17280,Reference sample
ACC_0082,BizCorp_0082,2026-05-01,8,6749,5472,AMER,Financial Services,Standard,18,9533,17280,Reference sample
ACC_0082,BizCorp_0082,2026-06-01,9,5967,4647,AMER,Financial Services,Standard,18,9533,17280,Reference sample
ACC_0082,BizCorp_0082,2026-07-01,8,5477,4823,AMER,Financial Services,Standard,18,9533,17280,Reference sample
ACC_0082,BizCorp_0082,2026-08-01,9,6328,5111,AMER,Financial Services,Standard,18,9533,17280,Reference sample
ACC_0083,BizCorp_0083,2026-03-01,28,39965,31878,EMEA,Technology,Premium,37,61753,26640,Reference sample
ACC_0083,BizCorp_0083,2026-04-01,28,52397,41452,EMEA,Technology,Premium,37,61753,26640,Reference sample
ACC_0083,BizCorp_0083,2026-05-01,30,45464,40849,EMEA,Technology,Premium,37,61753,26640,Reference sample
ACC_0083,BizCorp_0083,2026-06-01,28,41762,32835,EMEA,Technology,Premium,37,61753,26640,Reference sample
ACC_0083,BizCorp_0083,2026-07-01,28,41198,36077,EMEA,Technology,Premium,37,61753,26640,Reference sample
ACC_0083,BizCorp_0083,2026-08-01,27,39009,32126,EMEA,Technology,Premium,37,61753,26640,Reference sample
ACC_0084,BizCorp_0084,2026-03-01,210,297077,256668,APAC,Healthcare,Enterprise,327,389239,176580,Reference sample
ACC_0084,BizCorp_0084,2026-04-01,198,255066,211660,APAC,Healthcare,Enterprise,327,389239,176580,Reference sample
ACC_0084,BizCorp_0084,2026-05-01,213,241144,214171,APAC,Healthcare,Enterprise,327,389239,176580,Reference sample
ACC_0084,BizCorp_0084,2026-06-01,196,276321,225316,APAC,Healthcare,Enterprise,327,389239,176580,Reference sample
ACC_0084,BizCorp_0084,2026-07-01,193,247408,202482,APAC,Healthcare,Enterprise,327,389239,176580,Reference sample
ACC_0084,BizCorp_0084,2026-08-01,202,281897,256197,APAC,Healthcare,Enterprise,327,389239,176580,Reference sample
ACC_0085,BizCorp_0085,2026-03-01,64,109511,89539,AMER,Logistics,Enterprise,105,158654,56700,Reference sample
ACC_0085,BizCorp_0085,2026-04-01,60,99179,84774,AMER,Logistics,Enterprise,105,158654,56700,Reference sample
ACC_0085,BizCorp_0085,2026-05-01,65,110146,89687,AMER,Logistics,Enterprise,105,158654,56700,Reference sample
ACC_0085,BizCorp_0085,2026-06-01,63,101252,90926,AMER,Logistics,Enterprise,105,158654,56700,Reference sample
ACC_0085,BizCorp_0085,2026-07-01,59,124876,99630,AMER,Logistics,Enterprise,105,158654,56700,Reference sample
ACC_0085,BizCorp_0085,2026-08-01,56,109958,93248,AMER,Logistics,Enterprise,105,158654,56700,Reference sample
ACC_0086,BizCorp_0086,2026-03-01,4,5620,4700,APAC,Retail,Standard,6,11049,5760,Reference sample
ACC_0086,BizCorp_0086,2026-04-01,4,4046,3590,APAC,Retail,Standard,6,11049,5760,Reference sample
ACC_0086,BizCorp_0086,2026-05-01,4,5247,4122,APAC,Retail,Standard,6,11049,5760,Reference sample
ACC_0086,BizCorp_0086,2026-06-01,4,5209,4125,APAC,Retail,Standard,6,11049,5760,Reference sample
ACC_0086,BizCorp_0086,2026-07-01,4,4354,3616,APAC,Retail,Standard,6,11049,5760,Reference sample
ACC_0086,BizCorp_0086,2026-08-01,4,5322,4395,APAC,Retail,Standard,6,11049,5760,Reference sample
ACC_0087,BizCorp_0087,2026-03-01,9,5318,4543,AMER,Manufacturing,Standard,18,7088,17280,Reference sample
ACC_0087,BizCorp_0087,2026-04-01,9,4204,3801,AMER,Manufacturing,Standard,18,7088,17280,Reference sample
ACC_0087,BizCorp_0087,2026-05-01,9,5358,4224,AMER,Manufacturing,Standard,18,7088,17280,Reference sample
ACC_0087,BizCorp_0087,2026-06-01,8,4796,3935,AMER,Manufacturing,Standard,18,7088,17280,Reference sample
ACC_0087,BizCorp_0087,2026-07-01,9,5432,4377,AMER,Manufacturing,Standard,18,7088,17280,Reference sample
ACC_0087,BizCorp_0087,2026-08-01,8,4137,3498,AMER,Manufacturing,Standard,18,7088,17280,Reference sample
ACC_0088,BizCorp_0088,2026-03-01,20,22097,18338,AMER,Logistics,Premium,26,43449,18720,Reference sample
ACC_0088,BizCorp_0088,2026-04-01,18,20772,18757,AMER,Logistics,Premium,26,43449,18720,Reference sample
ACC_0088,BizCorp_0088,2026-05-01,18,20552,17110,AMER,Logistics,Premium,26,43449,18720,Reference sample
ACC_0088,BizCorp_0088,2026-06-01,23,29468,23391,AMER,Logistics,Premium,26,43449,18720,Reference sample
ACC_0088,BizCorp_0088,2026-07-01,26,35956,28069,AMER,Logistics,Premium,26,43449,18720,Reference sample
ACC_0088,BizCorp_0088,2026-08-01,26,38089,33683,AMER,Logistics,Premium,26,43449,18720,Reference sample
ACC_0089,BizCorp_0089,2026-03-01,6,7820,6929,APAC,Healthcare,Standard,8,10794,7680,Reference sample
ACC_0089,BizCorp_0089,2026-04-01,6,9037,7019,APAC,Healthcare,Standard,8,10794,7680,Reference sample
ACC_0089,BizCorp_0089,2026-05-01,6,7089,5695,APAC,Healthcare,Standard,8,10794,7680,Reference sample
ACC_0089,BizCorp_0089,2026-06-01,3,3813,3200,APAC,Healthcare,Standard,8,10794,7680,Reference sample
ACC_0089,BizCorp_0089,2026-07-01,1,1988,1600,APAC,Healthcare,Standard,8,10794,7680,Reference sample
ACC_0089,BizCorp_0089,2026-08-01,1,963,800,APAC,Healthcare,Standard,8,10794,7680,Reference sample
ACC_0090,BizCorp_0090,2026-03-01,271,74562,63911,AMER,Technology,Enterprise,484,181030,261360,Reference sample
ACC_0090,BizCorp_0090,2026-04-01,273,63477,50651,AMER,Technology,Enterprise,484,181030,261360,Reference sample
ACC_0090,BizCorp_0090,2026-05-01,266,61658,49260,AMER,Technology,Enterprise,484,181030,261360,Reference sample
ACC_0090,BizCorp_0090,2026-06-01,260,59846,52492,AMER,Technology,Enterprise,484,181030,261360,Reference sample
ACC_0090,BizCorp_0090,2026-07-01,242,72832,58054,AMER,Technology,Enterprise,484,181030,261360,Reference sample
ACC_0090,BizCorp_0090,2026-08-01,262,60620,53575,AMER,Technology,Enterprise,484,181030,261360,Reference sample
ACC_0091,BizCorp_0091,2026-03-01,7,3167,2707,AMER,Logistics,Standard,18,5406,17280,Reference sample
ACC_0091,BizCorp_0091,2026-04-01,7,3287,2649,AMER,Logistics,Standard,18,5406,17280,Reference sample
ACC_0091,BizCorp_0091,2026-05-01,6,3054,2741,AMER,Logistics,Standard,18,5406,17280,Reference sample
ACC_0091,BizCorp_0091,2026-06-01,7,3358,2825,AMER,Logistics,Standard,18,5406,17280,Reference sample
ACC_0091,BizCorp_0091,2026-07-01,6,3633,2942,AMER,Logistics,Standard,18,5406,17280,Reference sample
ACC_0091,BizCorp_0091,2026-08-01,6,3047,2571,AMER,Logistics,Standard,18,5406,17280,Reference sample
ACC_0092,BizCorp_0092,2026-03-01,51,59890,50363,APAC,Logistics,Premium,73,72575,52560,Reference sample
ACC_0092,BizCorp_0092,2026-04-01,48,51567,45249,APAC,Logistics,Premium,73,72575,52560,Reference sample
ACC_0092,BizCorp_0092,2026-05-01,52,58091,52067,APAC,Logistics,Premium,73,72575,52560,Reference sample
ACC_0092,BizCorp_0092,2026-06-01,53,62407,51425,APAC,Logistics,Premium,73,72575,52560,Reference sample
ACC_0092,BizCorp_0092,2026-07-01,45,64424,51967,APAC,Logistics,Premium,73,72575,52560,Reference sample
ACC_0092,BizCorp_0092,2026-08-01,45,55221,44936,APAC,Logistics,Premium,73,72575,52560,Reference sample
ACC_0093,BizCorp_0093,2026-03-01,7,6654,5778,APAC,Financial Services,Standard,13,7608,12480,Reference sample
ACC_0093,BizCorp_0093,2026-04-01,7,5998,4674,APAC,Financial Services,Standard,13,7608,12480,Reference sample
ACC_0093,BizCorp_0093,2026-05-01,7,6668,5724,APAC,Financial Services,Standard,13,7608,12480,Reference sample
ACC_0093,BizCorp_0093,2026-06-01,9,7422,6198,APAC,Financial Services,Standard,13,7608,12480,Reference sample
ACC_0093,BizCorp_0093,2026-07-01,11,8279,7438,APAC,Financial Services,Standard,13,7608,12480,Reference sample
ACC_0093,BizCorp_0093,2026-08-01,13,10020,8926,APAC,Financial Services,Standard,13,7608,12480,Reference sample
ACC_0094,BizCorp_0094,2026-03-01,15,21737,19314,AMER,Technology,Premium,25,50847,18000,Reference sample
ACC_0094,BizCorp_0094,2026-04-01,13,25831,20512,AMER,Technology,Premium,25,50847,18000,Reference sample
ACC_0094,BizCorp_0094,2026-05-01,14,24624,19567,AMER,Technology,Premium,25,50847,18000,Reference sample
ACC_0094,BizCorp_0094,2026-06-01,17,27114,22473,AMER,Technology,Premium,25,50847,18000,Reference sample
ACC_0094,BizCorp_0094,2026-07-01,21,31826,26968,AMER,Technology,Premium,25,50847,18000,Reference sample
ACC_0094,BizCorp_0094,2026-08-01,25,38272,32361,AMER,Technology,Premium,25,50847,18000,Reference sample
ACC_0095,BizCorp_0095,2026-03-01,39,33165,26264,AMER,Technology,Premium,65,40000,46800,Reference sample
ACC_0095,BizCorp_0095,2026-04-01,40,35533,29934,AMER,Technology,Premium,65,40000,46800,Reference sample
ACC_0095,BizCorp_0095,2026-05-01,42,32065,27950,AMER,Technology,Premium,65,40000,46800,Reference sample
ACC_0095,BizCorp_0095,2026-06-01,41,30982,24089,AMER,Technology,Premium,65,40000,46800,Reference sample
ACC_0095,BizCorp_0095,2026-07-01,40,33471,27471,AMER,Technology,Premium,65,40000,46800,Reference sample
ACC_0095,BizCorp_0095,2026-08-01,39,35451,28038,AMER,Technology,Premium,65,40000,46800,Reference sample
ACC_0096,BizCorp_0096,2026-03-01,5,6859,5626,EMEA,Manufacturing,Standard,11,11528,10560,Reference sample
ACC_0096,BizCorp_0096,2026-04-01,6,6210,5053,EMEA,Manufacturing,Standard,11,11528,10560,Reference sample
ACC_0096,BizCorp_0096,2026-05-01,5,5501,4878,EMEA,Manufacturing,Standard,11,11528,10560,Reference sample
ACC_0096,BizCorp_0096,2026-06-01,5,7239,5737,EMEA,Manufacturing,Standard,11,11528,10560,Reference sample
ACC_0096,BizCorp_0096,2026-07-01,6,6650,5586,EMEA,Manufacturing,Standard,11,11528,10560,Reference sample
ACC_0096,BizCorp_0096,2026-08-01,5,6558,5514,EMEA,Manufacturing,Standard,11,11528,10560,Reference sample
ACC_0097,BizCorp_0097,2026-03-01,8,5985,5156,APAC,Retail,Standard,13,10753,12480,Reference sample
ACC_0097,BizCorp_0097,2026-04-01,9,5830,4497,APAC,Retail,Standard,13,10753,12480,Reference sample
ACC_0097,BizCorp_0097,2026-05-01,8,4430,4022,APAC,Retail,Standard,13,10753,12480,Reference sample
ACC_0097,BizCorp_0097,2026-06-01,9,5014,4455,APAC,Retail,Standard,13,10753,12480,Reference sample
ACC_0097,BizCorp_0097,2026-07-01,8,5331,4407,APAC,Retail,Standard,13,10753,12480,Reference sample
ACC_0097,BizCorp_0097,2026-08-01,7,6152,4867,APAC,Retail,Standard,13,10753,12480,Reference sample
ACC_0098,BizCorp_0098,2026-03-01,35,20542,16865,AMER,Financial Services,Premium,89,41702,64080,Reference sample
ACC_0098,BizCorp_0098,2026-04-01,40,21629,18311,AMER,Financial Services,Premium,89,41702,64080,Reference sample
ACC_0098,BizCorp_0098,2026-05-01,38,17844,15726,AMER,Financial Services,Premium,89,41702,64080,Reference sample
ACC_0098,BizCorp_0098,2026-06-01,19,9709,8609,AMER,Financial Services,Premium,89,41702,64080,Reference sample
ACC_0098,BizCorp_0098,2026-07-01,9,5212,4304,AMER,Financial Services,Premium,89,41702,64080,Reference sample
ACC_0098,BizCorp_0098,2026-08-01,4,2730,2152,AMER,Financial Services,Premium,89,41702,64080,Reference sample
ACC_0099,BizCorp_0099,2026-03-01,34,24866,22067,EMEA,Financial Services,Premium,43,58049,30960,Reference sample
ACC_0099,BizCorp_0099,2026-04-01,28,22329,17946,EMEA,Financial Services,Premium,43,58049,30960,Reference sample
ACC_0099,BizCorp_0099,2026-05-01,31,26737,20598,EMEA,Financial Services,Premium,43,58049,30960,Reference sample
ACC_0099,BizCorp_0099,2026-06-01,15,11725,10498,EMEA,Financial Services,Premium,43,58049,30960,Reference sample
ACC_0099,BizCorp_0099,2026-07-01,7,6448,5249,EMEA,Financial Services,Premium,43,58049,30960,Reference sample
ACC_0099,BizCorp_0099,2026-08-01,3,3104,2624,EMEA,Financial Services,Premium,43,58049,30960,Reference sample
ACC_0100,BizCorp_0100,2026-03-01,14,7612,6392,APAC,Manufacturing,Standard,18,10663,17280,Reference sample
ACC_0100,BizCorp_0100,2026-04-01,13,7951,6756,APAC,Manufacturing,Standard,18,10663,17280,Reference sample
ACC_0100,BizCorp_0100,2026-05-01,12,6636,6025,APAC,Manufacturing,Standard,18,10663,17280,Reference sample
ACC_0100,BizCorp_0100,2026-06-01,16,8873,7397,APAC,Manufacturing,Standard,18,10663,17280,Reference sample
ACC_0100,BizCorp_0100,2026-07-01,18,11062,8877,APAC,Manufacturing,Standard,18,10663,17280,Reference sample
ACC_0100,BizCorp_0100,2026-08-01,18,13234,10652,APAC,Manufacturing,Standard,18,10663,17280,Reference sample
ACC_0101,BizCorp_0101,2026-03-01,53,38504,31727,EMEA,Logistics,Premium,103,70349,74160,Simulated
ACC_0101,BizCorp_0101,2026-04-01,57,29340,24526,EMEA,Logistics,Premium,103,70349,74160,Simulated
ACC_0101,BizCorp_0101,2026-05-01,57,30866,24767,EMEA,Logistics,Premium,103,70349,74160,Simulated
ACC_0101,BizCorp_0101,2026-06-01,27,17989,13873,EMEA,Logistics,Premium,103,70349,74160,Simulated
ACC_0101,BizCorp_0101,2026-07-01,13,8994,6936,EMEA,Logistics,Premium,103,70349,74160,Simulated
ACC_0101,BizCorp_0101,2026-08-01,6,4355,3468,EMEA,Logistics,Premium,103,70349,74160,Simulated
ACC_0102,BizCorp_0102,2026-03-01,122,134706,109863,AMER,Technology,Enterprise,308,313691,166320,Simulated
ACC_0102,BizCorp_0102,2026-04-01,124,154572,124976,AMER,Technology,Enterprise,308,313691,166320,Simulated
ACC_0102,BizCorp_0102,2026-05-01,121,148909,121797,AMER,Technology,Enterprise,308,313691,166320,Simulated
ACC_0102,BizCorp_0102,2026-06-01,144,182817,142746,AMER,Technology,Enterprise,308,313691,166320,Simulated
ACC_0102,BizCorp_0102,2026-07-01,173,206754,171295,AMER,Technology,Enterprise,308,313691,166320,Simulated
ACC_0102,BizCorp_0102,2026-08-01,198,226553,205555,AMER,Technology,Enterprise,308,313691,166320,Simulated
ACC_0103,BizCorp_0103,2026-03-01,13,33266,25746,AMER,Logistics,Premium,39,96961,28080,Simulated
ACC_0103,BizCorp_0103,2026-04-01,13,27347,24703,AMER,Logistics,Premium,39,96961,28080,Simulated
ACC_0103,BizCorp_0103,2026-05-01,13,35299,28344,AMER,Logistics,Premium,39,96961,28080,Simulated
ACC_0103,BizCorp_0103,2026-06-01,15,38377,31645,AMER,Logistics,Premium,39,96961,28080,Simulated
ACC_0103,BizCorp_0103,2026-07-01,18,42237,37974,AMER,Logistics,Premium,39,96961,28080,Simulated
ACC_0103,BizCorp_0103,2026-08-01,21,54438,45569,AMER,Logistics,Premium,39,96961,28080,Simulated
ACC_0104,BizCorp_0104,2026-03-01,289,324021,293110,APAC,Technology,Enterprise,539,377166,291060,Simulated
ACC_0104,BizCorp_0104,2026-04-01,301,271025,242991,APAC,Technology,Enterprise,539,377166,291060,Simulated
ACC_0104,BizCorp_0104,2026-05-01,319,309790,253271,APAC,Technology,Enterprise,539,377166,291060,Simulated
ACC_0104,BizCorp_0104,2026-06-01,288,316656,253673,APAC,Technology,Enterprise,539,377166,291060,Simulated
ACC_0104,BizCorp_0104,2026-07-01,308,383435,307291,APAC,Technology,Enterprise,539,377166,291060,Simulated
ACC_0104,BizCorp_0104,2026-08-01,311,298451,262934,APAC,Technology,Enterprise,539,377166,291060,Simulated
ACC_0105,BizCorp_0105,2026-03-01,48,16214,14518,APAC,Financial Services,Premium,89,29256,64080,Simulated
ACC_0105,BizCorp_0105,2026-04-01,41,19472,17220,APAC,Financial Services,Premium,89,29256,64080,Simulated
ACC_0105,BizCorp_0105,2026-05-01,45,21936,17492,APAC,Financial Services,Premium,89,29256,64080,Simulated
ACC_0105,BizCorp_0105,2026-06-01,42,18367,14963,APAC,Financial Services,Premium,89,29256,64080,Simulated
ACC_0105,BizCorp_0105,2026-07-01,42,19063,16307,APAC,Financial Services,Premium,89,29256,64080,Simulated
ACC_0105,BizCorp_0105,2026-08-01,46,18424,16404,APAC,Financial Services,Premium,89,29256,64080,Simulated
ACC_0106,BizCorp_0106,2026-03-01,152,320072,249182,EMEA,Manufacturing,Enterprise,303,402431,163620,Simulated
ACC_0106,BizCorp_0106,2026-04-01,144,272989,231737,EMEA,Manufacturing,Enterprise,303,402431,163620,Simulated
ACC_0106,BizCorp_0106,2026-05-01,145,263087,221651,EMEA,Manufacturing,Enterprise,303,402431,163620,Simulated
ACC_0106,BizCorp_0106,2026-06-01,146,281437,239236,EMEA,Manufacturing,Enterprise,303,402431,163620,Simulated
ACC_0106,BizCorp_0106,2026-07-01,147,286174,221639,EMEA,Manufacturing,Enterprise,303,402431,163620,Simulated
ACC_0106,BizCorp_0106,2026-08-01,140,259566,221707,EMEA,Manufacturing,Enterprise,303,402431,163620,Simulated
ACC_0107,BizCorp_0107,2026-03-01,52,26503,21027,EMEA,Healthcare,Premium,146,74186,105120,Simulated
ACC_0107,BizCorp_0107,2026-04-01,52,27604,23154,EMEA,Healthcare,Premium,146,74186,105120,Simulated
ACC_0107,BizCorp_0107,2026-05-01,56,25717,20834,EMEA,Healthcare,Premium,146,74186,105120,Simulated
ACC_0107,BizCorp_0107,2026-06-01,65,33986,27100,EMEA,Healthcare,Premium,146,74186,105120,Simulated
ACC_0107,BizCorp_0107,2026-07-01,78,39153,32520,EMEA,Healthcare,Premium,146,74186,105120,Simulated
ACC_0107,BizCorp_0107,2026-08-01,85,48217,39025,EMEA,Healthcare,Premium,146,74186,105120,Simulated
ACC_0108,BizCorp_0108,2026-03-01,34,20565,17395,AMER,Retail,Premium,95,33560,68400,Simulated
ACC_0108,BizCorp_0108,2026-04-01,38,24689,21097,AMER,Retail,Premium,95,33560,68400,Simulated
ACC_0108,BizCorp_0108,2026-05-01,39,20473,18498,AMER,Retail,Premium,95,33560,68400,Simulated
ACC_0108,BizCorp_0108,2026-06-01,38,21119,17328,AMER,Retail,Premium,95,33560,68400,Simulated
ACC_0108,BizCorp_0108,2026-07-01,40,22307,18287,AMER,Retail,Premium,95,33560,68400,Simulated
ACC_0108,BizCorp_0108,2026-08-01,34,25395,22730,AMER,Retail,Premium,95,33560,68400,Simulated
ACC_0109,BizCorp_0109,2026-03-01,6,8928,7853,AMER,Healthcare,Standard,11,18226,10560,Simulated
ACC_0109,BizCorp_0109,2026-04-01,5,7551,6516,AMER,Healthcare,Standard,11,18226,10560,Simulated
ACC_0109,BizCorp_0109,2026-05-01,6,7479,6282,AMER,Healthcare,Standard,11,18226,10560,Simulated
ACC_0109,BizCorp_0109,2026-06-01,6,9635,7780,AMER,Healthcare,Standard,11,18226,10560,Simulated
ACC_0109,BizCorp_0109,2026-07-01,6,8960,7782,AMER,Healthcare,Standard,11,18226,10560,Simulated
ACC_0109,BizCorp_0109,2026-08-01,6,7472,6717,AMER,Healthcare,Standard,11,18226,10560,Simulated
ACC_0110,BizCorp_0110,2026-03-01,281,68424,57591,AMER,Retail,Enterprise,521,220346,281340,Simulated
ACC_0110,BizCorp_0110,2026-04-01,257,85462,69933,AMER,Retail,Enterprise,521,220346,281340,Simulated
ACC_0110,BizCorp_0110,2026-05-01,241,69778,61818,AMER,Retail,Enterprise,521,220346,281340,Simulated
ACC_0110,BizCorp_0110,2026-06-01,309,93226,74359,AMER,Retail,Enterprise,521,220346,281340,Simulated
ACC_0110,BizCorp_0110,2026-07-01,371,102051,89231,AMER,Retail,Enterprise,521,220346,281340,Simulated
ACC_0110,BizCorp_0110,2026-08-01,445,131562,107077,AMER,Retail,Enterprise,521,220346,281340,Simulated
ACC_0111,BizCorp_0111,2026-03-01,45,22416,19491,APAC,Technology,Premium,75,65906,54000,Simulated
ACC_0111,BizCorp_0111,2026-04-01,48,24122,21352,APAC,Technology,Premium,75,65906,54000,Simulated
ACC_0111,BizCorp_0111,2026-05-01,50,26581,21560,APAC,Technology,Premium,75,65906,54000,Simulated
ACC_0111,BizCorp_0111,2026-06-01,59,26409,22899,APAC,Technology,Premium,75,65906,54000,Simulated
ACC_0111,BizCorp_0111,2026-07-01,71,34073,27478,APAC,Technology,Premium,75,65906,54000,Simulated
ACC_0111,BizCorp_0111,2026-08-01,72,42237,32974,APAC,Technology,Premium,75,65906,54000,Simulated
ACC_0112,BizCorp_0112,2026-03-01,28,40523,31938,EMEA,Technology,Premium,47,67432,33840,Simulated
ACC_0112,BizCorp_0112,2026-04-01,30,42704,35351,EMEA,Technology,Premium,47,67432,33840,Simulated
ACC_0112,BizCorp_0112,2026-05-01,25,46751,36999,EMEA,Technology,Premium,47,67432,33840,Simulated
ACC_0112,BizCorp_0112,2026-06-01,28,42754,33220,EMEA,Technology,Premium,47,67432,33840,Simulated
ACC_0112,BizCorp_0112,2026-07-01,27,40524,34339,EMEA,Technology,Premium,47,67432,33840,Simulated
ACC_0112,BizCorp_0112,2026-08-01,29,41421,37045,EMEA,Technology,Premium,47,67432,33840,Simulated
ACC_0113,BizCorp_0113,2026-03-01,120,197226,173718,APAC,Healthcare,Enterprise,213,323334,115020,Simulated
ACC_0113,BizCorp_0113,2026-04-01,103,182751,160562,APAC,Healthcare,Enterprise,213,323334,115020,Simulated
ACC_0113,BizCorp_0113,2026-05-01,119,228214,186127,APAC,Healthcare,Enterprise,213,323334,115020,Simulated
ACC_0113,BizCorp_0113,2026-06-01,57,97464,83171,APAC,Healthcare,Enterprise,213,323334,115020,Simulated
ACC_0113,BizCorp_0113,2026-07-01,28,46449,41585,APAC,Healthcare,Enterprise,213,323334,115020,Simulated
ACC_0113,BizCorp_0113,2026-08-01,14,25502,20792,APAC,Healthcare,Enterprise,213,323334,115020,Simulated
ACC_0114,BizCorp_0114,2026-03-01,99,170925,142694,EMEA,Technology,Enterprise,105,232809,56700,Simulated
ACC_0114,BizCorp_0114,2026-04-01,87,163211,140512,EMEA,Technology,Enterprise,105,232809,56700,Simulated
ACC_0114,BizCorp_0114,2026-05-01,96,181744,152744,EMEA,Technology,Enterprise,105,232809,56700,Simulated
ACC_0114,BizCorp_0114,2026-06-01,105,132837,119543,EMEA,Technology,Enterprise,105,232809,56700,Simulated
ACC_0114,BizCorp_0114,2026-07-01,101,134592,119783,EMEA,Technology,Enterprise,105,232809,56700,Simulated
ACC_0114,BizCorp_0114,2026-08-01,101,173736,145792,EMEA,Technology,Enterprise,105,232809,56700,Simulated
ACC_0115,BizCorp_0115,2026-03-01,4,4864,4061,APAC,Logistics,Standard,7,10737,6720,Simulated
ACC_0115,BizCorp_0115,2026-04-01,4,5209,4257,APAC,Logistics,Standard,7,10737,6720,Simulated
ACC_0115,BizCorp_0115,2026-05-01,4,4370,3963,APAC,Logistics,Standard,7,10737,6720,Simulated
ACC_0115,BizCorp_0115,2026-06-01,5,5377,4254,APAC,Logistics,Standard,7,10737,6720,Simulated
ACC_0115,BizCorp_0115,2026-07-01,4,4966,3920,APAC,Logistics,Standard,7,10737,6720,Simulated
ACC_0115,BizCorp_0115,2026-08-01,4,4665,4155,APAC,Logistics,Standard,7,10737,6720,Simulated
ACC_0116,BizCorp_0116,2026-03-01,171,144293,115658,APAC,Retail,Enterprise,179,175316,96660,Simulated
ACC_0116,BizCorp_0116,2026-04-01,174,115168,93117,APAC,Retail,Enterprise,179,175316,96660,Simulated
ACC_0116,BizCorp_0116,2026-05-01,179,128577,99446,APAC,Retail,Enterprise,179,175316,96660,Simulated
ACC_0116,BizCorp_0116,2026-06-01,167,102968,90746,APAC,Retail,Enterprise,179,175316,96660,Simulated
ACC_0116,BizCorp_0116,2026-07-01,162,122576,97943,APAC,Retail,Enterprise,179,175316,96660,Simulated
ACC_0116,BizCorp_0116,2026-08-01,165,114399,100970,APAC,Retail,Enterprise,179,175316,96660,Simulated
ACC_0117,BizCorp_0117,2026-03-01,183,92976,76055,APAC,Retail,Enterprise,377,164227,203580,Simulated
ACC_0117,BizCorp_0117,2026-04-01,210,70489,58869,APAC,Retail,Enterprise,377,164227,203580,Simulated
ACC_0117,BizCorp_0117,2026-05-01,179,69588,62253,APAC,Retail,Enterprise,377,164227,203580,Simulated
ACC_0117,BizCorp_0117,2026-06-01,205,90959,76873,APAC,Retail,Enterprise,377,164227,203580,Simulated
ACC_0117,BizCorp_0117,2026-07-01,211,92278,74510,APAC,Retail,Enterprise,377,164227,203580,Simulated
ACC_0117,BizCorp_0117,2026-08-01,187,86451,71767,APAC,Retail,Enterprise,377,164227,203580,Simulated
ACC_0118,BizCorp_0118,2026-03-01,3,4262,3428,AMER,Healthcare,Standard,10,9183,9600,Simulated
ACC_0118,BizCorp_0118,2026-04-01,3,3694,2920,AMER,Healthcare,Standard,10,9183,9600,Simulated
ACC_0118,BizCorp_0118,2026-05-01,2,3938,3251,AMER,Healthcare,Standard,10,9183,9600,Simulated
ACC_0118,BizCorp_0118,2026-06-01,3,4551,3998,AMER,Healthcare,Standard,10,9183,9600,Simulated
ACC_0118,BizCorp_0118,2026-07-01,4,6224,4798,AMER,Healthcare,Standard,10,9183,9600,Simulated
ACC_0118,BizCorp_0118,2026-08-01,5,7458,5758,AMER,Healthcare,Standard,10,9183,9600,Simulated
ACC_0119,BizCorp_0119,2026-03-01,14,9927,8102,EMEA,Financial Services,Standard,16,17830,15360,Simulated
ACC_0119,BizCorp_0119,2026-04-01,13,7961,7092,EMEA,Financial Services,Standard,16,17830,15360,Simulated
ACC_0119,BizCorp_0119,2026-05-01,13,11585,9035,EMEA,Financial Services,Standard,16,17830,15360,Simulated
ACC_0119,BizCorp_0119,2026-06-01,7,4911,4095,EMEA,Financial Services,Standard,16,17830,15360,Simulated
ACC_0119,BizCorp_0119,2026-07-01,3,2317,2047,EMEA,Financial Services,Standard,16,17830,15360,Simulated
ACC_0119,BizCorp_0119,2026-08-01,1,1314,1023,EMEA,Financial Services,Standard,16,17830,15360,Simulated
ACC_0120,BizCorp_0120,2026-03-01,11,6498,5153,AMER,Manufacturing,Standard,16,10207,15360,Simulated
ACC_0120,BizCorp_0120,2026-04-01,11,5841,4680,AMER,Manufacturing,Standard,16,10207,15360,Simulated
ACC_0120,BizCorp_0120,2026-05-01,12,6153,4895,AMER,Manufacturing,Standard,16,10207,15360,Simulated
ACC_0120,BizCorp_0120,2026-06-01,11,6136,4798,AMER,Manufacturing,Standard,16,10207,15360,Simulated
ACC_0120,BizCorp_0120,2026-07-01,11,6494,5574,AMER,Manufacturing,Standard,16,10207,15360,Simulated
ACC_0120,BizCorp_0120,2026-08-01,10,6654,5711,AMER,Manufacturing,Standard,16,10207,15360,Simulated
ACC_0121,BizCorp_0121,2026-03-01,2,2987,2542,APAC,Healthcare,Standard,4,3396,3840,Simulated
ACC_0121,BizCorp_0121,2026-04-01,2,2714,2268,APAC,Healthcare,Standard,4,3396,3840,Simulated
ACC_0121,BizCorp_0121,2026-05-01,2,2627,2044,APAC,Healthcare,Standard,4,3396,3840,Simulated
ACC_0121,BizCorp_0121,2026-06-01,2,2492,2211,APAC,Healthcare,Standard,4,3396,3840,Simulated
ACC_0121,BizCorp_0121,2026-07-01,2,3081,2379,APAC,Healthcare,Standard,4,3396,3840,Simulated
ACC_0121,BizCorp_0121,2026-08-01,2,2516,2032,APAC,Healthcare,Standard,4,3396,3840,Simulated
ACC_0122,BizCorp_0122,2026-03-01,9,2449,1956,AMER,Financial Services,Standard,11,4481,10560,Simulated
ACC_0122,BizCorp_0122,2026-04-01,9,2129,1882,AMER,Financial Services,Standard,11,4481,10560,Simulated
ACC_0122,BizCorp_0122,2026-05-01,10,2917,2277,AMER,Financial Services,Standard,11,4481,10560,Simulated
ACC_0122,BizCorp_0122,2026-06-01,9,2334,2037,AMER,Financial Services,Standard,11,4481,10560,Simulated
ACC_0122,BizCorp_0122,2026-07-01,9,2567,2018,AMER,Financial Services,Standard,11,4481,10560,Simulated
ACC_0122,BizCorp_0122,2026-08-01,9,2371,1989,AMER,Financial Services,Standard,11,4481,10560,Simulated
ACC_0123,BizCorp_0123,2026-03-01,12,4923,4049,AMER,Logistics,Standard,24,9109,23040,Simulated
ACC_0123,BizCorp_0123,2026-04-01,14,4957,4388,AMER,Logistics,Standard,24,9109,23040,Simulated
ACC_0123,BizCorp_0123,2026-05-01,13,4712,3636,AMER,Logistics,Standard,24,9109,23040,Simulated
ACC_0123,BizCorp_0123,2026-06-01,11,5307,4233,AMER,Logistics,Standard,24,9109,23040,Simulated
ACC_0123,BizCorp_0123,2026-07-01,11,5154,4310,AMER,Logistics,Standard,24,9109,23040,Simulated
ACC_0123,BizCorp_0123,2026-08-01,13,5573,4682,AMER,Logistics,Standard,24,9109,23040,Simulated
ACC_0124,BizCorp_0124,2026-03-01,174,275467,240877,APAC,Manufacturing,Enterprise,244,431241,131760,Simulated
ACC_0124,BizCorp_0124,2026-04-01,162,296898,228420,APAC,Manufacturing,Enterprise,244,431241,131760,Simulated
ACC_0124,BizCorp_0124,2026-05-01,151,294851,260387,APAC,Manufacturing,Enterprise,244,431241,131760,Simulated
ACC_0124,BizCorp_0124,2026-06-01,166,307896,253052,APAC,Manufacturing,Enterprise,244,431241,131760,Simulated
ACC_0124,BizCorp_0124,2026-07-01,183,276434,245126,APAC,Manufacturing,Enterprise,244,431241,131760,Simulated
ACC_0124,BizCorp_0124,2026-08-01,174,285951,224397,APAC,Manufacturing,Enterprise,244,431241,131760,Simulated
ACC_0125,BizCorp_0125,2026-03-01,327,131006,105808,AMER,Healthcare,Enterprise,469,218070,253260,Simulated
ACC_0125,BizCorp_0125,2026-04-01,321,128690,102905,AMER,Healthcare,Enterprise,469,218070,253260,Simulated
ACC_0125,BizCorp_0125,2026-05-01,332,137654,113292,AMER,Healthcare,Enterprise,469,218070,253260,Simulated
ACC_0125,BizCorp_0125,2026-06-01,383,150111,131512,AMER,Healthcare,Enterprise,469,218070,253260,Simulated
ACC_0125,BizCorp_0125,2026-07-01,460,195205,157814,AMER,Healthcare,Enterprise,469,218070,253260,Simulated
ACC_0125,BizCorp_0125,2026-08-01,469,231814,189377,AMER,Healthcare,Enterprise,469,218070,253260,Simulated
ACC_0126,BizCorp_0126,2026-03-01,31,29751,23287,EMEA,Retail,Premium,42,56228,30240,Simulated
ACC_0126,BizCorp_0126,2026-04-01,26,25987,21235,EMEA,Retail,Premium,42,56228,30240,Simulated
ACC_0126,BizCorp_0126,2026-05-01,27,24201,19972,EMEA,Retail,Premium,42,56228,30240,Simulated
ACC_0126,BizCorp_0126,2026-06-01,14,12317,11063,EMEA,Retail,Premium,42,56228,30240,Simulated
ACC_0126,BizCorp_0126,2026-07-01,7,6868,5531,EMEA,Retail,Premium,42,56228,30240,Simulated
ACC_0126,BizCorp_0126,2026-08-01,3,3154,2765,EMEA,Retail,Premium,42,56228,30240,Simulated
ACC_0127,BizCorp_0127,2026-03-01,25,29373,24155,EMEA,Retail,Premium,32,38334,23040,Simulated
ACC_0127,BizCorp_0127,2026-04-01,28,24336,19485,EMEA,Retail,Premium,32,38334,23040,Simulated
ACC_0127,BizCorp_0127,2026-05-01,24,23530,20400,EMEA,Retail,Premium,32,38334,23040,Simulated
ACC_0127,BizCorp_0127,2026-06-01,12,13189,10671,EMEA,Retail,Premium,32,38334,23040,Simulated
ACC_0127,BizCorp_0127,2026-07-01,6,6164,5335,EMEA,Retail,Premium,32,38334,23040,Simulated
ACC_0127,BizCorp_0127,2026-08-01,3,2967,2667,EMEA,Retail,Premium,32,38334,23040,Simulated
ACC_0128,BizCorp_0128,2026-03-01,31,22739,18849,AMER,Technology,Premium,57,18104,41040,Simulated
ACC_0128,BizCorp_0128,2026-04-01,31,25354,21299,AMER,Technology,Premium,57,18104,41040,Simulated
ACC_0128,BizCorp_0128,2026-05-01,28,24782,20008,AMER,Technology,Premium,57,18104,41040,Simulated
ACC_0128,BizCorp_0128,2026-06-01,14,12321,9510,AMER,Technology,Premium,57,18104,41040,Simulated
ACC_0128,BizCorp_0128,2026-07-01,7,6070,4755,AMER,Technology,Premium,57,18104,41040,Simulated
ACC_0128,BizCorp_0128,2026-08-01,3,2704,2377,AMER,Technology,Premium,57,18104,41040,Simulated
ACC_0129,BizCorp_0129,2026-03-01,100,129057,115706,AMER,Retail,Enterprise,234,159019,126360,Simulated
ACC_0129,BizCorp_0129,2026-04-01,100,101529,89882,AMER,Retail,Enterprise,234,159019,126360,Simulated
ACC_0129,BizCorp_0129,2026-05-01,99,119618,92697,AMER,Retail,Enterprise,234,159019,126360,Simulated
ACC_0129,BizCorp_0129,2026-06-01,128,134826,122066,AMER,Retail,Enterprise,234,159019,126360,Simulated
ACC_0129,BizCorp_0129,2026-07-01,154,173330,146480,AMER,Retail,Enterprise,234,159019,126360,Simulated
ACC_0129,BizCorp_0129,2026-08-01,185,217343,175776,AMER,Retail,Enterprise,234,159019,126360,Simulated
ACC_0130,BizCorp_0130,2026-03-01,55,11529,10133,EMEA,Retail,Premium,88,22092,63360,Simulated
ACC_0130,BizCorp_0130,2026-04-01,47,16349,12904,EMEA,Retail,Premium,88,22092,63360,Simulated
ACC_0130,BizCorp_0130,2026-05-01,53,13675,11249,EMEA,Retail,Premium,88,22092,63360,Simulated
ACC_0130,BizCorp_0130,2026-06-01,54,15384,12850,EMEA,Retail,Premium,88,22092,63360,Simulated
ACC_0130,BizCorp_0130,2026-07-01,54,14442,11939,EMEA,Retail,Premium,88,22092,63360,Simulated
ACC_0130,BizCorp_0130,2026-08-01,52,15446,12071,EMEA,Retail,Premium,88,22092,63360,Simulated
ACC_0131,BizCorp_0131,2026-03-01,7,4337,3459,APAC,Manufacturing,Standard,8,6221,7680,Simulated
ACC_0131,BizCorp_0131,2026-04-01,7,3450,2897,APAC,Manufacturing,Standard,8,6221,7680,Simulated
ACC_0131,BizCorp_0131,2026-05-01,7,4243,3416,APAC,Manufacturing,Standard,8,6221,7680,Simulated
ACC_0131,BizCorp_0131,2026-06-01,3,1752,1515,APAC,Manufacturing,Standard,8,6221,7680,Simulated
ACC_0131,BizCorp_0131,2026-07-01,1,980,757,APAC,Manufacturing,Standard,8,6221,7680,Simulated
ACC_0131,BizCorp_0131,2026-08-01,1,479,378,APAC,Manufacturing,Standard,8,6221,7680,Simulated
ACC_0132,BizCorp_0132,2026-03-01,9,4919,4140,AMER,Logistics,Standard,17,8780,16320,Simulated
ACC_0132,BizCorp_0132,2026-04-01,8,4582,3691,AMER,Logistics,Standard,17,8780,16320,Simulated
ACC_0132,BizCorp_0132,2026-05-01,8,5229,4630,AMER,Logistics,Standard,17,8780,16320,Simulated
ACC_0132,BizCorp_0132,2026-06-01,8,5583,4627,AMER,Logistics,Standard,17,8780,16320,Simulated
ACC_0132,BizCorp_0132,2026-07-01,7,4465,3472,AMER,Logistics,Standard,17,8780,16320,Simulated
ACC_0132,BizCorp_0132,2026-08-01,8,5904,4593,AMER,Logistics,Standard,17,8780,16320,Simulated
ACC_0133,BizCorp_0133,2026-03-01,32,16892,13611,AMER,Manufacturing,Premium,40,19150,28800,Simulated
ACC_0133,BizCorp_0133,2026-04-01,29,17312,13433,AMER,Manufacturing,Premium,40,19150,28800,Simulated
ACC_0133,BizCorp_0133,2026-05-01,32,16550,14654,AMER,Manufacturing,Premium,40,19150,28800,Simulated
ACC_0133,BizCorp_0133,2026-06-01,30,19118,16087,AMER,Manufacturing,Premium,40,19150,28800,Simulated
ACC_0133,BizCorp_0133,2026-07-01,30,19626,15333,AMER,Manufacturing,Premium,40,19150,28800,Simulated
ACC_0133,BizCorp_0133,2026-08-01,27,16908,14556,AMER,Manufacturing,Premium,40,19150,28800,Simulated
ACC_0134,BizCorp_0134,2026-03-01,59,29476,24129,APAC,Logistics,Premium,167,69400,120240,Simulated
ACC_0134,BizCorp_0134,2026-04-01,57,32230,25656,APAC,Logistics,Premium,167,69400,120240,Simulated
ACC_0134,BizCorp_0134,2026-05-01,64,25830,23131,APAC,Logistics,Premium,167,69400,120240,Simulated
ACC_0134,BizCorp_0134,2026-06-01,73,38788,30545,APAC,Logistics,Premium,167,69400,120240,Simulated
ACC_0134,BizCorp_0134,2026-07-01,88,45284,36655,APAC,Logistics,Premium,167,69400,120240,Simulated
ACC_0134,BizCorp_0134,2026-08-01,95,56809,43986,APAC,Logistics,Premium,167,69400,120240,Simulated
ACC_0135,BizCorp_0135,2026-03-01,40,12643,9865,EMEA,Logistics,Premium,109,32512,78480,Simulated
ACC_0135,BizCorp_0135,2026-04-01,38,9895,7787,EMEA,Logistics,Premium,109,32512,78480,Simulated
ACC_0135,BizCorp_0135,2026-05-01,38,9688,8374,EMEA,Logistics,Premium,109,32512,78480,Simulated
ACC_0135,BizCorp_0135,2026-06-01,47,12226,10448,EMEA,Logistics,Premium,109,32512,78480,Simulated
ACC_0135,BizCorp_0135,2026-07-01,56,16241,12537,EMEA,Logistics,Premium,109,32512,78480,Simulated
ACC_0135,BizCorp_0135,2026-08-01,67,19180,15045,EMEA,Logistics,Premium,109,32512,78480,Simulated
ACC_0136,BizCorp_0136,2026-03-01,37,41945,35293,APAC,Logistics,Premium,65,44712,46800,Simulated
ACC_0136,BizCorp_0136,2026-04-01,33,49500,38686,APAC,Logistics,Premium,65,44712,46800,Simulated
ACC_0136,BizCorp_0136,2026-05-01,37,44699,35277,APAC,Logistics,Premium,65,44712,46800,Simulated
ACC_0136,BizCorp_0136,2026-06-01,36,37532,32338,APAC,Logistics,Premium,65,44712,46800,Simulated
ACC_0136,BizCorp_0136,2026-07-01,39,42579,36484,APAC,Logistics,Premium,65,44712,46800,Simulated
ACC_0136,BizCorp_0136,2026-08-01,39,43708,37194,APAC,Logistics,Premium,65,44712,46800,Simulated
ACC_0137,BizCorp_0137,2026-03-01,226,181288,145959,APAC,Logistics,Enterprise,288,232452,155520,Simulated
ACC_0137,BizCorp_0137,2026-04-01,242,145469,127919,APAC,Logistics,Enterprise,288,232452,155520,Simulated
ACC_0137,BizCorp_0137,2026-05-01,225,161694,145875,APAC,Logistics,Enterprise,288,232452,155520,Simulated
ACC_0137,BizCorp_0137,2026-06-01,245,183361,157964,APAC,Logistics,Enterprise,288,232452,155520,Simulated
ACC_0137,BizCorp_0137,2026-07-01,233,156941,141981,APAC,Logistics,Enterprise,288,232452,155520,Simulated
ACC_0137,BizCorp_0137,2026-08-01,207,172161,133334,APAC,Logistics,Enterprise,288,232452,155520,Simulated
ACC_0138,BizCorp_0138,2026-03-01,32,33993,26529,APAC,Financial Services,Premium,114,90609,82080,Simulated
ACC_0138,BizCorp_0138,2026-04-01,35,31574,25200,APAC,Financial Services,Premium,114,90609,82080,Simulated
ACC_0138,BizCorp_0138,2026-05-01,34,40858,33497,APAC,Financial Services,Premium,114,90609,82080,Simulated
ACC_0138,BizCorp_0138,2026-06-01,41,41293,35223,APAC,Financial Services,Premium,114,90609,82080,Simulated
ACC_0138,BizCorp_0138,2026-07-01,49,50556,42268,APAC,Financial Services,Premium,114,90609,82080,Simulated
ACC_0138,BizCorp_0138,2026-08-01,59,60217,50722,APAC,Financial Services,Premium,114,90609,82080,Simulated
ACC_0139,BizCorp_0139,2026-03-01,48,35241,29307,AMER,Manufacturing,Premium,48,52300,34560,Simulated
ACC_0139,BizCorp_0139,2026-04-01,47,41348,36509,AMER,Manufacturing,Premium,48,52300,34560,Simulated
ACC_0139,BizCorp_0139,2026-05-01,42,39919,31293,AMER,Manufacturing,Premium,48,52300,34560,Simulated
ACC_0139,BizCorp_0139,2026-06-01,23,18643,16541,AMER,Manufacturing,Premium,48,52300,34560,Simulated
ACC_0139,BizCorp_0139,2026-07-01,11,9367,8270,AMER,Manufacturing,Premium,48,52300,34560,Simulated
ACC_0139,BizCorp_0139,2026-08-01,5,4773,4135,AMER,Manufacturing,Premium,48,52300,34560,Simulated
ACC_0140,BizCorp_0140,2026-03-01,2,8992,7324,AMER,Manufacturing,Standard,12,23917,11520,Simulated
ACC_0140,BizCorp_0140,2026-04-01,2,8695,7095,AMER,Manufacturing,Standard,12,23917,11520,Simulated
ACC_0140,BizCorp_0140,2026-05-01,3,9117,8044,AMER,Manufacturing,Standard,12,23917,11520,Simulated
ACC_0140,BizCorp_0140,2026-06-01,3,10917,9375,AMER,Manufacturing,Standard,12,23917,11520,Simulated
ACC_0140,BizCorp_0140,2026-07-01,4,13086,11250,AMER,Manufacturing,Standard,12,23917,11520,Simulated
ACC_0140,BizCorp_0140,2026-08-01,5,17131,13500,AMER,Manufacturing,Standard,12,23917,11520,Simulated
ACC_0141,BizCorp_0141,2026-03-01,56,98624,84271,AMER,Technology,Premium,63,98528,45360,Simulated
ACC_0141,BizCorp_0141,2026-04-01,53,85940,74325,AMER,Technology,Premium,63,98528,45360,Simulated
ACC_0141,BizCorp_0141,2026-05-01,61,104284,81207,AMER,Technology,Premium,63,98528,45360,Simulated
ACC_0141,BizCorp_0141,2026-06-01,28,47234,41704,AMER,Technology,Premium,63,98528,45360,Simulated
ACC_0141,BizCorp_0141,2026-07-01,14,23845,20852,AMER,Technology,Premium,63,98528,45360,Simulated
ACC_0141,BizCorp_0141,2026-08-01,7,12518,10426,AMER,Technology,Premium,63,98528,45360,Simulated
ACC_0142,BizCorp_0142,2026-03-01,14,6018,4742,APAC,Healthcare,Standard,17,10248,16320,Simulated
ACC_0142,BizCorp_0142,2026-04-01,14,5582,4429,APAC,Healthcare,Standard,17,10248,16320,Simulated
ACC_0142,BizCorp_0142,2026-05-01,13,5275,4696,APAC,Healthcare,Standard,17,10248,16320,Simulated
ACC_0142,BizCorp_0142,2026-06-01,12,4176,3571,APAC,Healthcare,Standard,17,10248,16320,Simulated
ACC_0142,BizCorp_0142,2026-07-01,14,4424,3723,APAC,Healthcare,Standard,17,10248,16320,Simulated
ACC_0142,BizCorp_0142,2026-08-01,14,5440,4204,APAC,Healthcare,Standard,17,10248,16320,Simulated
ACC_0143,BizCorp_0143,2026-03-01,45,12296,9672,AMER,Technology,Premium,75,17096,54000,Simulated
ACC_0143,BizCorp_0143,2026-04-01,39,10896,9685,AMER,Technology,Premium,75,17096,54000,Simulated
ACC_0143,BizCorp_0143,2026-05-01,39,11412,9217,AMER,Technology,Premium,75,17096,54000,Simulated
ACC_0143,BizCorp_0143,2026-06-01,44,11563,9214,AMER,Technology,Premium,75,17096,54000,Simulated
ACC_0143,BizCorp_0143,2026-07-01,44,10208,9102,AMER,Technology,Premium,75,17096,54000,Simulated
ACC_0143,BizCorp_0143,2026-08-01,44,11777,10593,AMER,Technology,Premium,75,17096,54000,Simulated
ACC_0144,BizCorp_0144,2026-03-01,50,11583,10349,AMER,Technology,Premium,93,18887,66960,Simulated
ACC_0144,BizCorp_0144,2026-04-01,48,15221,12502,AMER,Technology,Premium,93,18887,66960,Simulated
ACC_0144,BizCorp_0144,2026-05-01,49,14102,12753,AMER,Technology,Premium,93,18887,66960,Simulated
ACC_0144,BizCorp_0144,2026-06-01,48,15053,13028,AMER,Technology,Premium,93,18887,66960,Simulated
ACC_0144,BizCorp_0144,2026-07-01,53,14736,11594,AMER,Technology,Premium,93,18887,66960,Simulated
ACC_0144,BizCorp_0144,2026-08-01,55,15063,12543,AMER,Technology,Premium,93,18887,66960,Simulated
ACC_0145,BizCorp_0145,2026-03-01,7,2941,2584,APAC,Technology,Standard,15,8129,14400,Simulated
ACC_0145,BizCorp_0145,2026-04-01,8,3821,3165,APAC,Technology,Standard,15,8129,14400,Simulated
ACC_0145,BizCorp_0145,2026-05-01,9,2838,2484,APAC,Technology,Standard,15,8129,14400,Simulated
ACC_0145,BizCorp_0145,2026-06-01,8,3519,3000,APAC,Technology,Standard,15,8129,14400,Simulated
ACC_0145,BizCorp_0145,2026-07-01,8,3581,2773,APAC,Technology,Standard,15,8129,14400,Simulated
ACC_0145,BizCorp_0145,2026-08-01,8,3176,2701,APAC,Technology,Standard,15,8129,14400,Simulated
ACC_0146,BizCorp_0146,2026-03-01,10,4524,3792,EMEA,Retail,Standard,17,10358,16320,Simulated
ACC_0146,BizCorp_0146,2026-04-01,9,4700,4010,EMEA,Retail,Standard,17,10358,16320,Simulated
ACC_0146,BizCorp_0146,2026-05-01,9,4781,4283,EMEA,Retail,Standard,17,10358,16320,Simulated
ACC_0146,BizCorp_0146,2026-06-01,9,4619,3877,EMEA,Retail,Standard,17,10358,16320,Simulated
ACC_0146,BizCorp_0146,2026-07-01,10,5378,4241,EMEA,Retail,Standard,17,10358,16320,Simulated
ACC_0146,BizCorp_0146,2026-08-01,9,5063,3904,EMEA,Retail,Standard,17,10358,16320,Simulated
ACC_0147,BizCorp_0147,2026-03-01,61,199264,161240,EMEA,Retail,Premium,193,543325,138960,Simulated
ACC_0147,BizCorp_0147,2026-04-01,53,223759,186726,EMEA,Retail,Premium,193,543325,138960,Simulated
ACC_0147,BizCorp_0147,2026-05-01,52,196341,159406,EMEA,Retail,Premium,193,543325,138960,Simulated
ACC_0147,BizCorp_0147,2026-06-01,69,217714,194910,EMEA,Retail,Premium,193,543325,138960,Simulated
ACC_0147,BizCorp_0147,2026-07-01,82,263987,233892,EMEA,Retail,Premium,193,543325,138960,Simulated
ACC_0147,BizCorp_0147,2026-08-01,99,331225,280670,EMEA,Retail,Premium,193,543325,138960,Simulated
ACC_0148,BizCorp_0148,2026-03-01,3,5383,4723,EMEA,Financial Services,Standard,4,5147,3840,Simulated
ACC_0148,BizCorp_0148,2026-04-01,3,6414,5432,EMEA,Financial Services,Standard,4,5147,3840,Simulated
ACC_0148,BizCorp_0148,2026-05-01,3,5774,4813,EMEA,Financial Services,Standard,4,5147,3840,Simulated
ACC_0148,BizCorp_0148,2026-06-01,3,6479,5317,EMEA,Financial Services,Standard,4,5147,3840,Simulated
ACC_0148,BizCorp_0148,2026-07-01,3,6918,5369,EMEA,Financial Services,Standard,4,5147,3840,Simulated
ACC_0148,BizCorp_0148,2026-08-01,3,6669,5170,EMEA,Financial Services,Standard,4,5147,3840,Simulated
ACC_0149,BizCorp_0149,2026-03-01,20,21714,18128,AMER,Technology,Premium,50,52615,36000,Simulated
ACC_0149,BizCorp_0149,2026-04-01,20,25612,23159,AMER,Technology,Premium,50,52615,36000,Simulated
ACC_0149,BizCorp_0149,2026-05-01,22,26956,22471,AMER,Technology,Premium,50,52615,36000,Simulated
ACC_0149,BizCorp_0149,2026-06-01,25,27118,24534,AMER,Technology,Premium,50,52615,36000,Simulated
ACC_0149,BizCorp_0149,2026-07-01,30,33439,29441,AMER,Technology,Premium,50,52615,36000,Simulated
ACC_0149,BizCorp_0149,2026-08-01,35,43134,35330,AMER,Technology,Premium,50,52615,36000,Simulated
ACC_0150,BizCorp_0150,2026-03-01,98,175746,140561,APAC,Technology,Enterprise,231,211573,124740,Simulated
ACC_0150,BizCorp_0150,2026-04-01,112,199747,175158,APAC,Technology,Enterprise,231,211573,124740,Simulated
ACC_0150,BizCorp_0150,2026-05-01,110,185002,160546,APAC,Technology,Enterprise,231,211573,124740,Simulated
ACC_0150,BizCorp_0150,2026-06-01,53,94091,80508,APAC,Technology,Enterprise,231,211573,124740,Simulated
ACC_0150,BizCorp_0150,2026-07-01,26,51200,40254,APAC,Technology,Enterprise,231,211573,124740,Simulated
ACC_0150,BizCorp_0150,2026-08-01,13,24340,20127,APAC,Technology,Enterprise,231,211573,124740,Simulated
ACC_0151,BizCorp_0151,2026-03-01,355,388964,306133,EMEA,Technology,Enterprise,594,542335,320760,Simulated
ACC_0151,BizCorp_0151,2026-04-01,380,303736,267521,EMEA,Technology,Enterprise,594,542335,320760,Simulated
ACC_0151,BizCorp_0151,2026-05-01,396,430114,336832,EMEA,Technology,Enterprise,594,542335,320760,Simulated
ACC_0151,BizCorp_0151,2026-06-01,358,353770,304321,EMEA,Technology,Enterprise,594,542335,320760,Simulated
ACC_0151,BizCorp_0151,2026-07-01,376,407097,335399,EMEA,Technology,Enterprise,594,542335,320760,Simulated
ACC_0151,BizCorp_0151,2026-08-01,383,381445,315798,EMEA,Technology,Enterprise,594,542335,320760,Simulated
ACC_0152,BizCorp_0152,2026-03-01,20,43113,35960,AMER,Healthcare,Premium,53,131945,38160,Simulated
ACC_0152,BizCorp_0152,2026-04-01,21,45038,38476,AMER,Healthcare,Premium,53,131945,38160,Simulated
ACC_0152,BizCorp_0152,2026-05-01,21,38884,35170,AMER,Healthcare,Premium,53,131945,38160,Simulated
ACC_0152,BizCorp_0152,2026-06-01,24,49469,44606,AMER,Healthcare,Premium,53,131945,38160,Simulated
ACC_0152,BizCorp_0152,2026-07-01,28,67839,53527,AMER,Healthcare,Premium,53,131945,38160,Simulated
ACC_0152,BizCorp_0152,2026-08-01,34,75138,64233,AMER,Healthcare,Premium,53,131945,38160,Simulated
ACC_0153,BizCorp_0153,2026-03-01,308,207380,159721,AMER,Retail,Enterprise,381,186684,205740,Simulated
ACC_0153,BizCorp_0153,2026-04-01,310,162582,141518,AMER,Retail,Enterprise,381,186684,205740,Simulated
ACC_0153,BizCorp_0153,2026-05-01,298,172058,154038,AMER,Retail,Enterprise,381,186684,205740,Simulated
ACC_0153,BizCorp_0153,2026-06-01,327,203589,181308,AMER,Retail,Enterprise,381,186684,205740,Simulated
ACC_0153,BizCorp_0153,2026-07-01,294,182867,165121,AMER,Retail,Enterprise,381,186684,205740,Simulated
ACC_0153,BizCorp_0153,2026-08-01,325,191802,159443,AMER,Retail,Enterprise,381,186684,205740,Simulated
ACC_0154,BizCorp_0154,2026-03-01,3,11451,9741,AMER,Retail,Standard,12,14257,11520,Simulated
ACC_0154,BizCorp_0154,2026-04-01,3,10960,8687,AMER,Retail,Standard,12,14257,11520,Simulated
ACC_0154,BizCorp_0154,2026-05-01,3,10444,8948,AMER,Retail,Standard,12,14257,11520,Simulated
ACC_0154,BizCorp_0154,2026-06-01,4,12248,10202,AMER,Retail,Standard,12,14257,11520,Simulated
ACC_0154,BizCorp_0154,2026-07-01,5,15340,12243,AMER,Retail,Standard,12,14257,11520,Simulated
ACC_0154,BizCorp_0154,2026-08-01,6,17157,14691,AMER,Retail,Standard,12,14257,11520,Simulated
ACC_0155,BizCorp_0155,2026-03-01,4,6547,5207,AMER,Financial Services,Standard,7,7768,6720,Simulated
ACC_0155,BizCorp_0155,2026-04-01,4,5516,4766,AMER,Financial Services,Standard,7,7768,6720,Simulated
ACC_0155,BizCorp_0155,2026-05-01,3,6395,5418,AMER,Financial Services,Standard,7,7768,6720,Simulated
ACC_0155,BizCorp_0155,2026-06-01,2,2699,2357,AMER,Financial Services,Standard,7,7768,6720,Simulated
ACC_0155,BizCorp_0155,2026-07-01,1,1470,1178,AMER,Financial Services,Standard,7,7768,6720,Simulated
ACC_0155,BizCorp_0155,2026-08-01,1,658,589,AMER,Financial Services,Standard,7,7768,6720,Simulated
ACC_0156,BizCorp_0156,2026-03-01,3,5233,4415,AMER,Logistics,Standard,7,11204,6720,Simulated
ACC_0156,BizCorp_0156,2026-04-01,3,4830,3819,AMER,Logistics,Standard,7,11204,6720,Simulated
ACC_0156,BizCorp_0156,2026-05-01,3,5068,4112,AMER,Logistics,Standard,7,11204,6720,Simulated
ACC_0156,BizCorp_0156,2026-06-01,3,4902,4262,AMER,Logistics,Standard,7,11204,6720,Simulated
ACC_0156,BizCorp_0156,2026-07-01,3,5563,4600,AMER,Logistics,Standard,7,11204,6720,Simulated
ACC_0156,BizCorp_0156,2026-08-01,4,5465,4542,AMER,Logistics,Standard,7,11204,6720,Simulated
ACC_0157,BizCorp_0157,2026-03-01,199,67136,56254,AMER,Technology,Enterprise,281,103135,151740,Simulated
ACC_0157,BizCorp_0157,2026-04-01,198,64761,52958,AMER,Technology,Enterprise,281,103135,151740,Simulated
ACC_0157,BizCorp_0157,2026-05-01,192,62359,51400,AMER,Technology,Enterprise,281,103135,151740,Simulated
ACC_0157,BizCorp_0157,2026-06-01,187,61918,52793,AMER,Technology,Enterprise,281,103135,151740,Simulated
ACC_0157,BizCorp_0157,2026-07-01,170,58072,46944,AMER,Technology,Enterprise,281,103135,151740,Simulated
ACC_0157,BizCorp_0157,2026-08-01,175,59847,51427,AMER,Technology,Enterprise,281,103135,151740,Simulated
ACC_0158,BizCorp_0158,2026-03-01,13,32154,28402,APAC,Financial Services,Standard,22,62128,21120,Simulated
ACC_0158,BizCorp_0158,2026-04-01,14,32065,27939,APAC,Financial Services,Standard,22,62128,21120,Simulated
ACC_0158,BizCorp_0158,2026-05-01,13,32797,26042,APAC,Financial Services,Standard,22,62128,21120,Simulated
ACC_0158,BizCorp_0158,2026-06-01,13,39217,30208,APAC,Financial Services,Standard,22,62128,21120,Simulated
ACC_0158,BizCorp_0158,2026-07-01,14,38811,34033,APAC,Financial Services,Standard,22,62128,21120,Simulated
ACC_0158,BizCorp_0158,2026-08-01,13,32775,26055,APAC,Financial Services,Standard,22,62128,21120,Simulated
ACC_0159,BizCorp_0159,2026-03-01,47,31141,26013,EMEA,Manufacturing,Premium,55,40110,39600,Simulated
ACC_0159,BizCorp_0159,2026-04-01,40,28253,25299,EMEA,Manufacturing,Premium,55,40110,39600,Simulated
ACC_0159,BizCorp_0159,2026-05-01,45,32452,25351,EMEA,Manufacturing,Premium,55,40110,39600,Simulated
ACC_0159,BizCorp_0159,2026-06-01,22,13488,11417,EMEA,Manufacturing,Premium,55,40110,39600,Simulated
ACC_0159,BizCorp_0159,2026-07-01,11,6693,5708,EMEA,Manufacturing,Premium,55,40110,39600,Simulated
ACC_0159,BizCorp_0159,2026-08-01,5,3514,2854,EMEA,Manufacturing,Premium,55,40110,39600,Simulated
ACC_0160,BizCorp_0160,2026-03-01,10,5605,4617,APAC,Retail,Standard,17,12936,16320,Simulated
ACC_0160,BizCorp_0160,2026-04-01,10,5477,4443,APAC,Retail,Standard,17,12936,16320,Simulated
ACC_0160,BizCorp_0160,2026-05-01,10,6541,5428,APAC,Retail,Standard,17,12936,16320,Simulated
ACC_0160,BizCorp_0160,2026-06-01,10,5364,4397,APAC,Retail,Standard,17,12936,16320,Simulated
ACC_0160,BizCorp_0160,2026-07-01,10,5994,4733,APAC,Retail,Standard,17,12936,16320,Simulated
ACC_0160,BizCorp_0160,2026-08-01,10,6835,5474,APAC,Retail,Standard,17,12936,16320,Simulated
ACC_0161,BizCorp_0161,2026-03-01,109,159691,135140,EMEA,Technology,Enterprise,201,403378,108540,Simulated
ACC_0161,BizCorp_0161,2026-04-01,124,151601,125634,EMEA,Technology,Enterprise,201,403378,108540,Simulated
ACC_0161,BizCorp_0161,2026-05-01,121,154908,128114,EMEA,Technology,Enterprise,201,403378,108540,Simulated
ACC_0161,BizCorp_0161,2026-06-01,139,207843,173932,EMEA,Technology,Enterprise,201,403378,108540,Simulated
ACC_0161,BizCorp_0161,2026-07-01,167,239874,208719,EMEA,Technology,Enterprise,201,403378,108540,Simulated
ACC_0161,BizCorp_0161,2026-08-01,201,289420,250462,EMEA,Technology,Enterprise,201,403378,108540,Simulated
ACC_0162,BizCorp_0162,2026-03-01,44,48123,37208,APAC,Technology,Premium,108,67952,77760,Simulated
ACC_0162,BizCorp_0162,2026-04-01,42,59036,47902,APAC,Technology,Premium,108,67952,77760,Simulated
ACC_0162,BizCorp_0162,2026-05-01,45,57776,45936,APAC,Technology,Premium,108,67952,77760,Simulated
ACC_0162,BizCorp_0162,2026-06-01,39,51281,44138,APAC,Technology,Premium,108,67952,77760,Simulated
ACC_0162,BizCorp_0162,2026-07-01,45,52597,41663,APAC,Technology,Premium,108,67952,77760,Simulated
ACC_0162,BizCorp_0162,2026-08-01,38,61330,48234,APAC,Technology,Premium,108,67952,77760,Simulated
ACC_0163,BizCorp_0163,2026-03-01,27,32242,27791,APAC,Logistics,Premium,63,36271,45360,Simulated
ACC_0163,BizCorp_0163,2026-04-01,27,30837,26596,APAC,Logistics,Premium,63,36271,45360,Simulated
ACC_0163,BizCorp_0163,2026-05-01,26,26341,22177,APAC,Logistics,Premium,63,36271,45360,Simulated
ACC_0163,BizCorp_0163,2026-06-01,29,34476,29633,APAC,Logistics,Premium,63,36271,45360,Simulated
ACC_0163,BizCorp_0163,2026-07-01,35,44892,35560,APAC,Logistics,Premium,63,36271,45360,Simulated
ACC_0163,BizCorp_0163,2026-08-01,43,52439,42672,APAC,Logistics,Premium,63,36271,45360,Simulated
ACC_0164,BizCorp_0164,2026-03-01,27,28582,22914,APAC,Healthcare,Premium,28,27174,20160,Simulated
ACC_0164,BizCorp_0164,2026-04-01,28,25842,21818,APAC,Healthcare,Premium,28,27174,20160,Simulated
ACC_0164,BizCorp_0164,2026-05-01,28,22887,20217,APAC,Healthcare,Premium,28,27174,20160,Simulated
ACC_0164,BizCorp_0164,2026-06-01,25,23663,19983,APAC,Healthcare,Premium,28,27174,20160,Simulated
ACC_0164,BizCorp_0164,2026-07-01,27,27152,23300,APAC,Healthcare,Premium,28,27174,20160,Simulated
ACC_0164,BizCorp_0164,2026-08-01,27,30431,24776,APAC,Healthcare,Premium,28,27174,20160,Simulated
ACC_0165,BizCorp_0165,2026-03-01,267,218943,178633,EMEA,Healthcare,Enterprise,315,314560,170100,Simulated
ACC_0165,BizCorp_0165,2026-04-01,278,182231,161044,EMEA,Healthcare,Enterprise,315,314560,170100,Simulated
ACC_0165,BizCorp_0165,2026-05-01,289,265964,210062,EMEA,Healthcare,Enterprise,315,314560,170100,Simulated
ACC_0165,BizCorp_0165,2026-06-01,304,251494,203285,EMEA,Healthcare,Enterprise,315,314560,170100,Simulated
ACC_0165,BizCorp_0165,2026-07-01,305,208219,174144,EMEA,Healthcare,Enterprise,315,314560,170100,Simulated
ACC_0165,BizCorp_0165,2026-08-01,302,211488,170901,EMEA,Healthcare,Enterprise,315,314560,170100,Simulated
ACC_0166,BizCorp_0166,2026-03-01,43,13970,10955,AMER,Technology,Premium,54,21360,38880,Simulated
ACC_0166,BizCorp_0166,2026-04-01,48,15464,13507,AMER,Technology,Premium,54,21360,38880,Simulated
ACC_0166,BizCorp_0166,2026-05-01,48,16779,13648,AMER,Technology,Premium,54,21360,38880,Simulated
ACC_0166,BizCorp_0166,2026-06-01,22,7419,6055,AMER,Technology,Premium,54,21360,38880,Simulated
ACC_0166,BizCorp_0166,2026-07-01,11,3878,3027,AMER,Technology,Premium,54,21360,38880,Simulated
ACC_0166,BizCorp_0166,2026-08-01,5,1959,1513,AMER,Technology,Premium,54,21360,38880,Simulated
ACC_0167,BizCorp_0167,2026-03-01,24,34241,28065,EMEA,Financial Services,Premium,40,50142,28800,Simulated
ACC_0167,BizCorp_0167,2026-04-01,25,34961,30830,EMEA,Financial Services,Premium,40,50142,28800,Simulated
ACC_0167,BizCorp_0167,2026-05-01,27,27904,23154,EMEA,Financial Services,Premium,40,50142,28800,Simulated
ACC_0167,BizCorp_0167,2026-06-01,28,38707,30588,EMEA,Financial Services,Premium,40,50142,28800,Simulated
ACC_0167,BizCorp_0167,2026-07-01,27,28361,24865,EMEA,Financial Services,Premium,40,50142,28800,Simulated
ACC_0167,BizCorp_0167,2026-08-01,29,34198,29654,EMEA,Financial Services,Premium,40,50142,28800,Simulated
ACC_0168,BizCorp_0168,2026-03-01,125,213957,169161,AMER,Financial Services,Enterprise,322,584096,173880,Simulated
ACC_0168,BizCorp_0168,2026-04-01,139,190527,167707,AMER,Financial Services,Enterprise,322,584096,173880,Simulated
ACC_0168,BizCorp_0168,2026-05-01,141,205677,158797,AMER,Financial Services,Enterprise,322,584096,173880,Simulated
ACC_0168,BizCorp_0168,2026-06-01,160,254576,221931,AMER,Financial Services,Enterprise,322,584096,173880,Simulated
ACC_0168,BizCorp_0168,2026-07-01,192,316969,266317,AMER,Financial Services,Enterprise,322,584096,173880,Simulated
ACC_0168,BizCorp_0168,2026-08-01,231,367410,319581,AMER,Financial Services,Enterprise,322,584096,173880,Simulated
ACC_0169,BizCorp_0169,2026-03-01,3,5881,4986,AMER,Manufacturing,Standard,10,13468,9600,Simulated
ACC_0169,BizCorp_0169,2026-04-01,2,4989,4212,AMER,Manufacturing,Standard,10,13468,9600,Simulated
ACC_0169,BizCorp_0169,2026-05-01,3,4610,3806,AMER,Manufacturing,Standard,10,13468,9600,Simulated
ACC_0169,BizCorp_0169,2026-06-01,3,5816,5238,AMER,Manufacturing,Standard,10,13468,9600,Simulated
ACC_0169,BizCorp_0169,2026-07-01,4,8085,6286,AMER,Manufacturing,Standard,10,13468,9600,Simulated
ACC_0169,BizCorp_0169,2026-08-01,5,9007,7543,AMER,Manufacturing,Standard,10,13468,9600,Simulated
ACC_0170,BizCorp_0170,2026-03-01,80,60579,48477,AMER,Logistics,Premium,121,63172,87120,Simulated
ACC_0170,BizCorp_0170,2026-04-01,66,53374,43609,AMER,Logistics,Premium,121,63172,87120,Simulated
ACC_0170,BizCorp_0170,2026-05-01,70,53543,45601,AMER,Logistics,Premium,121,63172,87120,Simulated
ACC_0170,BizCorp_0170,2026-06-01,36,30456,23544,AMER,Logistics,Premium,121,63172,87120,Simulated
ACC_0170,BizCorp_0170,2026-07-01,18,14266,11772,AMER,Logistics,Premium,121,63172,87120,Simulated
ACC_0170,BizCorp_0170,2026-08-01,9,7157,5886,AMER,Logistics,Premium,121,63172,87120,Simulated
ACC_0171,BizCorp_0171,2026-03-01,37,27175,24309,AMER,Financial Services,Premium,104,80026,74880,Simulated
ACC_0171,BizCorp_0171,2026-04-01,40,27707,24050,AMER,Financial Services,Premium,104,80026,74880,Simulated
ACC_0171,BizCorp_0171,2026-05-01,37,33675,28067,AMER,Financial Services,Premium,104,80026,74880,Simulated
ACC_0171,BizCorp_0171,2026-06-01,19,15888,12272,AMER,Financial Services,Premium,104,80026,74880,Simulated
ACC_0171,BizCorp_0171,2026-07-01,9,7094,6136,AMER,Financial Services,Premium,104,80026,74880,Simulated
ACC_0171,BizCorp_0171,2026-08-01,4,3596,3068,AMER,Financial Services,Premium,104,80026,74880,Simulated
ACC_0172,BizCorp_0172,2026-03-01,25,37621,32636,APAC,Logistics,Premium,52,56904,37440,Simulated
ACC_0172,BizCorp_0172,2026-04-01,24,39344,33827,APAC,Logistics,Premium,52,56904,37440,Simulated
ACC_0172,BizCorp_0172,2026-05-01,27,36909,32656,APAC,Logistics,Premium,52,56904,37440,Simulated
ACC_0172,BizCorp_0172,2026-06-01,30,46140,36314,APAC,Logistics,Premium,52,56904,37440,Simulated
ACC_0172,BizCorp_0172,2026-07-01,36,53664,43577,APAC,Logistics,Premium,52,56904,37440,Simulated
ACC_0172,BizCorp_0172,2026-08-01,43,65870,52293,APAC,Logistics,Premium,52,56904,37440,Simulated
ACC_0173,BizCorp_0173,2026-03-01,42,15962,14092,EMEA,Financial Services,Premium,80,11978,57600,Simulated
ACC_0173,BizCorp_0173,2026-04-01,44,16091,12581,EMEA,Financial Services,Premium,80,11978,57600,Simulated
ACC_0173,BizCorp_0173,2026-05-01,45,18129,13970,EMEA,Financial Services,Premium,80,11978,57600,Simulated
ACC_0173,BizCorp_0173,2026-06-01,45,15758,14039,EMEA,Financial Services,Premium,80,11978,57600,Simulated
ACC_0173,BizCorp_0173,2026-07-01,47,14879,12718,EMEA,Financial Services,Premium,80,11978,57600,Simulated
ACC_0173,BizCorp_0173,2026-08-01,42,16848,13298,EMEA,Financial Services,Premium,80,11978,57600,Simulated
ACC_0174,BizCorp_0174,2026-03-01,163,231074,209910,EMEA,Technology,Enterprise,193,302409,104220,Simulated
ACC_0174,BizCorp_0174,2026-04-01,182,212034,165125,EMEA,Technology,Enterprise,193,302409,104220,Simulated
ACC_0174,BizCorp_0174,2026-05-01,164,204216,182522,EMEA,Technology,Enterprise,193,302409,104220,Simulated
ACC_0174,BizCorp_0174,2026-06-01,86,106446,91313,EMEA,Technology,Enterprise,193,302409,104220,Simulated
ACC_0174,BizCorp_0174,2026-07-01,43,52817,45656,EMEA,Technology,Enterprise,193,302409,104220,Simulated
ACC_0174,BizCorp_0174,2026-08-01,21,29591,22828,EMEA,Technology,Enterprise,193,302409,104220,Simulated
ACC_0175,BizCorp_0175,2026-03-01,40,44097,38998,EMEA,Retail,Premium,56,66395,40320,Simulated
ACC_0175,BizCorp_0175,2026-04-01,33,47960,38932,EMEA,Retail,Premium,56,66395,40320,Simulated
ACC_0175,BizCorp_0175,2026-05-01,36,49063,40254,EMEA,Retail,Premium,56,66395,40320,Simulated
ACC_0175,BizCorp_0175,2026-06-01,33,49752,40409,EMEA,Retail,Premium,56,66395,40320,Simulated
ACC_0175,BizCorp_0175,2026-07-01,40,41822,33557,EMEA,Retail,Premium,56,66395,40320,Simulated
ACC_0175,BizCorp_0175,2026-08-01,38,48890,40278,EMEA,Retail,Premium,56,66395,40320,Simulated
ACC_0176,BizCorp_0176,2026-03-01,37,29641,23737,APAC,Logistics,Premium,90,20176,64800,Simulated
ACC_0176,BizCorp_0176,2026-04-01,39,25118,22457,APAC,Logistics,Premium,90,20176,64800,Simulated
ACC_0176,BizCorp_0176,2026-05-01,37,25195,20089,APAC,Logistics,Premium,90,20176,64800,Simulated
ACC_0176,BizCorp_0176,2026-06-01,38,21296,18654,APAC,Logistics,Premium,90,20176,64800,Simulated
ACC_0176,BizCorp_0176,2026-07-01,38,26002,21150,APAC,Logistics,Premium,90,20176,64800,Simulated
ACC_0176,BizCorp_0176,2026-08-01,43,22646,19528,APAC,Logistics,Premium,90,20176,64800,Simulated
ACC_0177,BizCorp_0177,2026-03-01,11,5621,4797,APAC,Manufacturing,Standard,25,12022,24000,Simulated
ACC_0177,BizCorp_0177,2026-04-01,9,5092,4467,APAC,Manufacturing,Standard,25,12022,24000,Simulated
ACC_0177,BizCorp_0177,2026-05-01,10,5187,4496,APAC,Manufacturing,Standard,25,12022,24000,Simulated
ACC_0177,BizCorp_0177,2026-06-01,12,6811,5583,APAC,Manufacturing,Standard,25,12022,24000,Simulated
ACC_0177,BizCorp_0177,2026-07-01,14,7489,6699,APAC,Manufacturing,Standard,25,12022,24000,Simulated
ACC_0177,BizCorp_0177,2026-08-01,15,9522,8039,APAC,Manufacturing,Standard,25,12022,24000,Simulated
ACC_0178,BizCorp_0178,2026-03-01,124,95617,81840,APAC,Manufacturing,Enterprise,272,81180,146880,Simulated
ACC_0178,BizCorp_0178,2026-04-01,124,107732,87074,APAC,Manufacturing,Enterprise,272,81180,146880,Simulated
ACC_0178,BizCorp_0178,2026-05-01,117,116210,94795,APAC,Manufacturing,Enterprise,272,81180,146880,Simulated
ACC_0178,BizCorp_0178,2026-06-01,62,57191,47464,APAC,Manufacturing,Enterprise,272,81180,146880,Simulated
ACC_0178,BizCorp_0178,2026-07-01,31,27484,23732,APAC,Manufacturing,Enterprise,272,81180,146880,Simulated
ACC_0178,BizCorp_0178,2026-08-01,15,14090,11866,APAC,Manufacturing,Enterprise,272,81180,146880,Simulated
ACC_0179,BizCorp_0179,2026-03-01,30,50599,44010,AMER,Logistics,Premium,74,90673,53280,Simulated
ACC_0179,BizCorp_0179,2026-04-01,28,57817,47775,AMER,Logistics,Premium,74,90673,53280,Simulated
ACC_0179,BizCorp_0179,2026-05-01,31,56501,47001,AMER,Logistics,Premium,74,90673,53280,Simulated
ACC_0179,BizCorp_0179,2026-06-01,34,66432,56175,AMER,Logistics,Premium,74,90673,53280,Simulated
ACC_0179,BizCorp_0179,2026-07-01,41,80416,67411,AMER,Logistics,Premium,74,90673,53280,Simulated
ACC_0179,BizCorp_0179,2026-08-01,50,100635,80893,AMER,Logistics,Premium,74,90673,53280,Simulated
ACC_0180,BizCorp_0180,2026-03-01,139,87041,69739,AMER,Technology,Enterprise,241,234988,130140,Simulated
ACC_0180,BizCorp_0180,2026-04-01,131,112373,88582,AMER,Technology,Enterprise,241,234988,130140,Simulated
ACC_0180,BizCorp_0180,2026-05-01,120,98684,79528,AMER,Technology,Enterprise,241,234988,130140,Simulated
ACC_0180,BizCorp_0180,2026-06-01,66,47429,40789,AMER,Technology,Enterprise,241,234988,130140,Simulated
ACC_0180,BizCorp_0180,2026-07-01,33,25386,20394,AMER,Technology,Enterprise,241,234988,130140,Simulated
ACC_0180,BizCorp_0180,2026-08-01,16,12761,10197,AMER,Technology,Enterprise,241,234988,130140,Simulated
ACC_0181,BizCorp_0181,2026-03-01,11,4074,3582,AMER,Logistics,Standard,36,10814,34560,Simulated
ACC_0181,BizCorp_0181,2026-04-01,9,4226,3462,AMER,Logistics,Standard,36,10814,34560,Simulated
ACC_0181,BizCorp_0181,2026-05-01,11,3429,2842,AMER,Logistics,Standard,36,10814,34560,Simulated
ACC_0181,BizCorp_0181,2026-06-01,12,4259,3868,AMER,Logistics,Standard,36,10814,34560,Simulated
ACC_0181,BizCorp_0181,2026-07-01,14,5213,4641,AMER,Logistics,Standard,36,10814,34560,Simulated
ACC_0181,BizCorp_0181,2026-08-01,16,6318,5570,AMER,Logistics,Standard,36,10814,34560,Simulated
ACC_0182,BizCorp_0182,2026-03-01,225,102726,82499,EMEA,Retail,Enterprise,571,174853,308340,Simulated
ACC_0182,BizCorp_0182,2026-04-01,209,102867,84087,EMEA,Retail,Enterprise,571,174853,308340,Simulated
ACC_0182,BizCorp_0182,2026-05-01,226,108121,87546,EMEA,Retail,Enterprise,571,174853,308340,Simulated
ACC_0182,BizCorp_0182,2026-06-01,262,116308,92240,EMEA,Retail,Enterprise,571,174853,308340,Simulated
ACC_0182,BizCorp_0182,2026-07-01,314,123696,110688,EMEA,Retail,Enterprise,571,174853,308340,Simulated
ACC_0182,BizCorp_0182,2026-08-01,374,149696,132825,EMEA,Retail,Enterprise,571,174853,308340,Simulated
ACC_0183,BizCorp_0183,2026-03-01,6,2738,2398,APAC,Financial Services,Standard,11,3934,10560,Simulated
ACC_0183,BizCorp_0183,2026-04-01,6,2685,2262,APAC,Financial Services,Standard,11,3934,10560,Simulated
ACC_0183,BizCorp_0183,2026-05-01,6,2678,2353,APAC,Financial Services,Standard,11,3934,10560,Simulated
ACC_0183,BizCorp_0183,2026-06-01,5,2558,2141,APAC,Financial Services,Standard,11,3934,10560,Simulated
ACC_0183,BizCorp_0183,2026-07-01,5,2202,1948,APAC,Financial Services,Standard,11,3934,10560,Simulated
ACC_0183,BizCorp_0183,2026-08-01,6,2945,2466,APAC,Financial Services,Standard,11,3934,10560,Simulated
ACC_0184,BizCorp_0184,2026-03-01,3,6694,6030,APAC,Financial Services,Standard,12,19909,11520,Simulated
ACC_0184,BizCorp_0184,2026-04-01,2,7077,5696,APAC,Financial Services,Standard,12,19909,11520,Simulated
ACC_0184,BizCorp_0184,2026-05-01,3,7551,6054,APAC,Financial Services,Standard,12,19909,11520,Simulated
ACC_0184,BizCorp_0184,2026-06-01,3,8018,6577,APAC,Financial Services,Standard,12,19909,11520,Simulated
ACC_0184,BizCorp_0184,2026-07-01,4,9557,7893,APAC,Financial Services,Standard,12,19909,11520,Simulated
ACC_0184,BizCorp_0184,2026-08-01,5,10970,9472,APAC,Financial Services,Standard,12,19909,11520,Simulated
ACC_0185,BizCorp_0185,2026-03-01,45,30978,24183,EMEA,Financial Services,Premium,77,52299,55440,Simulated
ACC_0185,BizCorp_0185,2026-04-01,46,21874,19669,EMEA,Financial Services,Premium,77,52299,55440,Simulated
ACC_0185,BizCorp_0185,2026-05-01,38,26489,21880,EMEA,Financial Services,Premium,77,52299,55440,Simulated
ACC_0185,BizCorp_0185,2026-06-01,51,29609,25668,EMEA,Financial Services,Premium,77,52299,55440,Simulated
ACC_0185,BizCorp_0185,2026-07-01,62,37874,30801,EMEA,Financial Services,Premium,77,52299,55440,Simulated
ACC_0185,BizCorp_0185,2026-08-01,74,47231,36962,EMEA,Financial Services,Premium,77,52299,55440,Simulated
ACC_0186,BizCorp_0186,2026-03-01,47,21710,19662,APAC,Technology,Premium,63,24131,45360,Simulated
ACC_0186,BizCorp_0186,2026-04-01,46,19691,16848,APAC,Technology,Premium,63,24131,45360,Simulated
ACC_0186,BizCorp_0186,2026-05-01,46,21792,17001,APAC,Technology,Premium,63,24131,45360,Simulated
ACC_0186,BizCorp_0186,2026-06-01,47,24266,19130,APAC,Technology,Premium,63,24131,45360,Simulated
ACC_0186,BizCorp_0186,2026-07-01,50,19127,16508,APAC,Technology,Premium,63,24131,45360,Simulated
ACC_0186,BizCorp_0186,2026-08-01,51,26753,21122,APAC,Technology,Premium,63,24131,45360,Simulated
ACC_0187,BizCorp_0187,2026-03-01,23,42962,37149,AMER,Manufacturing,Premium,29,70438,20880,Simulated
ACC_0187,BizCorp_0187,2026-04-01,22,42370,37635,AMER,Manufacturing,Premium,29,70438,20880,Simulated
ACC_0187,BizCorp_0187,2026-05-01,20,41419,36976,AMER,Manufacturing,Premium,29,70438,20880,Simulated
ACC_0187,BizCorp_0187,2026-06-01,10,21201,17919,AMER,Manufacturing,Premium,29,70438,20880,Simulated
ACC_0187,BizCorp_0187,2026-07-01,5,11635,8959,AMER,Manufacturing,Premium,29,70438,20880,Simulated
ACC_0187,BizCorp_0187,2026-08-01,2,5198,4479,AMER,Manufacturing,Premium,29,70438,20880,Simulated
ACC_0188,BizCorp_0188,2026-03-01,5,5971,4834,APAC,Logistics,Standard,6,10775,5760,Simulated
ACC_0188,BizCorp_0188,2026-04-01,5,6928,5770,APAC,Logistics,Standard,6,10775,5760,Simulated
ACC_0188,BizCorp_0188,2026-05-01,5,5563,4955,APAC,Logistics,Standard,6,10775,5760,Simulated
ACC_0188,BizCorp_0188,2026-06-01,5,6351,5305,APAC,Logistics,Standard,6,10775,5760,Simulated
ACC_0188,BizCorp_0188,2026-07-01,6,7088,5653,APAC,Logistics,Standard,6,10775,5760,Simulated
ACC_0188,BizCorp_0188,2026-08-01,5,6776,5297,APAC,Logistics,Standard,6,10775,5760,Simulated
ACC_0189,BizCorp_0189,2026-03-01,8,5826,4594,EMEA,Retail,Standard,18,4487,17280,Simulated
ACC_0189,BizCorp_0189,2026-04-01,7,5015,4104,EMEA,Retail,Standard,18,4487,17280,Simulated
ACC_0189,BizCorp_0189,2026-05-01,8,6676,5279,EMEA,Retail,Standard,18,4487,17280,Simulated
ACC_0189,BizCorp_0189,2026-06-01,7,5030,4103,EMEA,Retail,Standard,18,4487,17280,Simulated
ACC_0189,BizCorp_0189,2026-07-01,8,5914,5228,EMEA,Retail,Standard,18,4487,17280,Simulated
ACC_0189,BizCorp_0189,2026-08-01,7,5491,4572,EMEA,Retail,Standard,18,4487,17280,Simulated
ACC_0190,BizCorp_0190,2026-03-01,199,191144,167615,EMEA,Healthcare,Enterprise,205,513042,110700,Simulated
ACC_0190,BizCorp_0190,2026-04-01,205,224949,204255,EMEA,Healthcare,Enterprise,205,513042,110700,Simulated
ACC_0190,BizCorp_0190,2026-05-01,200,217001,187498,EMEA,Healthcare,Enterprise,205,513042,110700,Simulated
ACC_0190,BizCorp_0190,2026-06-01,175,218433,175725,EMEA,Healthcare,Enterprise,205,513042,110700,Simulated
ACC_0190,BizCorp_0190,2026-07-01,184,225600,196330,EMEA,Healthcare,Enterprise,205,513042,110700,Simulated
ACC_0190,BizCorp_0190,2026-08-01,196,239759,190672,EMEA,Healthcare,Enterprise,205,513042,110700,Simulated
ACC_0191,BizCorp_0191,2026-03-01,55,28620,22527,APAC,Logistics,Premium,78,51338,56160,Simulated
ACC_0191,BizCorp_0191,2026-04-01,59,24179,21863,APAC,Logistics,Premium,78,51338,56160,Simulated
ACC_0191,BizCorp_0191,2026-05-01,52,24538,19456,APAC,Logistics,Premium,78,51338,56160,Simulated
ACC_0191,BizCorp_0191,2026-06-01,61,23222,19968,APAC,Logistics,Premium,78,51338,56160,Simulated
ACC_0191,BizCorp_0191,2026-07-01,61,22815,20512,APAC,Logistics,Premium,78,51338,56160,Simulated
ACC_0191,BizCorp_0191,2026-08-01,59,29362,23905,APAC,Logistics,Premium,78,51338,56160,Simulated
ACC_0192,BizCorp_0192,2026-03-01,50,57083,44096,AMER,Technology,Premium,82,81779,59040,Simulated
ACC_0192,BizCorp_0192,2026-04-01,46,54832,44214,AMER,Technology,Premium,82,81779,59040,Simulated
ACC_0192,BizCorp_0192,2026-05-01,51,49139,42262,AMER,Technology,Premium,82,81779,59040,Simulated
ACC_0192,BizCorp_0192,2026-06-01,45,55702,43516,AMER,Technology,Premium,82,81779,59040,Simulated
ACC_0192,BizCorp_0192,2026-07-01,48,41835,35430,AMER,Technology,Premium,82,81779,59040,Simulated
ACC_0192,BizCorp_0192,2026-08-01,48,54183,44236,AMER,Technology,Premium,82,81779,59040,Simulated
ACC_0193,BizCorp_0193,2026-03-01,343,110224,96734,AMER,Manufacturing,Enterprise,690,328835,372600,Simulated
ACC_0193,BizCorp_0193,2026-04-01,312,100066,85754,AMER,Manufacturing,Enterprise,690,328835,372600,Simulated
ACC_0193,BizCorp_0193,2026-05-01,339,120125,106759,AMER,Manufacturing,Enterprise,690,328835,372600,Simulated
ACC_0193,BizCorp_0193,2026-06-01,390,155163,119505,AMER,Manufacturing,Enterprise,690,328835,372600,Simulated
ACC_0193,BizCorp_0193,2026-07-01,468,165889,143406,AMER,Manufacturing,Enterprise,690,328835,372600,Simulated
ACC_0193,BizCorp_0193,2026-08-01,479,192490,172087,AMER,Manufacturing,Enterprise,690,328835,372600,Simulated
ACC_0194,BizCorp_0194,2026-03-01,7,4124,3275,EMEA,Healthcare,Standard,12,10997,11520,Simulated
ACC_0194,BizCorp_0194,2026-04-01,8,4415,3519,EMEA,Healthcare,Standard,12,10997,11520,Simulated
ACC_0194,BizCorp_0194,2026-05-01,8,4906,4373,EMEA,Healthcare,Standard,12,10997,11520,Simulated
ACC_0194,BizCorp_0194,2026-06-01,3,2120,1907,EMEA,Healthcare,Standard,12,10997,11520,Simulated
ACC_0194,BizCorp_0194,2026-07-01,1,1119,953,EMEA,Healthcare,Standard,12,10997,11520,Simulated
ACC_0194,BizCorp_0194,2026-08-01,1,583,476,EMEA,Healthcare,Standard,12,10997,11520,Simulated
ACC_0195,BizCorp_0195,2026-03-01,3,5450,4488,APAC,Technology,Standard,5,10106,4800,Simulated
ACC_0195,BizCorp_0195,2026-04-01,2,4976,4338,APAC,Technology,Standard,5,10106,4800,Simulated
ACC_0195,BizCorp_0195,2026-05-01,3,5803,4669,APAC,Technology,Standard,5,10106,4800,Simulated
ACC_0195,BizCorp_0195,2026-06-01,1,2934,2279,APAC,Technology,Standard,5,10106,4800,Simulated
ACC_0195,BizCorp_0195,2026-07-01,1,1404,1139,APAC,Technology,Standard,5,10106,4800,Simulated
ACC_0195,BizCorp_0195,2026-08-01,1,722,569,APAC,Technology,Standard,5,10106,4800,Simulated
ACC_0196,BizCorp_0196,2026-03-01,55,27620,22374,APAC,Technology,Premium,104,48395,74880,Simulated
ACC_0196,BizCorp_0196,2026-04-01,54,24305,21144,APAC,Technology,Premium,104,48395,74880,Simulated
ACC_0196,BizCorp_0196,2026-05-01,50,27237,21539,APAC,Technology,Premium,104,48395,74880,Simulated
ACC_0196,BizCorp_0196,2026-06-01,50,22964,18485,APAC,Technology,Premium,104,48395,74880,Simulated
ACC_0196,BizCorp_0196,2026-07-01,55,20449,18383,APAC,Technology,Premium,104,48395,74880,Simulated
ACC_0196,BizCorp_0196,2026-08-01,56,24819,20870,APAC,Technology,Premium,104,48395,74880,Simulated
ACC_0197,BizCorp_0197,2026-03-01,9,6132,4812,AMER,Retail,Standard,13,4282,12480,Simulated
ACC_0197,BizCorp_0197,2026-04-01,9,6006,4623,AMER,Retail,Standard,13,4282,12480,Simulated
ACC_0197,BizCorp_0197,2026-05-01,9,6279,5038,AMER,Retail,Standard,13,4282,12480,Simulated
ACC_0197,BizCorp_0197,2026-06-01,4,2627,2220,AMER,Retail,Standard,13,4282,12480,Simulated
ACC_0197,BizCorp_0197,2026-07-01,2,1257,1110,AMER,Retail,Standard,13,4282,12480,Simulated
ACC_0197,BizCorp_0197,2026-08-01,1,666,555,AMER,Retail,Standard,13,4282,12480,Simulated
ACC_0198,BizCorp_0198,2026-03-01,8,4091,3641,APAC,Manufacturing,Standard,19,13730,18240,Simulated
ACC_0198,BizCorp_0198,2026-04-01,7,4068,3257,APAC,Manufacturing,Standard,19,13730,18240,Simulated
ACC_0198,BizCorp_0198,2026-05-01,8,4069,3154,APAC,Manufacturing,Standard,19,13730,18240,Simulated
ACC_0198,BizCorp_0198,2026-06-01,9,4806,3939,APAC,Manufacturing,Standard,19,13730,18240,Simulated
ACC_0198,BizCorp_0198,2026-07-01,11,5586,4727,APAC,Manufacturing,Standard,19,13730,18240,Simulated
ACC_0198,BizCorp_0198,2026-08-01,12,6377,5673,APAC,Manufacturing,Standard,19,13730,18240,Simulated
ACC_0199,BizCorp_0199,2026-03-01,81,155359,133855,EMEA,Healthcare,Premium,85,169089,61200,Simulated
ACC_0199,BizCorp_0199,2026-04-01,83,143153,126861,EMEA,Healthcare,Premium,85,169089,61200,Simulated
ACC_0199,BizCorp_0199,2026-05-01,85,128998,100871,EMEA,Healthcare,Premium,85,169089,61200,Simulated
ACC_0199,BizCorp_0199,2026-06-01,42,74539,58334,EMEA,Healthcare,Premium,85,169089,61200,Simulated
ACC_0199,BizCorp_0199,2026-07-01,21,33341,29167,EMEA,Healthcare,Premium,85,169089,61200,Simulated
ACC_0199,BizCorp_0199,2026-08-01,10,18430,14583,EMEA,Healthcare,Premium,85,169089,61200,Simulated
ACC_0200,BizCorp_0200,2026-03-01,3,5012,4190,AMER,Technology,Standard,10,7741,9600,Simulated
ACC_0200,BizCorp_0200,2026-04-01,3,5585,4784,AMER,Technology,Standard,10,7741,9600,Simulated
ACC_0200,BizCorp_0200,2026-05-01,3,6764,5340,AMER,Technology,Standard,10,7741,9600,Simulated
ACC_0200,BizCorp_0200,2026-06-01,4,6561,5824,AMER,Technology,Standard,10,7741,9600,Simulated
ACC_0200,BizCorp_0200,2026-07-01,5,7881,6989,AMER,Technology,Standard,10,7741,9600,Simulated
ACC_0200,BizCorp_0200,2026-08-01,6,10293,8387,AMER,Technology,Standard,10,7741,9600,Simulated
ACC_0201,BizCorp_0201,2026-03-01,6,3876,3165,EMEA,Retail,Standard,14,12181,13440,Simulated
ACC_0201,BizCorp_0201,2026-04-01,6,4463,3487,EMEA,Retail,Standard,14,12181,13440,Simulated
ACC_0201,BizCorp_0201,2026-05-01,6,3847,3118,EMEA,Retail,Standard,14,12181,13440,Simulated
ACC_0201,BizCorp_0201,2026-06-01,8,5147,4331,EMEA,Retail,Standard,14,12181,13440,Simulated
ACC_0201,BizCorp_0201,2026-07-01,9,6006,5198,EMEA,Retail,Standard,14,12181,13440,Simulated
ACC_0201,BizCorp_0201,2026-08-01,10,6972,6238,EMEA,Retail,Standard,14,12181,13440,Simulated
ACC_0202,BizCorp_0202,2026-03-01,179,224859,185496,AMER,Technology,Enterprise,225,329447,121500,Simulated
ACC_0202,BizCorp_0202,2026-04-01,156,202354,177740,AMER,Technology,Enterprise,225,329447,121500,Simulated
ACC_0202,BizCorp_0202,2026-05-01,173,198411,178657,AMER,Technology,Enterprise,225,329447,121500,Simulated
ACC_0202,BizCorp_0202,2026-06-01,171,189264,158358,AMER,Technology,Enterprise,225,329447,121500,Simulated
ACC_0202,BizCorp_0202,2026-07-01,182,199184,154738,AMER,Technology,Enterprise,225,329447,121500,Simulated
ACC_0202,BizCorp_0202,2026-08-01,158,187886,149430,AMER,Technology,Enterprise,225,329447,121500,Simulated
ACC_0203,BizCorp_0203,2026-03-01,190,313440,259748,AMER,Technology,Enterprise,348,445478,187920,Simulated
ACC_0203,BizCorp_0203,2026-04-01,180,365041,304634,AMER,Technology,Enterprise,348,445478,187920,Simulated
ACC_0203,BizCorp_0203,2026-05-01,203,320919,282474,AMER,Technology,Enterprise,348,445478,187920,Simulated
ACC_0203,BizCorp_0203,2026-06-01,169,351985,299205,AMER,Technology,Enterprise,348,445478,187920,Simulated
ACC_0203,BizCorp_0203,2026-07-01,172,410152,339430,AMER,Technology,Enterprise,348,445478,187920,Simulated
ACC_0203,BizCorp_0203,2026-08-01,179,336574,268473,AMER,Technology,Enterprise,348,445478,187920,Simulated
ACC_0204,BizCorp_0204,2026-03-01,184,200202,171839,AMER,Technology,Enterprise,359,270681,193860,Simulated
ACC_0204,BizCorp_0204,2026-04-01,178,169782,144129,AMER,Technology,Enterprise,359,270681,193860,Simulated
ACC_0204,BizCorp_0204,2026-05-01,189,188458,161789,AMER,Technology,Enterprise,359,270681,193860,Simulated
ACC_0204,BizCorp_0204,2026-06-01,192,205129,182468,AMER,Technology,Enterprise,359,270681,193860,Simulated
ACC_0204,BizCorp_0204,2026-07-01,185,217514,178700,AMER,Technology,Enterprise,359,270681,193860,Simulated
ACC_0204,BizCorp_0204,2026-08-01,196,210346,178713,AMER,Technology,Enterprise,359,270681,193860,Simulated
ACC_0205,BizCorp_0205,2026-03-01,62,134173,121338,APAC,Financial Services,Premium,93,338195,66960,Simulated
ACC_0205,BizCorp_0205,2026-04-01,63,173113,156845,APAC,Financial Services,Premium,93,338195,66960,Simulated
ACC_0205,BizCorp_0205,2026-05-01,62,160353,143134,APAC,Financial Services,Premium,93,338195,66960,Simulated
ACC_0205,BizCorp_0205,2026-06-01,64,164121,145871,APAC,Financial Services,Premium,93,338195,66960,Simulated
ACC_0205,BizCorp_0205,2026-07-01,62,174225,137266,APAC,Financial Services,Premium,93,338195,66960,Simulated
ACC_0205,BizCorp_0205,2026-08-01,61,170814,151368,APAC,Financial Services,Premium,93,338195,66960,Simulated
ACC_0206,BizCorp_0206,2026-03-01,160,78210,65704,APAC,Technology,Enterprise,177,56752,95580,Simulated
ACC_0206,BizCorp_0206,2026-04-01,146,73248,57864,APAC,Technology,Enterprise,177,56752,95580,Simulated
ACC_0206,BizCorp_0206,2026-05-01,156,73450,66767,APAC,Technology,Enterprise,177,56752,95580,Simulated
ACC_0206,BizCorp_0206,2026-06-01,177,70945,58172,APAC,Technology,Enterprise,177,56752,95580,Simulated
ACC_0206,BizCorp_0206,2026-07-01,174,65982,56382,APAC,Technology,Enterprise,177,56752,95580,Simulated
ACC_0206,BizCorp_0206,2026-08-01,167,72098,59979,APAC,Technology,Enterprise,177,56752,95580,Simulated
ACC_0207,BizCorp_0207,2026-03-01,167,227715,183688,AMER,Technology,Enterprise,274,433406,147960,Simulated
ACC_0207,BizCorp_0207,2026-04-01,195,290646,223615,AMER,Technology,Enterprise,274,433406,147960,Simulated
ACC_0207,BizCorp_0207,2026-05-01,197,229744,191300,AMER,Technology,Enterprise,274,433406,147960,Simulated
ACC_0207,BizCorp_0207,2026-06-01,194,301126,233598,AMER,Technology,Enterprise,274,433406,147960,Simulated
ACC_0207,BizCorp_0207,2026-07-01,188,297490,239612,AMER,Technology,Enterprise,274,433406,147960,Simulated
ACC_0207,BizCorp_0207,2026-08-01,175,255766,219669,AMER,Technology,Enterprise,274,433406,147960,Simulated
ACC_0208,BizCorp_0208,2026-03-01,49,15884,12922,APAC,Technology,Premium,86,32844,61920,Simulated
ACC_0208,BizCorp_0208,2026-04-01,49,15532,12132,APAC,Technology,Premium,86,32844,61920,Simulated
ACC_0208,BizCorp_0208,2026-05-01,56,15220,11900,APAC,Technology,Premium,86,32844,61920,Simulated
ACC_0208,BizCorp_0208,2026-06-01,57,15917,13181,APAC,Technology,Premium,86,32844,61920,Simulated
ACC_0208,BizCorp_0208,2026-07-01,58,14239,12765,APAC,Technology,Premium,86,32844,61920,Simulated
ACC_0208,BizCorp_0208,2026-08-01,49,16584,13436,APAC,Technology,Premium,86,32844,61920,Simulated
ACC_0209,BizCorp_0209,2026-03-01,250,225505,198607,APAC,Technology,Enterprise,321,207783,173340,Simulated
ACC_0209,BizCorp_0209,2026-04-01,247,242049,219708,APAC,Technology,Enterprise,321,207783,173340,Simulated
ACC_0209,BizCorp_0209,2026-05-01,233,278914,234596,APAC,Technology,Enterprise,321,207783,173340,Simulated
ACC_0209,BizCorp_0209,2026-06-01,221,205299,177560,APAC,Technology,Enterprise,321,207783,173340,Simulated
ACC_0209,BizCorp_0209,2026-07-01,254,222031,198598,APAC,Technology,Enterprise,321,207783,173340,Simulated
ACC_0209,BizCorp_0209,2026-08-01,240,242739,195197,APAC,Technology,Enterprise,321,207783,173340,Simulated
ACC_0210,BizCorp_0210,2026-03-01,232,368106,296666,AMER,Logistics,Enterprise,489,827433,264060,Simulated
ACC_0210,BizCorp_0210,2026-04-01,262,328551,253345,AMER,Logistics,Enterprise,489,827433,264060,Simulated
ACC_0210,BizCorp_0210,2026-05-01,263,303430,262604,AMER,Logistics,Enterprise,489,827433,264060,Simulated
ACC_0210,BizCorp_0210,2026-06-01,256,305088,267914,AMER,Logistics,Enterprise,489,827433,264060,Simulated
ACC_0210,BizCorp_0210,2026-07-01,268,381632,312661,AMER,Logistics,Enterprise,489,827433,264060,Simulated
ACC_0210,BizCorp_0210,2026-08-01,239,381214,305168,AMER,Logistics,Enterprise,489,827433,264060,Simulated
ACC_0211,BizCorp_0211,2026-03-01,30,31232,24858,APAC,Financial Services,Premium,38,54850,27360,Simulated
ACC_0211,BizCorp_0211,2026-04-01,30,33765,26006,APAC,Financial Services,Premium,38,54850,27360,Simulated
ACC_0211,BizCorp_0211,2026-05-01,34,28685,24931,APAC,Financial Services,Premium,38,54850,27360,Simulated
ACC_0211,BizCorp_0211,2026-06-01,33,31347,24346,APAC,Financial Services,Premium,38,54850,27360,Simulated
ACC_0211,BizCorp_0211,2026-07-01,33,31056,27969,APAC,Financial Services,Premium,38,54850,27360,Simulated
ACC_0211,BizCorp_0211,2026-08-01,35,31420,24188,APAC,Financial Services,Premium,38,54850,27360,Simulated
ACC_0212,BizCorp_0212,2026-03-01,69,104207,93991,EMEA,Retail,Premium,135,128509,97200,Simulated
ACC_0212,BizCorp_0212,2026-04-01,72,103719,80799,EMEA,Retail,Premium,135,128509,97200,Simulated
ACC_0212,BizCorp_0212,2026-05-01,69,104112,88353,EMEA,Retail,Premium,135,128509,97200,Simulated
ACC_0212,BizCorp_0212,2026-06-01,34,54558,46753,EMEA,Retail,Premium,135,128509,97200,Simulated
ACC_0212,BizCorp_0212,2026-07-01,17,29828,23376,EMEA,Retail,Premium,135,128509,97200,Simulated
ACC_0212,BizCorp_0212,2026-08-01,8,14744,11688,EMEA,Retail,Premium,135,128509,97200,Simulated
ACC_0213,BizCorp_0213,2026-03-01,256,123552,109059,AMER,Technology,Enterprise,356,249270,192240,Simulated
ACC_0213,BizCorp_0213,2026-04-01,269,136961,122359,AMER,Technology,Enterprise,356,249270,192240,Simulated
ACC_0213,BizCorp_0213,2026-05-01,278,156942,128799,AMER,Technology,Enterprise,356,249270,192240,Simulated
ACC_0213,BizCorp_0213,2026-06-01,287,128856,112041,AMER,Technology,Enterprise,356,249270,192240,Simulated
ACC_0213,BizCorp_0213,2026-07-01,258,126918,108648,AMER,Technology,Enterprise,356,249270,192240,Simulated
ACC_0213,BizCorp_0213,2026-08-01,255,141008,112016,AMER,Technology,Enterprise,356,249270,192240,Simulated
ACC_0214,BizCorp_0214,2026-03-01,88,233904,192389,APAC,Manufacturing,Premium,145,506455,104400,Simulated
ACC_0214,BizCorp_0214,2026-04-01,77,178151,160980,APAC,Manufacturing,Premium,145,506455,104400,Simulated
ACC_0214,BizCorp_0214,2026-05-01,81,227895,204757,APAC,Manufacturing,Premium,145,506455,104400,Simulated
ACC_0214,BizCorp_0214,2026-06-01,78,248051,208730,APAC,Manufacturing,Premium,145,506455,104400,Simulated
ACC_0214,BizCorp_0214,2026-07-01,81,214210,192435,APAC,Manufacturing,Premium,145,506455,104400,Simulated
ACC_0214,BizCorp_0214,2026-08-01,87,218715,188713,APAC,Manufacturing,Premium,145,506455,104400,Simulated
ACC_0215,BizCorp_0215,2026-03-01,34,21055,16744,AMER,Manufacturing,Premium,116,39583,83520,Simulated
ACC_0215,BizCorp_0215,2026-04-01,35,17751,14882,AMER,Manufacturing,Premium,116,39583,83520,Simulated
ACC_0215,BizCorp_0215,2026-05-01,34,17517,15637,AMER,Manufacturing,Premium,116,39583,83520,Simulated
ACC_0215,BizCorp_0215,2026-06-01,41,22281,18112,AMER,Manufacturing,Premium,116,39583,83520,Simulated
ACC_0215,BizCorp_0215,2026-07-01,50,26844,21734,AMER,Manufacturing,Premium,116,39583,83520,Simulated
ACC_0215,BizCorp_0215,2026-08-01,60,28824,26081,AMER,Manufacturing,Premium,116,39583,83520,Simulated
ACC_0216,BizCorp_0216,2026-03-01,10,5236,4297,EMEA,Financial Services,Standard,18,8568,17280,Simulated
ACC_0216,BizCorp_0216,2026-04-01,12,5096,4529,EMEA,Financial Services,Standard,18,8568,17280,Simulated
ACC_0216,BizCorp_0216,2026-05-01,12,4622,3864,EMEA,Financial Services,Standard,18,8568,17280,Simulated
ACC_0216,BizCorp_0216,2026-06-01,6,2471,2019,EMEA,Financial Services,Standard,18,8568,17280,Simulated
ACC_0216,BizCorp_0216,2026-07-01,3,1147,1009,EMEA,Financial Services,Standard,18,8568,17280,Simulated
ACC_0216,BizCorp_0216,2026-08-01,1,568,504,EMEA,Financial Services,Standard,18,8568,17280,Simulated
ACC_0217,BizCorp_0217,2026-03-01,119,257769,206071,APAC,Healthcare,Enterprise,198,368477,106920,Simulated
ACC_0217,BizCorp_0217,2026-04-01,116,253557,202022,APAC,Healthcare,Enterprise,198,368477,106920,Simulated
ACC_0217,BizCorp_0217,2026-05-01,112,199476,170700,APAC,Healthcare,Enterprise,198,368477,106920,Simulated
ACC_0217,BizCorp_0217,2026-06-01,118,187911,154369,APAC,Healthcare,Enterprise,198,368477,106920,Simulated
ACC_0217,BizCorp_0217,2026-07-01,125,188676,157044,APAC,Healthcare,Enterprise,198,368477,106920,Simulated
ACC_0217,BizCorp_0217,2026-08-01,129,237571,200582,APAC,Healthcare,Enterprise,198,368477,106920,Simulated
ACC_0218,BizCorp_0218,2026-03-01,20,18368,16143,AMER,Logistics,Premium,36,35199,25920,Simulated
ACC_0218,BizCorp_0218,2026-04-01,21,23405,19611,AMER,Logistics,Premium,36,35199,25920,Simulated
ACC_0218,BizCorp_0218,2026-05-01,22,24873,20502,AMER,Logistics,Premium,36,35199,25920,Simulated
ACC_0218,BizCorp_0218,2026-06-01,20,20317,17429,AMER,Logistics,Premium,36,35199,25920,Simulated
ACC_0218,BizCorp_0218,2026-07-01,19,26457,20636,AMER,Logistics,Premium,36,35199,25920,Simulated
ACC_0218,BizCorp_0218,2026-08-01,21,25635,20880,AMER,Logistics,Premium,36,35199,25920,Simulated
ACC_0219,BizCorp_0219,2026-03-01,8,6401,5069,APAC,Healthcare,Standard,8,4556,7680,Simulated
ACC_0219,BizCorp_0219,2026-04-01,8,5329,4516,APAC,Healthcare,Standard,8,4556,7680,Simulated
ACC_0219,BizCorp_0219,2026-05-01,8,4404,3997,APAC,Healthcare,Standard,8,4556,7680,Simulated
ACC_0219,BizCorp_0219,2026-06-01,7,5380,4768,APAC,Healthcare,Standard,8,4556,7680,Simulated
ACC_0219,BizCorp_0219,2026-07-01,8,6253,4876,APAC,Healthcare,Standard,8,4556,7680,Simulated
ACC_0219,BizCorp_0219,2026-08-01,7,6109,5360,APAC,Healthcare,Standard,8,4556,7680,Simulated
ACC_0220,BizCorp_0220,2026-03-01,2,11291,9325,AMER,Financial Services,Standard,3,25788,2880,Simulated
ACC_0220,BizCorp_0220,2026-04-01,2,10642,8389,AMER,Financial Services,Standard,3,25788,2880,Simulated
ACC_0220,BizCorp_0220,2026-05-01,2,10363,8388,AMER,Financial Services,Standard,3,25788,2880,Simulated
ACC_0220,BizCorp_0220,2026-06-01,1,5757,4897,AMER,Financial Services,Standard,3,25788,2880,Simulated
ACC_0220,BizCorp_0220,2026-07-01,1,3078,2448,AMER,Financial Services,Standard,3,25788,2880,Simulated
ACC_0220,BizCorp_0220,2026-08-01,1,1373,1224,AMER,Financial Services,Standard,3,25788,2880,Simulated
ACC_0221,BizCorp_0221,2026-03-01,7,7500,5822,AMER,Logistics,Standard,14,9422,13440,Simulated
ACC_0221,BizCorp_0221,2026-04-01,8,8146,6383,AMER,Logistics,Standard,14,9422,13440,Simulated
ACC_0221,BizCorp_0221,2026-05-01,7,5452,4830,AMER,Logistics,Standard,14,9422,13440,Simulated
ACC_0221,BizCorp_0221,2026-06-01,7,6881,6045,AMER,Logistics,Standard,14,9422,13440,Simulated
ACC_0221,BizCorp_0221,2026-07-01,7,6519,5344,AMER,Logistics,Standard,14,9422,13440,Simulated
ACC_0221,BizCorp_0221,2026-08-01,8,5688,5128,AMER,Logistics,Standard,14,9422,13440,Simulated
ACC_0222,BizCorp_0222,2026-03-01,22,16430,13403,APAC,Retail,Premium,44,23865,31680,Simulated
ACC_0222,BizCorp_0222,2026-04-01,22,15474,12878,APAC,Retail,Premium,44,23865,31680,Simulated
ACC_0222,BizCorp_0222,2026-05-01,24,18003,14455,APAC,Retail,Premium,44,23865,31680,Simulated
ACC_0222,BizCorp_0222,2026-06-01,25,19285,15769,APAC,Retail,Premium,44,23865,31680,Simulated
ACC_0222,BizCorp_0222,2026-07-01,22,17891,14016,APAC,Retail,Premium,44,23865,31680,Simulated
ACC_0222,BizCorp_0222,2026-08-01,24,16799,13956,APAC,Retail,Premium,44,23865,31680,Simulated
ACC_0223,BizCorp_0223,2026-03-01,4,7554,6301,APAC,Healthcare,Standard,8,20675,7680,Simulated
ACC_0223,BizCorp_0223,2026-04-01,4,7374,5742,APAC,Healthcare,Standard,8,20675,7680,Simulated
ACC_0223,BizCorp_0223,2026-05-01,4,5828,5095,APAC,Healthcare,Standard,8,20675,7680,Simulated
ACC_0223,BizCorp_0223,2026-06-01,4,7738,6563,APAC,Healthcare,Standard,8,20675,7680,Simulated
ACC_0223,BizCorp_0223,2026-07-01,4,8023,6608,APAC,Healthcare,Standard,8,20675,7680,Simulated
ACC_0223,BizCorp_0223,2026-08-01,5,6890,5694,APAC,Healthcare,Standard,8,20675,7680,Simulated
ACC_0224,BizCorp_0224,2026-03-01,324,103609,93491,APAC,Technology,Enterprise,498,205537,268920,Simulated
ACC_0224,BizCorp_0224,2026-04-01,324,115133,96732,APAC,Technology,Enterprise,498,205537,268920,Simulated
ACC_0224,BizCorp_0224,2026-05-01,319,117170,97682,APAC,Technology,Enterprise,498,205537,268920,Simulated
ACC_0224,BizCorp_0224,2026-06-01,309,103648,87221,APAC,Technology,Enterprise,498,205537,268920,Simulated
ACC_0224,BizCorp_0224,2026-07-01,308,113668,88783,APAC,Technology,Enterprise,498,205537,268920,Simulated
ACC_0224,BizCorp_0224,2026-08-01,310,123085,101780,APAC,Technology,Enterprise,498,205537,268920,Simulated
ACC_0225,BizCorp_0225,2026-03-01,34,32323,29182,APAC,Logistics,Premium,48,70994,34560,Simulated
ACC_0225,BizCorp_0225,2026-04-01,34,35488,30440,APAC,Logistics,Premium,48,70994,34560,Simulated
ACC_0225,BizCorp_0225,2026-05-01,35,45335,36658,APAC,Logistics,Premium,48,70994,34560,Simulated
ACC_0225,BizCorp_0225,2026-06-01,35,46205,35554,APAC,Logistics,Premium,48,70994,34560,Simulated
ACC_0225,BizCorp_0225,2026-07-01,40,44956,36024,APAC,Logistics,Premium,48,70994,34560,Simulated
ACC_0225,BizCorp_0225,2026-08-01,40,33114,28550,APAC,Logistics,Premium,48,70994,34560,Simulated
ACC_0226,BizCorp_0226,2026-03-01,31,34488,28015,EMEA,Logistics,Premium,55,57881,39600,Simulated
ACC_0226,BizCorp_0226,2026-04-01,31,34388,27462,EMEA,Logistics,Premium,55,57881,39600,Simulated
ACC_0226,BizCorp_0226,2026-05-01,29,30372,26517,EMEA,Logistics,Premium,55,57881,39600,Simulated
ACC_0226,BizCorp_0226,2026-06-01,16,17096,13679,EMEA,Logistics,Premium,55,57881,39600,Simulated
ACC_0226,BizCorp_0226,2026-07-01,8,8171,6839,EMEA,Logistics,Premium,55,57881,39600,Simulated
ACC_0226,BizCorp_0226,2026-08-01,4,4113,3419,EMEA,Logistics,Premium,55,57881,39600,Simulated
ACC_0227,BizCorp_0227,2026-03-01,5,4956,4357,EMEA,Financial Services,Standard,10,15551,9600,Simulated
ACC_0227,BizCorp_0227,2026-04-01,5,5583,4890,EMEA,Financial Services,Standard,10,15551,9600,Simulated
ACC_0227,BizCorp_0227,2026-05-01,4,5517,4696,EMEA,Financial Services,Standard,10,15551,9600,Simulated
ACC_0227,BizCorp_0227,2026-06-01,5,6732,5539,EMEA,Financial Services,Standard,10,15551,9600,Simulated
ACC_0227,BizCorp_0227,2026-07-01,6,7481,6646,EMEA,Financial Services,Standard,10,15551,9600,Simulated
ACC_0227,BizCorp_0227,2026-08-01,7,10278,7976,EMEA,Financial Services,Standard,10,15551,9600,Simulated
ACC_0228,BizCorp_0228,2026-03-01,138,62111,52408,AMER,Manufacturing,Enterprise,156,93371,84240,Simulated
ACC_0228,BizCorp_0228,2026-04-01,149,76284,61614,AMER,Manufacturing,Enterprise,156,93371,84240,Simulated
ACC_0228,BizCorp_0228,2026-05-01,136,71113,58601,AMER,Manufacturing,Enterprise,156,93371,84240,Simulated
ACC_0228,BizCorp_0228,2026-06-01,128,65974,50928,AMER,Manufacturing,Enterprise,156,93371,84240,Simulated
ACC_0228,BizCorp_0228,2026-07-01,156,73421,58279,AMER,Manufacturing,Enterprise,156,93371,84240,Simulated
ACC_0228,BizCorp_0228,2026-08-01,153,68778,58377,AMER,Manufacturing,Enterprise,156,93371,84240,Simulated
ACC_0229,BizCorp_0229,2026-03-01,46,26910,23990,EMEA,Technology,Premium,162,100258,116640,Simulated
ACC_0229,BizCorp_0229,2026-04-01,46,33354,26080,EMEA,Technology,Premium,162,100258,116640,Simulated
ACC_0229,BizCorp_0229,2026-05-01,42,28234,23323,EMEA,Technology,Premium,162,100258,116640,Simulated
ACC_0229,BizCorp_0229,2026-06-01,55,35137,31758,EMEA,Technology,Premium,162,100258,116640,Simulated
ACC_0229,BizCorp_0229,2026-07-01,66,47171,38109,EMEA,Technology,Premium,162,100258,116640,Simulated
ACC_0229,BizCorp_0229,2026-08-01,79,54773,45731,EMEA,Technology,Premium,162,100258,116640,Simulated
ACC_0230,BizCorp_0230,2026-03-01,8,9701,8376,APAC,Financial Services,Standard,9,14760,8640,Simulated
ACC_0230,BizCorp_0230,2026-04-01,9,10635,9061,APAC,Financial Services,Standard,9,14760,8640,Simulated
ACC_0230,BizCorp_0230,2026-05-01,8,11164,8709,APAC,Financial Services,Standard,9,14760,8640,Simulated
ACC_0230,BizCorp_0230,2026-06-01,8,11860,10535,APAC,Financial Services,Standard,9,14760,8640,Simulated
ACC_0230,BizCorp_0230,2026-07-01,8,11608,9856,APAC,Financial Services,Standard,9,14760,8640,Simulated
ACC_0230,BizCorp_0230,2026-08-01,9,10673,8377,APAC,Financial Services,Standard,9,14760,8640,Simulated
ACC_0231,BizCorp_0231,2026-03-01,51,54267,42139,EMEA,Technology,Premium,68,82415,48960,Simulated
ACC_0231,BizCorp_0231,2026-04-01,53,50589,40898,EMEA,Technology,Premium,68,82415,48960,Simulated
ACC_0231,BizCorp_0231,2026-05-01,49,39304,34828,EMEA,Technology,Premium,68,82415,48960,Simulated
ACC_0231,BizCorp_0231,2026-06-01,26,22737,20433,EMEA,Technology,Premium,68,82415,48960,Simulated
ACC_0231,BizCorp_0231,2026-07-01,13,12053,10216,EMEA,Technology,Premium,68,82415,48960,Simulated
ACC_0231,BizCorp_0231,2026-08-01,6,6443,5108,EMEA,Technology,Premium,68,82415,48960,Simulated
ACC_0232,BizCorp_0232,2026-03-01,46,26910,21572,APAC,Logistics,Premium,76,38839,54720,Simulated
ACC_0232,BizCorp_0232,2026-04-01,45,27995,23501,APAC,Logistics,Premium,76,38839,54720,Simulated
ACC_0232,BizCorp_0232,2026-05-01,49,26006,22429,APAC,Logistics,Premium,76,38839,54720,Simulated
ACC_0232,BizCorp_0232,2026-06-01,23,12892,10545,APAC,Logistics,Premium,76,38839,54720,Simulated
ACC_0232,BizCorp_0232,2026-07-01,11,6653,5272,APAC,Logistics,Premium,76,38839,54720,Simulated
ACC_0232,BizCorp_0232,2026-08-01,5,2991,2636,APAC,Logistics,Premium,76,38839,54720,Simulated
ACC_0233,BizCorp_0233,2026-03-01,138,144727,117491,AMER,Retail,Enterprise,267,179418,144180,Simulated
ACC_0233,BizCorp_0233,2026-04-01,145,132570,106935,AMER,Retail,Enterprise,267,179418,144180,Simulated
ACC_0233,BizCorp_0233,2026-05-01,127,153645,135779,AMER,Retail,Enterprise,267,179418,144180,Simulated
ACC_0233,BizCorp_0233,2026-06-01,150,151798,123080,AMER,Retail,Enterprise,267,179418,144180,Simulated
ACC_0233,BizCorp_0233,2026-07-01,127,166423,129973,AMER,Retail,Enterprise,267,179418,144180,Simulated
ACC_0233,BizCorp_0233,2026-08-01,151,148359,118463,AMER,Retail,Enterprise,267,179418,144180,Simulated
ACC_0234,BizCorp_0234,2026-03-01,59,27547,23642,EMEA,Technology,Premium,77,29847,55440,Simulated
ACC_0234,BizCorp_0234,2026-04-01,64,24346,20268,EMEA,Technology,Premium,77,29847,55440,Simulated
ACC_0234,BizCorp_0234,2026-05-01,64,23649,19089,EMEA,Technology,Premium,77,29847,55440,Simulated
ACC_0234,BizCorp_0234,2026-06-01,67,26371,21111,EMEA,Technology,Premium,77,29847,55440,Simulated
ACC_0234,BizCorp_0234,2026-07-01,69,23379,21213,EMEA,Technology,Premium,77,29847,55440,Simulated
ACC_0234,BizCorp_0234,2026-08-01,59,28705,24631,EMEA,Technology,Premium,77,29847,55440,Simulated
ACC_0235,BizCorp_0235,2026-03-01,260,70022,54281,EMEA,Healthcare,Enterprise,895,148076,483300,Simulated
ACC_0235,BizCorp_0235,2026-04-01,239,81787,64485,EMEA,Healthcare,Enterprise,895,148076,483300,Simulated
ACC_0235,BizCorp_0235,2026-05-01,240,56368,50324,EMEA,Healthcare,Enterprise,895,148076,483300,Simulated
ACC_0235,BizCorp_0235,2026-06-01,309,81807,70595,EMEA,Healthcare,Enterprise,895,148076,483300,Simulated
ACC_0235,BizCorp_0235,2026-07-01,371,102245,84715,EMEA,Healthcare,Enterprise,895,148076,483300,Simulated
ACC_0235,BizCorp_0235,2026-08-01,434,119770,101658,EMEA,Healthcare,Enterprise,895,148076,483300,Simulated
ACC_0236,BizCorp_0236,2026-03-01,9,2255,1986,AMER,Manufacturing,Standard,17,5790,16320,Simulated
ACC_0236,BizCorp_0236,2026-04-01,10,2727,2261,AMER,Manufacturing,Standard,17,5790,16320,Simulated
ACC_0236,BizCorp_0236,2026-05-01,9,2144,1748,AMER,Manufacturing,Standard,17,5790,16320,Simulated
ACC_0236,BizCorp_0236,2026-06-01,10,2613,2121,AMER,Manufacturing,Standard,17,5790,16320,Simulated
ACC_0236,BizCorp_0236,2026-07-01,9,2541,2138,AMER,Manufacturing,Standard,17,5790,16320,Simulated
ACC_0236,BizCorp_0236,2026-08-01,10,2055,1749,AMER,Manufacturing,Standard,17,5790,16320,Simulated
ACC_0237,BizCorp_0237,2026-03-01,244,50508,42647,AMER,Logistics,Enterprise,373,104110,201420,Simulated
ACC_0237,BizCorp_0237,2026-04-01,282,52629,46230,AMER,Logistics,Enterprise,373,104110,201420,Simulated
ACC_0237,BizCorp_0237,2026-05-01,266,56840,44530,AMER,Logistics,Enterprise,373,104110,201420,Simulated
ACC_0237,BizCorp_0237,2026-06-01,272,60559,53423,AMER,Logistics,Enterprise,373,104110,201420,Simulated
ACC_0237,BizCorp_0237,2026-07-01,240,53132,47375,AMER,Logistics,Enterprise,373,104110,201420,Simulated
ACC_0237,BizCorp_0237,2026-08-01,248,56337,49510,AMER,Logistics,Enterprise,373,104110,201420,Simulated
ACC_0238,BizCorp_0238,2026-03-01,30,11761,10490,AMER,Healthcare,Premium,42,29666,30240,Simulated
ACC_0238,BizCorp_0238,2026-04-01,29,11995,9746,AMER,Healthcare,Premium,42,29666,30240,Simulated
ACC_0238,BizCorp_0238,2026-05-01,27,11924,10423,AMER,Healthcare,Premium,42,29666,30240,Simulated
ACC_0238,BizCorp_0238,2026-06-01,31,13041,10648,AMER,Healthcare,Premium,42,29666,30240,Simulated
ACC_0238,BizCorp_0238,2026-07-01,28,15043,12725,AMER,Healthcare,Premium,42,29666,30240,Simulated
ACC_0238,BizCorp_0238,2026-08-01,32,14803,11404,AMER,Healthcare,Premium,42,29666,30240,Simulated
ACC_0239,BizCorp_0239,2026-03-01,48,27046,22965,APAC,Financial Services,Premium,54,30926,38880,Simulated
ACC_0239,BizCorp_0239,2026-04-01,54,26920,23896,APAC,Financial Services,Premium,54,30926,38880,Simulated
ACC_0239,BizCorp_0239,2026-05-01,46,29492,23832,APAC,Financial Services,Premium,54,30926,38880,Simulated
ACC_0239,BizCorp_0239,2026-06-01,54,25833,23200,APAC,Financial Services,Premium,54,30926,38880,Simulated
ACC_0239,BizCorp_0239,2026-07-01,45,29541,24829,APAC,Financial Services,Premium,54,30926,38880,Simulated
ACC_0239,BizCorp_0239,2026-08-01,50,28456,23700,APAC,Financial Services,Premium,54,30926,38880,Simulated
ACC_0240,BizCorp_0240,2026-03-01,7,8831,7079,APAC,Manufacturing,Standard,10,13730,9600,Simulated
ACC_0240,BizCorp_0240,2026-04-01,7,8651,7780,APAC,Manufacturing,Standard,10,13730,9600,Simulated
ACC_0240,BizCorp_0240,2026-05-01,7,7971,7052,APAC,Manufacturing,Standard,10,13730,9600,Simulated
ACC_0240,BizCorp_0240,2026-06-01,6,8310,6469,APAC,Manufacturing,Standard,10,13730,9600,Simulated
ACC_0240,BizCorp_0240,2026-07-01,7,10625,8515,APAC,Manufacturing,Standard,10,13730,9600,Simulated
ACC_0240,BizCorp_0240,2026-08-01,7,8613,7010,APAC,Manufacturing,Standard,10,13730,9600,Simulated
ACC_0241,BizCorp_0241,2026-03-01,293,356151,322385,AMER,Manufacturing,Enterprise,542,797346,292680,Simulated
ACC_0241,BizCorp_0241,2026-04-01,304,375321,326807,AMER,Manufacturing,Enterprise,542,797346,292680,Simulated
ACC_0241,BizCorp_0241,2026-05-01,286,476214,386224,AMER,Manufacturing,Enterprise,542,797346,292680,Simulated
ACC_0241,BizCorp_0241,2026-06-01,270,452256,363579,AMER,Manufacturing,Enterprise,542,797346,292680,Simulated
ACC_0241,BizCorp_0241,2026-07-01,290,386547,331992,AMER,Manufacturing,Enterprise,542,797346,292680,Simulated
ACC_0241,BizCorp_0241,2026-08-01,281,373554,293220,AMER,Manufacturing,Enterprise,542,797346,292680,Simulated
ACC_0242,BizCorp_0242,2026-03-01,6,3612,3211,EMEA,Logistics,Standard,10,9123,9600,Simulated
ACC_0242,BizCorp_0242,2026-04-01,5,3624,2879,EMEA,Logistics,Standard,10,9123,9600,Simulated
ACC_0242,BizCorp_0242,2026-05-01,5,3370,2844,EMEA,Logistics,Standard,10,9123,9600,Simulated
ACC_0242,BizCorp_0242,2026-06-01,5,2908,2552,EMEA,Logistics,Standard,10,9123,9600,Simulated
ACC_0242,BizCorp_0242,2026-07-01,5,3398,2928,EMEA,Logistics,Standard,10,9123,9600,Simulated
ACC_0242,BizCorp_0242,2026-08-01,5,3689,3236,EMEA,Logistics,Standard,10,9123,9600,Simulated
ACC_0243,BizCorp_0243,2026-03-01,21,50817,42766,APAC,Technology,Premium,45,92938,32400,Simulated
ACC_0243,BizCorp_0243,2026-04-01,21,63664,50848,APAC,Technology,Premium,45,92938,32400,Simulated
ACC_0243,BizCorp_0243,2026-05-01,22,57057,51684,APAC,Technology,Premium,45,92938,32400,Simulated
ACC_0243,BizCorp_0243,2026-06-01,25,67049,57001,APAC,Technology,Premium,45,92938,32400,Simulated
ACC_0243,BizCorp_0243,2026-07-01,31,86924,68401,APAC,Technology,Premium,45,92938,32400,Simulated
ACC_0243,BizCorp_0243,2026-08-01,37,102747,82082,APAC,Technology,Premium,45,92938,32400,Simulated
ACC_0244,BizCorp_0244,2026-03-01,5,4898,4107,AMER,Logistics,Standard,7,5164,6720,Simulated
ACC_0244,BizCorp_0244,2026-04-01,5,5207,4264,AMER,Logistics,Standard,7,5164,6720,Simulated
ACC_0244,BizCorp_0244,2026-05-01,4,4712,3947,AMER,Logistics,Standard,7,5164,6720,Simulated
ACC_0244,BizCorp_0244,2026-06-01,2,2505,2215,AMER,Logistics,Standard,7,5164,6720,Simulated
ACC_0244,BizCorp_0244,2026-07-01,1,1259,1107,AMER,Logistics,Standard,7,5164,6720,Simulated
ACC_0244,BizCorp_0244,2026-08-01,1,609,553,AMER,Logistics,Standard,7,5164,6720,Simulated
ACC_0245,BizCorp_0245,2026-03-01,15,20676,17603,APAC,Technology,Standard,23,22513,22080,Simulated
ACC_0245,BizCorp_0245,2026-04-01,14,19577,16078,APAC,Technology,Standard,23,22513,22080,Simulated
ACC_0245,BizCorp_0245,2026-05-01,14,17069,13291,APAC,Technology,Standard,23,22513,22080,Simulated
ACC_0245,BizCorp_0245,2026-06-01,7,9076,7712,APAC,Technology,Standard,23,22513,22080,Simulated
ACC_0245,BizCorp_0245,2026-07-01,3,4677,3856,APAC,Technology,Standard,23,22513,22080,Simulated
ACC_0245,BizCorp_0245,2026-08-01,1,2195,1928,APAC,Technology,Standard,23,22513,22080,Simulated
ACC_0246,BizCorp_0246,2026-03-01,54,32145,25886,AMER,Healthcare,Premium,95,62834,68400,Simulated
ACC_0246,BizCorp_0246,2026-04-01,53,28950,26045,AMER,Healthcare,Premium,95,62834,68400,Simulated
ACC_0246,BizCorp_0246,2026-05-01,50,30457,26500,AMER,Healthcare,Premium,95,62834,68400,Simulated
ACC_0246,BizCorp_0246,2026-06-01,62,38904,32541,AMER,Healthcare,Premium,95,62834,68400,Simulated
ACC_0246,BizCorp_0246,2026-07-01,66,50151,39050,AMER,Healthcare,Premium,95,62834,68400,Simulated
ACC_0246,BizCorp_0246,2026-08-01,66,54933,46860,AMER,Healthcare,Premium,95,62834,68400,Simulated
ACC_0247,BizCorp_0247,2026-03-01,11,9715,7859,APAC,Healthcare,Standard,13,14899,12480,Simulated
ACC_0247,BizCorp_0247,2026-04-01,11,10592,8209,APAC,Healthcare,Standard,13,14899,12480,Simulated
ACC_0247,BizCorp_0247,2026-05-01,13,8528,6800,APAC,Healthcare,Standard,13,14899,12480,Simulated
ACC_0247,BizCorp_0247,2026-06-01,12,10569,8961,APAC,Healthcare,Standard,13,14899,12480,Simulated
ACC_0247,BizCorp_0247,2026-07-01,12,10740,8923,APAC,Healthcare,Standard,13,14899,12480,Simulated
ACC_0247,BizCorp_0247,2026-08-01,11,9850,7781,APAC,Healthcare,Standard,13,14899,12480,Simulated
ACC_0248,BizCorp_0248,2026-03-01,6,4276,3513,AMER,Manufacturing,Standard,12,3161,11520,Simulated
ACC_0248,BizCorp_0248,2026-04-01,7,4350,3386,AMER,Manufacturing,Standard,12,3161,11520,Simulated
ACC_0248,BizCorp_0248,2026-05-01,7,3375,2779,AMER,Manufacturing,Standard,12,3161,11520,Simulated
ACC_0248,BizCorp_0248,2026-06-01,3,1982,1574,AMER,Manufacturing,Standard,12,3161,11520,Simulated
ACC_0248,BizCorp_0248,2026-07-01,1,993,787,AMER,Manufacturing,Standard,12,3161,11520,Simulated
ACC_0248,BizCorp_0248,2026-08-01,1,453,393,AMER,Manufacturing,Standard,12,3161,11520,Simulated
ACC_0249,BizCorp_0249,2026-03-01,334,150427,119077,APAC,Retail,Enterprise,489,226234,264060,Simulated
ACC_0249,BizCorp_0249,2026-04-01,312,112139,90489,APAC,Retail,Enterprise,489,226234,264060,Simulated
ACC_0249,BizCorp_0249,2026-05-01,349,135523,108714,APAC,Retail,Enterprise,489,226234,264060,Simulated
ACC_0249,BizCorp_0249,2026-06-01,324,124068,99990,APAC,Retail,Enterprise,489,226234,264060,Simulated
ACC_0249,BizCorp_0249,2026-07-01,326,121212,93985,APAC,Retail,Enterprise,489,226234,264060,Simulated
ACC_0249,BizCorp_0249,2026-08-01,343,129286,113696,APAC,Retail,Enterprise,489,226234,264060,Simulated
ACC_0250,BizCorp_0250,2026-03-01,7,11423,8964,APAC,Technology,Standard,12,9953,11520,Simulated
ACC_0250,BizCorp_0250,2026-04-01,8,9872,8800,APAC,Technology,Standard,12,9953,11520,Simulated
ACC_0250,BizCorp_0250,2026-05-01,8,7644,6843,APAC,Technology,Standard,12,9953,11520,Simulated
ACC_0250,BizCorp_0250,2026-06-01,7,7526,6806,APAC,Technology,Standard,12,9953,11520,Simulated
ACC_0250,BizCorp_0250,2026-07-01,7,9760,7795,APAC,Technology,Standard,12,9953,11520,Simulated
ACC_0250,BizCorp_0250,2026-08-01,7,9398,7280,APAC,Technology,Standard,12,9953,11520,Simulated
ACC_0251,BizCorp_0251,2026-03-01,20,43359,33421,AMER,Retail,Premium,26,46201,18720,Simulated
ACC_0251,BizCorp_0251,2026-04-01,24,43750,36622,AMER,Retail,Premium,26,46201,18720,Simulated
ACC_0251,BizCorp_0251,2026-05-01,22,37259,31733,AMER,Retail,Premium,26,46201,18720,Simulated
ACC_0251,BizCorp_0251,2026-06-01,25,47094,37277,AMER,Retail,Premium,26,46201,18720,Simulated
ACC_0251,BizCorp_0251,2026-07-01,25,40002,34025,AMER,Retail,Premium,26,46201,18720,Simulated
ACC_0251,BizCorp_0251,2026-08-01,21,36169,31019,AMER,Retail,Premium,26,46201,18720,Simulated
ACC_0252,BizCorp_0252,2026-03-01,35,27826,21655,APAC,Technology,Premium,40,40933,28800,Simulated
ACC_0252,BizCorp_0252,2026-04-01,32,21045,17449,APAC,Technology,Premium,40,40933,28800,Simulated
ACC_0252,BizCorp_0252,2026-05-01,39,24326,21159,APAC,Technology,Premium,40,40933,28800,Simulated
ACC_0252,BizCorp_0252,2026-06-01,35,26465,20774,APAC,Technology,Premium,40,40933,28800,Simulated
ACC_0252,BizCorp_0252,2026-07-01,36,22696,20621,APAC,Technology,Premium,40,40933,28800,Simulated
ACC_0252,BizCorp_0252,2026-08-01,37,25947,22283,APAC,Technology,Premium,40,40933,28800,Simulated
ACC_0253,BizCorp_0253,2026-03-01,75,32906,28696,APAC,Retail,Premium,100,26206,72000,Simulated
ACC_0253,BizCorp_0253,2026-04-01,71,36751,29196,APAC,Retail,Premium,100,26206,72000,Simulated
ACC_0253,BizCorp_0253,2026-05-01,69,39718,30830,APAC,Retail,Premium,100,26206,72000,Simulated
ACC_0253,BizCorp_0253,2026-06-01,35,16278,13620,APAC,Retail,Premium,100,26206,72000,Simulated
ACC_0253,BizCorp_0253,2026-07-01,17,8387,6810,APAC,Retail,Premium,100,26206,72000,Simulated
ACC_0253,BizCorp_0253,2026-08-01,8,4221,3405,APAC,Retail,Premium,100,26206,72000,Simulated
ACC_0254,BizCorp_0254,2026-03-01,149,152410,126586,AMER,Technology,Enterprise,212,336931,114480,Simulated
ACC_0254,BizCorp_0254,2026-04-01,161,188468,156936,AMER,Technology,Enterprise,212,336931,114480,Simulated
ACC_0254,BizCorp_0254,2026-05-01,147,179128,154385,AMER,Technology,Enterprise,212,336931,114480,Simulated
ACC_0254,BizCorp_0254,2026-06-01,164,183383,143835,AMER,Technology,Enterprise,212,336931,114480,Simulated
ACC_0254,BizCorp_0254,2026-07-01,148,156651,139477,AMER,Technology,Enterprise,212,336931,114480,Simulated
ACC_0254,BizCorp_0254,2026-08-01,164,149350,130742,AMER,Technology,Enterprise,212,336931,114480,Simulated
ACC_0255,BizCorp_0255,2026-03-01,32,24753,21242,APAC,Technology,Premium,64,29540,46080,Simulated
ACC_0255,BizCorp_0255,2026-04-01,35,21866,17580,APAC,Technology,Premium,64,29540,46080,Simulated
ACC_0255,BizCorp_0255,2026-05-01,37,26371,21369,APAC,Technology,Premium,64,29540,46080,Simulated
ACC_0255,BizCorp_0255,2026-06-01,37,26014,21207,APAC,Technology,Premium,64,29540,46080,Simulated
ACC_0255,BizCorp_0255,2026-07-01,36,23901,20489,APAC,Technology,Premium,64,29540,46080,Simulated
ACC_0255,BizCorp_0255,2026-08-01,34,24730,19249,APAC,Technology,Premium,64,29540,46080,Simulated
ACC_0256,BizCorp_0256,2026-03-01,194,227910,193747,AMER,Retail,Enterprise,253,399756,136620,Simulated
ACC_0256,BizCorp_0256,2026-04-01,192,234283,184297,AMER,Retail,Enterprise,253,399756,136620,Simulated
ACC_0256,BizCorp_0256,2026-05-01,198,186363,165931,AMER,Retail,Enterprise,253,399756,136620,Simulated
ACC_0256,BizCorp_0256,2026-06-01,171,197994,158635,AMER,Retail,Enterprise,253,399756,136620,Simulated
ACC_0256,BizCorp_0256,2026-07-01,203,218146,194215,AMER,Retail,Enterprise,253,399756,136620,Simulated
ACC_0256,BizCorp_0256,2026-08-01,181,258312,200116,AMER,Retail,Enterprise,253,399756,136620,Simulated
ACC_0257,BizCorp_0257,2026-03-01,11,45659,38540,EMEA,Financial Services,Standard,12,87142,11520,Simulated
ACC_0257,BizCorp_0257,2026-04-01,12,55894,43437,EMEA,Financial Services,Standard,12,87142,11520,Simulated
ACC_0257,BizCorp_0257,2026-05-01,11,50963,41837,EMEA,Financial Services,Standard,12,87142,11520,Simulated
ACC_0257,BizCorp_0257,2026-06-01,11,43203,34006,EMEA,Financial Services,Standard,12,87142,11520,Simulated
ACC_0257,BizCorp_0257,2026-07-01,11,50617,43660,EMEA,Financial Services,Standard,12,87142,11520,Simulated
ACC_0257,BizCorp_0257,2026-08-01,11,47473,42031,EMEA,Financial Services,Standard,12,87142,11520,Simulated
ACC_0258,BizCorp_0258,2026-03-01,10,41822,34287,AMER,Manufacturing,Standard,11,72127,10560,Simulated
ACC_0258,BizCorp_0258,2026-04-01,9,41696,37074,AMER,Manufacturing,Standard,11,72127,10560,Simulated
ACC_0258,BizCorp_0258,2026-05-01,11,41037,34322,AMER,Manufacturing,Standard,11,72127,10560,Simulated
ACC_0258,BizCorp_0258,2026-06-01,5,20453,16159,AMER,Manufacturing,Standard,11,72127,10560,Simulated
ACC_0258,BizCorp_0258,2026-07-01,2,9686,8079,AMER,Manufacturing,Standard,11,72127,10560,Simulated
ACC_0258,BizCorp_0258,2026-08-01,1,5011,4039,AMER,Manufacturing,Standard,11,72127,10560,Simulated
ACC_0259,BizCorp_0259,2026-03-01,7,8175,6439,EMEA,Manufacturing,Standard,25,19150,24000,Simulated
ACC_0259,BizCorp_0259,2026-04-01,9,6919,5548,EMEA,Manufacturing,Standard,25,19150,24000,Simulated
ACC_0259,BizCorp_0259,2026-05-01,9,8323,6547,EMEA,Manufacturing,Standard,25,19150,24000,Simulated
ACC_0259,BizCorp_0259,2026-06-01,10,9037,7256,EMEA,Manufacturing,Standard,25,19150,24000,Simulated
ACC_0259,BizCorp_0259,2026-07-01,12,10098,8707,EMEA,Manufacturing,Standard,25,19150,24000,Simulated
ACC_0259,BizCorp_0259,2026-08-01,14,13195,10448,EMEA,Manufacturing,Standard,25,19150,24000,Simulated
ACC_0260,BizCorp_0260,2026-03-01,37,43814,33754,AMER,Manufacturing,Premium,55,58500,39600,Simulated
ACC_0260,BizCorp_0260,2026-04-01,41,37367,30996,AMER,Manufacturing,Premium,55,58500,39600,Simulated
ACC_0260,BizCorp_0260,2026-05-01,37,38648,33931,AMER,Manufacturing,Premium,55,58500,39600,Simulated
ACC_0260,BizCorp_0260,2026-06-01,41,34936,31022,AMER,Manufacturing,Premium,55,58500,39600,Simulated
ACC_0260,BizCorp_0260,2026-07-01,40,41381,32816,AMER,Manufacturing,Premium,55,58500,39600,Simulated
ACC_0260,BizCorp_0260,2026-08-01,41,40580,34058,AMER,Manufacturing,Premium,55,58500,39600,Simulated
ACC_0261,BizCorp_0261,2026-03-01,23,37272,32639,APAC,Retail,Premium,44,45910,31680,Simulated
ACC_0261,BizCorp_0261,2026-04-01,25,32602,26501,APAC,Retail,Premium,44,45910,31680,Simulated
ACC_0261,BizCorp_0261,2026-05-01,23,36165,32279,APAC,Retail,Premium,44,45910,31680,Simulated
ACC_0261,BizCorp_0261,2026-06-01,25,37961,32299,APAC,Retail,Premium,44,45910,31680,Simulated
ACC_0261,BizCorp_0261,2026-07-01,26,34840,30733,APAC,Retail,Premium,44,45910,31680,Simulated
ACC_0261,BizCorp_0261,2026-08-01,21,33334,27900,APAC,Retail,Premium,44,45910,31680,Simulated
ACC_0262,BizCorp_0262,2026-03-01,52,146827,129969,EMEA,Retail,Premium,64,123470,46080,Simulated
ACC_0262,BizCorp_0262,2026-04-01,56,137612,122457,EMEA,Retail,Premium,64,123470,46080,Simulated
ACC_0262,BizCorp_0262,2026-05-01,52,152101,124752,EMEA,Retail,Premium,64,123470,46080,Simulated
ACC_0262,BizCorp_0262,2026-06-01,50,178680,142356,EMEA,Retail,Premium,64,123470,46080,Simulated
ACC_0262,BizCorp_0262,2026-07-01,59,155830,139393,EMEA,Retail,Premium,64,123470,46080,Simulated
ACC_0262,BizCorp_0262,2026-08-01,53,170885,145259,EMEA,Retail,Premium,64,123470,46080,Simulated
ACC_0263,BizCorp_0263,2026-03-01,143,207117,167875,AMER,Technology,Enterprise,363,247376,196020,Simulated
ACC_0263,BizCorp_0263,2026-04-01,157,175290,144320,AMER,Technology,Enterprise,363,247376,196020,Simulated
ACC_0263,BizCorp_0263,2026-05-01,159,196088,156987,AMER,Technology,Enterprise,363,247376,196020,Simulated
ACC_0263,BizCorp_0263,2026-06-01,188,254422,202104,AMER,Technology,Enterprise,363,247376,196020,Simulated
ACC_0263,BizCorp_0263,2026-07-01,226,275561,242525,AMER,Technology,Enterprise,363,247376,196020,Simulated
ACC_0263,BizCorp_0263,2026-08-01,271,348315,291030,AMER,Technology,Enterprise,363,247376,196020,Simulated
ACC_0264,BizCorp_0264,2026-03-01,31,32701,25700,APAC,Healthcare,Premium,79,45391,56880,Simulated
ACC_0264,BizCorp_0264,2026-04-01,32,29100,23465,APAC,Healthcare,Premium,79,45391,56880,Simulated
ACC_0264,BizCorp_0264,2026-05-01,31,33240,26451,APAC,Healthcare,Premium,79,45391,56880,Simulated
ACC_0264,BizCorp_0264,2026-06-01,38,34951,28981,APAC,Healthcare,Premium,79,45391,56880,Simulated
ACC_0264,BizCorp_0264,2026-07-01,46,38700,34778,APAC,Healthcare,Premium,79,45391,56880,Simulated
ACC_0264,BizCorp_0264,2026-08-01,55,52894,41734,APAC,Healthcare,Premium,79,45391,56880,Simulated
ACC_0265,BizCorp_0265,2026-03-01,6,5967,4690,AMER,Healthcare,Standard,6,12591,5760,Simulated
ACC_0265,BizCorp_0265,2026-04-01,6,5366,4512,AMER,Healthcare,Standard,6,12591,5760,Simulated
ACC_0265,BizCorp_0265,2026-05-01,6,5547,4566,AMER,Healthcare,Standard,6,12591,5760,Simulated
ACC_0265,BizCorp_0265,2026-06-01,6,5346,4644,AMER,Healthcare,Standard,6,12591,5760,Simulated
ACC_0265,BizCorp_0265,2026-07-01,6,5217,4638,AMER,Healthcare,Standard,6,12591,5760,Simulated
ACC_0265,BizCorp_0265,2026-08-01,6,6851,6040,AMER,Healthcare,Standard,6,12591,5760,Simulated
ACC_0266,BizCorp_0266,2026-03-01,130,77075,66520,EMEA,Logistics,Enterprise,178,108067,96120,Simulated
ACC_0266,BizCorp_0266,2026-04-01,120,63390,52910,EMEA,Logistics,Enterprise,178,108067,96120,Simulated
ACC_0266,BizCorp_0266,2026-05-01,115,86576,66630,EMEA,Logistics,Enterprise,178,108067,96120,Simulated
ACC_0266,BizCorp_0266,2026-06-01,122,73646,59508,EMEA,Logistics,Enterprise,178,108067,96120,Simulated
ACC_0266,BizCorp_0266,2026-07-01,123,56716,51218,EMEA,Logistics,Enterprise,178,108067,96120,Simulated
ACC_0266,BizCorp_0266,2026-08-01,111,75048,65657,EMEA,Logistics,Enterprise,178,108067,96120,Simulated
ACC_0267,BizCorp_0267,2026-03-01,39,30566,24963,APAC,Technology,Premium,45,25290,32400,Simulated
ACC_0267,BizCorp_0267,2026-04-01,37,30619,26029,APAC,Technology,Premium,45,25290,32400,Simulated
ACC_0267,BizCorp_0267,2026-05-01,44,30430,27252,APAC,Technology,Premium,45,25290,32400,Simulated
ACC_0267,BizCorp_0267,2026-06-01,38,34026,27465,APAC,Technology,Premium,45,25290,32400,Simulated
ACC_0267,BizCorp_0267,2026-07-01,41,30508,24475,APAC,Technology,Premium,45,25290,32400,Simulated
ACC_0267,BizCorp_0267,2026-08-01,45,33874,29753,APAC,Technology,Premium,45,25290,32400,Simulated
ACC_0268,BizCorp_0268,2026-03-01,5,5526,4371,APAC,Technology,Standard,14,8472,13440,Simulated
ACC_0268,BizCorp_0268,2026-04-01,5,6209,5281,APAC,Technology,Standard,14,8472,13440,Simulated
ACC_0268,BizCorp_0268,2026-05-01,6,5185,4493,APAC,Technology,Standard,14,8472,13440,Simulated
ACC_0268,BizCorp_0268,2026-06-01,2,2932,2431,APAC,Technology,Standard,14,8472,13440,Simulated
ACC_0268,BizCorp_0268,2026-07-01,1,1502,1215,APAC,Technology,Standard,14,8472,13440,Simulated
ACC_0268,BizCorp_0268,2026-08-01,1,717,607,APAC,Technology,Standard,14,8472,13440,Simulated
ACC_0269,BizCorp_0269,2026-03-01,192,207242,162700,AMER,Healthcare,Enterprise,379,315523,204660,Simulated
ACC_0269,BizCorp_0269,2026-04-01,188,175027,148905,AMER,Healthcare,Enterprise,379,315523,204660,Simulated
ACC_0269,BizCorp_0269,2026-05-01,218,188573,168219,AMER,Healthcare,Enterprise,379,315523,204660,Simulated
ACC_0269,BizCorp_0269,2026-06-01,99,112174,87287,AMER,Healthcare,Enterprise,379,315523,204660,Simulated
ACC_0269,BizCorp_0269,2026-07-01,49,49541,43643,AMER,Healthcare,Enterprise,379,315523,204660,Simulated
ACC_0269,BizCorp_0269,2026-08-01,24,27181,21821,AMER,Healthcare,Enterprise,379,315523,204660,Simulated
ACC_0270,BizCorp_0270,2026-03-01,12,26950,22192,APAC,Manufacturing,Standard,26,33774,24960,Simulated
ACC_0270,BizCorp_0270,2026-04-01,13,24243,21650,APAC,Manufacturing,Standard,26,33774,24960,Simulated
ACC_0270,BizCorp_0270,2026-05-01,12,27479,21977,APAC,Manufacturing,Standard,26,33774,24960,Simulated
ACC_0270,BizCorp_0270,2026-06-01,6,13205,11623,APAC,Manufacturing,Standard,26,33774,24960,Simulated
ACC_0270,BizCorp_0270,2026-07-01,3,7328,5811,APAC,Manufacturing,Standard,26,33774,24960,Simulated
ACC_0270,BizCorp_0270,2026-08-01,1,3589,2905,APAC,Manufacturing,Standard,26,33774,24960,Simulated
ACC_0271,BizCorp_0271,2026-03-01,36,25551,22590,EMEA,Retail,Premium,78,58772,56160,Simulated
ACC_0271,BizCorp_0271,2026-04-01,37,27036,21680,EMEA,Retail,Premium,78,58772,56160,Simulated
ACC_0271,BizCorp_0271,2026-05-01,36,31103,24020,EMEA,Retail,Premium,78,58772,56160,Simulated
ACC_0271,BizCorp_0271,2026-06-01,48,33518,26998,EMEA,Retail,Premium,78,58772,56160,Simulated
ACC_0271,BizCorp_0271,2026-07-01,57,37251,32398,EMEA,Retail,Premium,78,58772,56160,Simulated
ACC_0271,BizCorp_0271,2026-08-01,68,47498,38878,EMEA,Retail,Premium,78,58772,56160,Simulated
ACC_0272,BizCorp_0272,2026-03-01,47,36101,31252,EMEA,Healthcare,Premium,77,106055,55440,Simulated
ACC_0272,BizCorp_0272,2026-04-01,44,45140,35369,EMEA,Healthcare,Premium,77,106055,55440,Simulated
ACC_0272,BizCorp_0272,2026-05-01,47,37392,29406,EMEA,Healthcare,Premium,77,106055,55440,Simulated
ACC_0272,BizCorp_0272,2026-06-01,53,48326,37477,EMEA,Healthcare,Premium,77,106055,55440,Simulated
ACC_0272,BizCorp_0272,2026-07-01,64,53126,44973,EMEA,Healthcare,Premium,77,106055,55440,Simulated
ACC_0272,BizCorp_0272,2026-08-01,77,62740,53968,EMEA,Healthcare,Premium,77,106055,55440,Simulated
ACC_0273,BizCorp_0273,2026-03-01,7,4488,3694,APAC,Manufacturing,Standard,15,8792,14400,Simulated
ACC_0273,BizCorp_0273,2026-04-01,7,5062,3937,APAC,Manufacturing,Standard,15,8792,14400,Simulated
ACC_0273,BizCorp_0273,2026-05-01,8,4628,3589,APAC,Manufacturing,Standard,15,8792,14400,Simulated
ACC_0273,BizCorp_0273,2026-06-01,8,5357,4753,APAC,Manufacturing,Standard,15,8792,14400,Simulated
ACC_0273,BizCorp_0273,2026-07-01,7,5486,4441,APAC,Manufacturing,Standard,15,8792,14400,Simulated
ACC_0273,BizCorp_0273,2026-08-01,7,4116,3733,APAC,Manufacturing,Standard,15,8792,14400,Simulated
ACC_0274,BizCorp_0274,2026-03-01,213,333104,266498,AMER,Logistics,Enterprise,400,529826,216000,Simulated
ACC_0274,BizCorp_0274,2026-04-01,194,347366,269240,AMER,Logistics,Enterprise,400,529826,216000,Simulated
ACC_0274,BizCorp_0274,2026-05-01,218,337446,279894,AMER,Logistics,Enterprise,400,529826,216000,Simulated
ACC_0274,BizCorp_0274,2026-06-01,209,335283,259321,AMER,Logistics,Enterprise,400,529826,216000,Simulated
ACC_0274,BizCorp_0274,2026-07-01,211,337333,280014,AMER,Logistics,Enterprise,400,529826,216000,Simulated
ACC_0274,BizCorp_0274,2026-08-01,193,277927,219206,AMER,Logistics,Enterprise,400,529826,216000,Simulated
ACC_0275,BizCorp_0275,2026-03-01,14,5040,4490,EMEA,Healthcare,Standard,27,8590,25920,Simulated
ACC_0275,BizCorp_0275,2026-04-01,16,5214,4317,EMEA,Healthcare,Standard,27,8590,25920,Simulated
ACC_0275,BizCorp_0275,2026-05-01,15,4792,4132,EMEA,Healthcare,Standard,27,8590,25920,Simulated
ACC_0275,BizCorp_0275,2026-06-01,7,2703,2333,EMEA,Healthcare,Standard,27,8590,25920,Simulated
ACC_0275,BizCorp_0275,2026-07-01,3,1332,1166,EMEA,Healthcare,Standard,27,8590,25920,Simulated
ACC_0275,BizCorp_0275,2026-08-01,1,727,583,EMEA,Healthcare,Standard,27,8590,25920,Simulated
ACC_0276,BizCorp_0276,2026-03-01,4,3195,2526,EMEA,Healthcare,Standard,13,9998,12480,Simulated
ACC_0276,BizCorp_0276,2026-04-01,3,2930,2395,EMEA,Healthcare,Standard,13,9998,12480,Simulated
ACC_0276,BizCorp_0276,2026-05-01,4,2833,2317,EMEA,Healthcare,Standard,13,9998,12480,Simulated
ACC_0276,BizCorp_0276,2026-06-01,5,3388,2907,EMEA,Healthcare,Standard,13,9998,12480,Simulated
ACC_0276,BizCorp_0276,2026-07-01,6,4083,3488,EMEA,Healthcare,Standard,13,9998,12480,Simulated
ACC_0276,BizCorp_0276,2026-08-01,7,4608,4186,EMEA,Healthcare,Standard,13,9998,12480,Simulated
ACC_0277,BizCorp_0277,2026-03-01,19,8774,7277,APAC,Technology,Premium,28,12635,20160,Simulated
ACC_0277,BizCorp_0277,2026-04-01,21,9990,7789,APAC,Technology,Premium,28,12635,20160,Simulated
ACC_0277,BizCorp_0277,2026-05-01,17,9948,8651,APAC,Technology,Premium,28,12635,20160,Simulated
ACC_0277,BizCorp_0277,2026-06-01,19,9033,7702,APAC,Technology,Premium,28,12635,20160,Simulated
ACC_0277,BizCorp_0277,2026-07-01,21,9336,8091,APAC,Technology,Premium,28,12635,20160,Simulated
ACC_0277,BizCorp_0277,2026-08-01,21,9953,8379,APAC,Technology,Premium,28,12635,20160,Simulated
ACC_0278,BizCorp_0278,2026-03-01,8,7455,6542,AMER,Logistics,Standard,19,9547,18240,Simulated
ACC_0278,BizCorp_0278,2026-04-01,8,5982,5075,AMER,Logistics,Standard,19,9547,18240,Simulated
ACC_0278,BizCorp_0278,2026-05-01,9,7465,6595,AMER,Logistics,Standard,19,9547,18240,Simulated
ACC_0278,BizCorp_0278,2026-06-01,8,7214,5851,AMER,Logistics,Standard,19,9547,18240,Simulated
ACC_0278,BizCorp_0278,2026-07-01,8,6955,5748,AMER,Logistics,Standard,19,9547,18240,Simulated
ACC_0278,BizCorp_0278,2026-08-01,9,7299,6266,AMER,Logistics,Standard,19,9547,18240,Simulated
ACC_0279,BizCorp_0279,2026-03-01,293,278219,247979,EMEA,Retail,Enterprise,641,985715,346140,Simulated
ACC_0279,BizCorp_0279,2026-04-01,253,248483,219681,EMEA,Retail,Enterprise,641,985715,346140,Simulated
ACC_0279,BizCorp_0279,2026-05-01,274,317930,277112,EMEA,Retail,Enterprise,641,985715,346140,Simulated
ACC_0279,BizCorp_0279,2026-06-01,329,380387,307841,EMEA,Retail,Enterprise,641,985715,346140,Simulated
ACC_0279,BizCorp_0279,2026-07-01,395,431627,369409,EMEA,Retail,Enterprise,641,985715,346140,Simulated
ACC_0279,BizCorp_0279,2026-08-01,457,574189,443291,EMEA,Retail,Enterprise,641,985715,346140,Simulated
ACC_0280,BizCorp_0280,2026-03-01,270,93290,81154,EMEA,Healthcare,Enterprise,339,70962,183060,Simulated
ACC_0280,BizCorp_0280,2026-04-01,252,86835,75516,EMEA,Healthcare,Enterprise,339,70962,183060,Simulated
ACC_0280,BizCorp_0280,2026-05-01,285,108434,83485,EMEA,Healthcare,Enterprise,339,70962,183060,Simulated
ACC_0280,BizCorp_0280,2026-06-01,257,94026,82502,EMEA,Healthcare,Enterprise,339,70962,183060,Simulated
ACC_0280,BizCorp_0280,2026-07-01,282,102022,82261,EMEA,Healthcare,Enterprise,339,70962,183060,Simulated
ACC_0280,BizCorp_0280,2026-08-01,271,88381,68064,EMEA,Healthcare,Enterprise,339,70962,183060,Simulated
ACC_0281,BizCorp_0281,2026-03-01,8,6081,4730,AMER,Healthcare,Standard,15,10936,14400,Simulated
ACC_0281,BizCorp_0281,2026-04-01,9,4772,4268,AMER,Healthcare,Standard,15,10936,14400,Simulated
ACC_0281,BizCorp_0281,2026-05-01,8,4655,4009,AMER,Healthcare,Standard,15,10936,14400,Simulated
ACC_0281,BizCorp_0281,2026-06-01,10,4424,3791,AMER,Healthcare,Standard,15,10936,14400,Simulated
ACC_0281,BizCorp_0281,2026-07-01,9,5082,4136,AMER,Healthcare,Standard,15,10936,14400,Simulated
ACC_0281,BizCorp_0281,2026-08-01,9,4437,3838,AMER,Healthcare,Standard,15,10936,14400,Simulated
ACC_0282,BizCorp_0282,2026-03-01,214,84884,77160,AMER,Healthcare,Enterprise,317,200451,171180,Simulated
ACC_0282,BizCorp_0282,2026-04-01,204,93421,80740,AMER,Healthcare,Enterprise,317,200451,171180,Simulated
ACC_0282,BizCorp_0282,2026-05-01,189,104420,88031,AMER,Healthcare,Enterprise,317,200451,171180,Simulated
ACC_0282,BizCorp_0282,2026-06-01,99,49069,42652,AMER,Healthcare,Enterprise,317,200451,171180,Simulated
ACC_0282,BizCorp_0282,2026-07-01,49,25554,21326,AMER,Healthcare,Enterprise,317,200451,171180,Simulated
ACC_0282,BizCorp_0282,2026-08-01,24,12442,10663,AMER,Healthcare,Enterprise,317,200451,171180,Simulated
ACC_0283,BizCorp_0283,2026-03-01,7,2617,2244,APAC,Financial Services,Standard,13,3589,12480,Simulated
ACC_0283,BizCorp_0283,2026-04-01,7,2436,1940,APAC,Financial Services,Standard,13,3589,12480,Simulated
ACC_0283,BizCorp_0283,2026-05-01,7,2393,1946,APAC,Financial Services,Standard,13,3589,12480,Simulated
ACC_0283,BizCorp_0283,2026-06-01,6,2494,1953,APAC,Financial Services,Standard,13,3589,12480,Simulated
ACC_0283,BizCorp_0283,2026-07-01,6,2440,2171,APAC,Financial Services,Standard,13,3589,12480,Simulated
ACC_0283,BizCorp_0283,2026-08-01,7,2799,2274,APAC,Financial Services,Standard,13,3589,12480,Simulated
ACC_0284,BizCorp_0284,2026-03-01,189,190958,156037,APAC,Financial Services,Enterprise,385,176432,207900,Simulated
ACC_0284,BizCorp_0284,2026-04-01,197,171186,136709,APAC,Financial Services,Enterprise,385,176432,207900,Simulated
ACC_0284,BizCorp_0284,2026-05-01,207,138962,123460,APAC,Financial Services,Enterprise,385,176432,207900,Simulated
ACC_0284,BizCorp_0284,2026-06-01,202,187300,146521,APAC,Financial Services,Enterprise,385,176432,207900,Simulated
ACC_0284,BizCorp_0284,2026-07-01,216,184331,152080,APAC,Financial Services,Enterprise,385,176432,207900,Simulated
ACC_0284,BizCorp_0284,2026-08-01,199,162118,132237,APAC,Financial Services,Enterprise,385,176432,207900,Simulated
ACC_0285,BizCorp_0285,2026-03-01,33,12422,10345,AMER,Logistics,Premium,38,8793,27360,Simulated
ACC_0285,BizCorp_0285,2026-04-01,31,11689,9432,AMER,Logistics,Premium,38,8793,27360,Simulated
ACC_0285,BizCorp_0285,2026-05-01,31,9596,7910,AMER,Logistics,Premium,38,8793,27360,Simulated
ACC_0285,BizCorp_0285,2026-06-01,36,12097,9692,AMER,Logistics,Premium,38,8793,27360,Simulated
ACC_0285,BizCorp_0285,2026-07-01,33,12316,9667,AMER,Logistics,Premium,38,8793,27360,Simulated
ACC_0285,BizCorp_0285,2026-08-01,37,10301,8240,AMER,Logistics,Premium,38,8793,27360,Simulated
ACC_0286,BizCorp_0286,2026-03-01,133,199842,181556,APAC,Technology,Enterprise,229,566557,123660,Simulated
ACC_0286,BizCorp_0286,2026-04-01,132,225377,204559,APAC,Technology,Enterprise,229,566557,123660,Simulated
ACC_0286,BizCorp_0286,2026-05-01,141,239938,199822,APAC,Technology,Enterprise,229,566557,123660,Simulated
ACC_0286,BizCorp_0286,2026-06-01,156,297181,238870,APAC,Technology,Enterprise,229,566557,123660,Simulated
ACC_0286,BizCorp_0286,2026-07-01,188,330147,286644,APAC,Technology,Enterprise,229,566557,123660,Simulated
ACC_0286,BizCorp_0286,2026-08-01,209,437014,343972,APAC,Technology,Enterprise,229,566557,123660,Simulated
ACC_0287,BizCorp_0287,2026-03-01,3,5401,4707,AMER,Financial Services,Standard,4,6050,3840,Simulated
ACC_0287,BizCorp_0287,2026-04-01,3,6222,4874,AMER,Financial Services,Standard,4,6050,3840,Simulated
ACC_0287,BizCorp_0287,2026-05-01,4,6383,5074,AMER,Financial Services,Standard,4,6050,3840,Simulated
ACC_0287,BizCorp_0287,2026-06-01,2,3347,2725,AMER,Financial Services,Standard,4,6050,3840,Simulated
ACC_0287,BizCorp_0287,2026-07-01,1,1566,1362,AMER,Financial Services,Standard,4,6050,3840,Simulated
ACC_0287,BizCorp_0287,2026-08-01,1,861,681,AMER,Financial Services,Standard,4,6050,3840,Simulated
ACC_0288,BizCorp_0288,2026-03-01,84,64034,57345,AMER,Logistics,Premium,163,72978,117360,Simulated
ACC_0288,BizCorp_0288,2026-04-01,85,75375,60571,AMER,Logistics,Premium,163,72978,117360,Simulated
ACC_0288,BizCorp_0288,2026-05-01,81,71858,61685,AMER,Logistics,Premium,163,72978,117360,Simulated
ACC_0288,BizCorp_0288,2026-06-01,75,82648,65346,AMER,Logistics,Premium,163,72978,117360,Simulated
ACC_0288,BizCorp_0288,2026-07-01,77,77225,68019,AMER,Logistics,Premium,163,72978,117360,Simulated
ACC_0288,BizCorp_0288,2026-08-01,90,78209,60358,AMER,Logistics,Premium,163,72978,117360,Simulated
ACC_0289,BizCorp_0289,2026-03-01,158,145181,118492,APAC,Technology,Enterprise,241,255511,130140,Simulated
ACC_0289,BizCorp_0289,2026-04-01,148,138488,116530,APAC,Technology,Enterprise,241,255511,130140,Simulated
ACC_0289,BizCorp_0289,2026-05-01,140,142755,116444,APAC,Technology,Enterprise,241,255511,130140,Simulated
ACC_0289,BizCorp_0289,2026-06-01,155,147208,123787,APAC,Technology,Enterprise,241,255511,130140,Simulated
ACC_0289,BizCorp_0289,2026-07-01,152,141503,125261,APAC,Technology,Enterprise,241,255511,130140,Simulated
ACC_0289,BizCorp_0289,2026-08-01,144,152131,127640,APAC,Technology,Enterprise,241,255511,130140,Simulated
ACC_0290,BizCorp_0290,2026-03-01,50,140393,127144,AMER,Technology,Premium,80,290864,57600,Simulated
ACC_0290,BizCorp_0290,2026-04-01,45,129652,109983,AMER,Technology,Premium,80,290864,57600,Simulated
ACC_0290,BizCorp_0290,2026-05-01,49,118158,106028,AMER,Technology,Premium,80,290864,57600,Simulated
ACC_0290,BizCorp_0290,2026-06-01,46,176899,136699,AMER,Technology,Premium,80,290864,57600,Simulated
ACC_0290,BizCorp_0290,2026-07-01,44,152845,122733,AMER,Technology,Premium,80,290864,57600,Simulated
ACC_0290,BizCorp_0290,2026-08-01,51,147566,125527,AMER,Technology,Premium,80,290864,57600,Simulated
ACC_0291,BizCorp_0291,2026-03-01,108,74468,66110,AMER,Healthcare,Enterprise,108,148811,58320,Simulated
ACC_0291,BizCorp_0291,2026-04-01,107,70060,54407,AMER,Healthcare,Enterprise,108,148811,58320,Simulated
ACC_0291,BizCorp_0291,2026-05-01,103,70094,63614,AMER,Healthcare,Enterprise,108,148811,58320,Simulated
ACC_0291,BizCorp_0291,2026-06-01,107,74842,59227,AMER,Healthcare,Enterprise,108,148811,58320,Simulated
ACC_0291,BizCorp_0291,2026-07-01,108,57746,51201,AMER,Healthcare,Enterprise,108,148811,58320,Simulated
ACC_0291,BizCorp_0291,2026-08-01,106,82565,65368,AMER,Healthcare,Enterprise,108,148811,58320,Simulated
ACC_0292,BizCorp_0292,2026-03-01,4,2458,2006,APAC,Manufacturing,Standard,4,3651,3840,Simulated
ACC_0292,BizCorp_0292,2026-04-01,4,2331,2081,APAC,Manufacturing,Standard,4,3651,3840,Simulated
ACC_0292,BizCorp_0292,2026-05-01,4,2411,1903,APAC,Manufacturing,Standard,4,3651,3840,Simulated
ACC_0292,BizCorp_0292,2026-06-01,2,1069,948,APAC,Manufacturing,Standard,4,3651,3840,Simulated
ACC_0292,BizCorp_0292,2026-07-01,1,607,474,APAC,Manufacturing,Standard,4,3651,3840,Simulated
ACC_0292,BizCorp_0292,2026-08-01,1,261,237,APAC,Manufacturing,Standard,4,3651,3840,Simulated
ACC_0293,BizCorp_0293,2026-03-01,141,66578,53828,EMEA,Retail,Enterprise,434,123487,234360,Simulated
ACC_0293,BizCorp_0293,2026-04-01,152,65121,50863,EMEA,Retail,Enterprise,434,123487,234360,Simulated
ACC_0293,BizCorp_0293,2026-05-01,147,62761,54818,EMEA,Retail,Enterprise,434,123487,234360,Simulated
ACC_0293,BizCorp_0293,2026-06-01,176,74042,57340,EMEA,Retail,Enterprise,434,123487,234360,Simulated
ACC_0293,BizCorp_0293,2026-07-01,212,79567,68808,EMEA,Retail,Enterprise,434,123487,234360,Simulated
ACC_0293,BizCorp_0293,2026-08-01,254,92085,82569,EMEA,Retail,Enterprise,434,123487,234360,Simulated
ACC_0294,BizCorp_0294,2026-03-01,4,10875,8908,EMEA,Financial Services,Standard,6,10170,5760,Simulated
ACC_0294,BizCorp_0294,2026-04-01,3,9802,8035,EMEA,Financial Services,Standard,6,10170,5760,Simulated
ACC_0294,BizCorp_0294,2026-05-01,4,8790,7127,EMEA,Financial Services,Standard,6,10170,5760,Simulated
ACC_0294,BizCorp_0294,2026-06-01,2,4619,3981,EMEA,Financial Services,Standard,6,10170,5760,Simulated
ACC_0294,BizCorp_0294,2026-07-01,1,2514,1990,EMEA,Financial Services,Standard,6,10170,5760,Simulated
ACC_0294,BizCorp_0294,2026-08-01,1,1163,995,EMEA,Financial Services,Standard,6,10170,5760,Simulated
ACC_0295,BizCorp_0295,2026-03-01,65,208152,162442,APAC,Technology,Premium,145,228244,104400,Simulated
ACC_0295,BizCorp_0295,2026-04-01,71,241594,189882,APAC,Technology,Premium,145,228244,104400,Simulated
ACC_0295,BizCorp_0295,2026-05-01,74,213782,189302,APAC,Technology,Premium,145,228244,104400,Simulated
ACC_0295,BizCorp_0295,2026-06-01,62,216542,171945,APAC,Technology,Premium,145,228244,104400,Simulated
ACC_0295,BizCorp_0295,2026-07-01,74,214685,191234,APAC,Technology,Premium,145,228244,104400,Simulated
ACC_0295,BizCorp_0295,2026-08-01,66,210686,186624,APAC,Technology,Premium,145,228244,104400,Simulated
ACC_0296,BizCorp_0296,2026-03-01,314,65649,55411,AMER,Technology,Enterprise,561,152542,302940,Simulated
ACC_0296,BizCorp_0296,2026-04-01,334,71839,57074,AMER,Technology,Enterprise,561,152542,302940,Simulated
ACC_0296,BizCorp_0296,2026-05-01,311,78643,63897,AMER,Technology,Enterprise,561,152542,302940,Simulated
ACC_0296,BizCorp_0296,2026-06-01,161,33662,29293,AMER,Technology,Enterprise,561,152542,302940,Simulated
ACC_0296,BizCorp_0296,2026-07-01,80,17336,14646,AMER,Technology,Enterprise,561,152542,302940,Simulated
ACC_0296,BizCorp_0296,2026-08-01,40,8783,7323,AMER,Technology,Enterprise,561,152542,302940,Simulated
ACC_0297,BizCorp_0297,2026-03-01,3,10326,8719,APAC,Healthcare,Standard,11,27762,10560,Simulated
ACC_0297,BizCorp_0297,2026-04-01,3,11254,9006,APAC,Healthcare,Standard,11,27762,10560,Simulated
ACC_0297,BizCorp_0297,2026-05-01,3,8624,7836,APAC,Healthcare,Standard,11,27762,10560,Simulated
ACC_0297,BizCorp_0297,2026-06-01,4,13267,10215,APAC,Healthcare,Standard,11,27762,10560,Simulated
ACC_0297,BizCorp_0297,2026-07-01,5,13525,12258,APAC,Healthcare,Standard,11,27762,10560,Simulated
ACC_0297,BizCorp_0297,2026-08-01,6,17822,14709,APAC,Healthcare,Standard,11,27762,10560,Simulated
ACC_0298,BizCorp_0298,2026-03-01,86,60074,47178,AMER,Financial Services,Premium,122,48564,87840,Simulated
ACC_0298,BizCorp_0298,2026-04-01,94,45242,40079,AMER,Financial Services,Premium,122,48564,87840,Simulated
ACC_0298,BizCorp_0298,2026-05-01,95,62532,48755,AMER,Financial Services,Premium,122,48564,87840,Simulated
ACC_0298,BizCorp_0298,2026-06-01,84,52125,46910,AMER,Financial Services,Premium,122,48564,87840,Simulated
ACC_0298,BizCorp_0298,2026-07-01,82,60339,48630,AMER,Financial Services,Premium,122,48564,87840,Simulated
ACC_0298,BizCorp_0298,2026-08-01,86,47376,36641,AMER,Financial Services,Premium,122,48564,87840,Simulated
ACC_0299,BizCorp_0299,2026-03-01,14,21602,17725,APAC,Manufacturing,Standard,29,32621,27840,Simulated
ACC_0299,BizCorp_0299,2026-04-01,13,18004,15958,APAC,Manufacturing,Standard,29,32621,27840,Simulated
ACC_0299,BizCorp_0299,2026-05-01,13,19294,15238,APAC,Manufacturing,Standard,29,32621,27840,Simulated
ACC_0299,BizCorp_0299,2026-06-01,7,10559,8924,APAC,Manufacturing,Standard,29,32621,27840,Simulated
ACC_0299,BizCorp_0299,2026-07-01,3,5591,4462,APAC,Manufacturing,Standard,29,32621,27840,Simulated
ACC_0299,BizCorp_0299,2026-08-01,1,2663,2231,APAC,Manufacturing,Standard,29,32621,27840,Simulated
ACC_0300,BizCorp_0300,2026-03-01,4,6766,5796,APAC,Financial Services,Standard,8,7289,7680,Simulated
ACC_0300,BizCorp_0300,2026-04-01,5,7294,6303,APAC,Financial Services,Standard,8,7289,7680,Simulated
ACC_0300,BizCorp_0300,2026-05-01,4,7341,6635,APAC,Financial Services,Standard,8,7289,7680,Simulated
ACC_0300,BizCorp_0300,2026-06-01,5,6568,5960,APAC,Financial Services,Standard,8,7289,7680,Simulated
ACC_0300,BizCorp_0300,2026-07-01,5,8003,6276,APAC,Financial Services,Standard,8,7289,7680,Simulated
ACC_0300,BizCorp_0300,2026-08-01,4,8400,6543,APAC,Financial Services,Standard,8,7289,7680,Simulated
ACC_0301,BizCorp_0301,2026-03-01,5,6135,5095,AMER,Logistics,Standard,6,8518,5760,Simulated
ACC_0301,BizCorp_0301,2026-04-01,6,4523,3960,AMER,Logistics,Standard,6,8518,5760,Simulated
ACC_0301,BizCorp_0301,2026-05-01,6,4643,4085,AMER,Logistics,Standard,6,8518,5760,Simulated
ACC_0301,BizCorp_0301,2026-06-01,3,2786,2231,AMER,Logistics,Standard,6,8518,5760,Simulated
ACC_0301,BizCorp_0301,2026-07-01,1,1351,1115,AMER,Logistics,Standard,6,8518,5760,Simulated
ACC_0301,BizCorp_0301,2026-08-01,1,706,557,AMER,Logistics,Standard,6,8518,5760,Simulated
ACC_0302,BizCorp_0302,2026-03-01,220,284482,256075,AMER,Technology,Enterprise,708,783114,382320,Simulated
ACC_0302,BizCorp_0302,2026-04-01,219,299530,259562,AMER,Technology,Enterprise,708,783114,382320,Simulated
ACC_0302,BizCorp_0302,2026-05-01,207,319791,254660,AMER,Technology,Enterprise,708,783114,382320,Simulated
ACC_0302,BizCorp_0302,2026-06-01,270,371976,318720,AMER,Technology,Enterprise,708,783114,382320,Simulated
ACC_0302,BizCorp_0302,2026-07-01,324,439032,382464,AMER,Technology,Enterprise,708,783114,382320,Simulated
ACC_0302,BizCorp_0302,2026-08-01,381,519791,458956,AMER,Technology,Enterprise,708,783114,382320,Simulated
ACC_0303,BizCorp_0303,2026-03-01,166,156543,129339,EMEA,Technology,Enterprise,246,154501,132840,Simulated
ACC_0303,BizCorp_0303,2026-04-01,162,136092,117948,EMEA,Technology,Enterprise,246,154501,132840,Simulated
ACC_0303,BizCorp_0303,2026-05-01,173,169617,139862,EMEA,Technology,Enterprise,246,154501,132840,Simulated
ACC_0303,BizCorp_0303,2026-06-01,167,137800,118496,EMEA,Technology,Enterprise,246,154501,132840,Simulated
ACC_0303,BizCorp_0303,2026-07-01,172,137004,116965,EMEA,Technology,Enterprise,246,154501,132840,Simulated
ACC_0303,BizCorp_0303,2026-08-01,151,151487,133003,EMEA,Technology,Enterprise,246,154501,132840,Simulated
ACC_0304,BizCorp_0304,2026-03-01,230,108870,92149,AMER,Healthcare,Enterprise,321,358808,173340,Simulated
ACC_0304,BizCorp_0304,2026-04-01,232,116389,92263,AMER,Healthcare,Enterprise,321,358808,173340,Simulated
ACC_0304,BizCorp_0304,2026-05-01,206,126523,107549,AMER,Healthcare,Enterprise,321,358808,173340,Simulated
ACC_0304,BizCorp_0304,2026-06-01,265,153096,125770,AMER,Healthcare,Enterprise,321,358808,173340,Simulated
ACC_0304,BizCorp_0304,2026-07-01,319,191734,150924,AMER,Healthcare,Enterprise,321,358808,173340,Simulated
ACC_0304,BizCorp_0304,2026-08-01,321,209728,181109,AMER,Healthcare,Enterprise,321,358808,173340,Simulated
ACC_0305,BizCorp_0305,2026-03-01,299,167926,146493,APAC,Technology,Enterprise,465,332794,251100,Simulated
ACC_0305,BizCorp_0305,2026-04-01,275,153424,135994,APAC,Technology,Enterprise,465,332794,251100,Simulated
ACC_0305,BizCorp_0305,2026-05-01,304,177724,148064,APAC,Technology,Enterprise,465,332794,251100,Simulated
ACC_0305,BizCorp_0305,2026-06-01,320,160436,133180,APAC,Technology,Enterprise,465,332794,251100,Simulated
ACC_0305,BizCorp_0305,2026-07-01,307,142965,126941,APAC,Technology,Enterprise,465,332794,251100,Simulated
ACC_0305,BizCorp_0305,2026-08-01,279,172273,133750,APAC,Technology,Enterprise,465,332794,251100,Simulated
ACC_0306,BizCorp_0306,2026-03-01,57,23780,19459,AMER,Technology,Premium,96,29768,69120,Simulated
ACC_0306,BizCorp_0306,2026-04-01,53,23406,19099,AMER,Technology,Premium,96,29768,69120,Simulated
ACC_0306,BizCorp_0306,2026-05-01,58,26261,23271,AMER,Technology,Premium,96,29768,69120,Simulated
ACC_0306,BizCorp_0306,2026-06-01,63,27976,21624,AMER,Technology,Premium,96,29768,69120,Simulated
ACC_0306,BizCorp_0306,2026-07-01,62,20900,18681,AMER,Technology,Premium,96,29768,69120,Simulated
ACC_0306,BizCorp_0306,2026-08-01,56,27287,24099,AMER,Technology,Premium,96,29768,69120,Simulated
ACC_0307,BizCorp_0307,2026-03-01,41,26438,22177,APAC,Logistics,Premium,81,57439,58320,Simulated
ACC_0307,BizCorp_0307,2026-04-01,49,29878,23853,APAC,Logistics,Premium,81,57439,58320,Simulated
ACC_0307,BizCorp_0307,2026-05-01,44,30283,23513,APAC,Logistics,Premium,81,57439,58320,Simulated
ACC_0307,BizCorp_0307,2026-06-01,22,13498,10429,APAC,Logistics,Premium,81,57439,58320,Simulated
ACC_0307,BizCorp_0307,2026-07-01,11,6244,5214,APAC,Logistics,Premium,81,57439,58320,Simulated
ACC_0307,BizCorp_0307,2026-08-01,5,3057,2607,APAC,Logistics,Premium,81,57439,58320,Simulated
ACC_0308,BizCorp_0308,2026-03-01,45,27132,23124,APAC,Retail,Premium,46,45049,33120,Simulated
ACC_0308,BizCorp_0308,2026-04-01,44,34713,29550,APAC,Retail,Premium,46,45049,33120,Simulated
ACC_0308,BizCorp_0308,2026-05-01,43,30043,26067,APAC,Retail,Premium,46,45049,33120,Simulated
ACC_0308,BizCorp_0308,2026-06-01,21,16589,13010,APAC,Retail,Premium,46,45049,33120,Simulated
ACC_0308,BizCorp_0308,2026-07-01,10,8043,6505,APAC,Retail,Premium,46,45049,33120,Simulated
ACC_0308,BizCorp_0308,2026-08-01,5,3980,3252,APAC,Retail,Premium,46,45049,33120,Simulated
ACC_0309,BizCorp_0309,2026-03-01,29,28016,22050,APAC,Financial Services,Premium,39,53534,28080,Simulated
ACC_0309,BizCorp_0309,2026-04-01,26,27391,23216,APAC,Financial Services,Premium,39,53534,28080,Simulated
ACC_0309,BizCorp_0309,2026-05-01,25,29813,25002,APAC,Financial Services,Premium,39,53534,28080,Simulated
ACC_0309,BizCorp_0309,2026-06-01,25,31454,25604,APAC,Financial Services,Premium,39,53534,28080,Simulated
ACC_0309,BizCorp_0309,2026-07-01,30,28594,25596,APAC,Financial Services,Premium,39,53534,28080,Simulated
ACC_0309,BizCorp_0309,2026-08-01,29,37390,29109,APAC,Financial Services,Premium,39,53534,28080,Simulated
ACC_0310,BizCorp_0310,2026-03-01,3,3873,3235,APAC,Financial Services,Standard,9,7196,8640,Simulated
ACC_0310,BizCorp_0310,2026-04-01,3,3231,2796,APAC,Financial Services,Standard,9,7196,8640,Simulated
ACC_0310,BizCorp_0310,2026-05-01,3,3014,2525,APAC,Financial Services,Standard,9,7196,8640,Simulated
ACC_0310,BizCorp_0310,2026-06-01,4,4149,3379,APAC,Financial Services,Standard,9,7196,8640,Simulated
ACC_0310,BizCorp_0310,2026-07-01,4,4720,4055,APAC,Financial Services,Standard,9,7196,8640,Simulated
ACC_0310,BizCorp_0310,2026-08-01,5,5383,4866,APAC,Financial Services,Standard,9,7196,8640,Simulated
ACC_0311,BizCorp_0311,2026-03-01,215,240621,210576,APAC,Healthcare,Enterprise,367,456709,198180,Simulated
ACC_0311,BizCorp_0311,2026-04-01,191,197504,157786,APAC,Healthcare,Enterprise,367,456709,198180,Simulated
ACC_0311,BizCorp_0311,2026-05-01,200,193491,170444,APAC,Healthcare,Enterprise,367,456709,198180,Simulated
ACC_0311,BizCorp_0311,2026-06-01,244,249328,220968,APAC,Healthcare,Enterprise,367,456709,198180,Simulated
ACC_0311,BizCorp_0311,2026-07-01,293,306202,265161,APAC,Healthcare,Enterprise,367,456709,198180,Simulated
ACC_0311,BizCorp_0311,2026-08-01,351,355213,318194,APAC,Healthcare,Enterprise,367,456709,198180,Simulated
ACC_0312,BizCorp_0312,2026-03-01,11,4193,3312,AMER,Retail,Standard,25,6544,24000,Simulated
ACC_0312,BizCorp_0312,2026-04-01,10,4673,4000,AMER,Retail,Standard,25,6544,24000,Simulated
ACC_0312,BizCorp_0312,2026-05-01,11,3756,3211,AMER,Retail,Standard,25,6544,24000,Simulated
ACC_0312,BizCorp_0312,2026-06-01,13,5071,4284,AMER,Retail,Standard,25,6544,24000,Simulated
ACC_0312,BizCorp_0312,2026-07-01,15,6144,5141,AMER,Retail,Standard,25,6544,24000,Simulated
ACC_0312,BizCorp_0312,2026-08-01,15,7635,6169,AMER,Retail,Standard,25,6544,24000,Simulated
ACC_0313,BizCorp_0313,2026-03-01,412,197222,155956,APAC,Technology,Enterprise,623,296376,336420,Simulated
ACC_0313,BizCorp_0313,2026-04-01,385,194636,170777,APAC,Technology,Enterprise,623,296376,336420,Simulated
ACC_0313,BizCorp_0313,2026-05-01,398,176484,156330,APAC,Technology,Enterprise,623,296376,336420,Simulated
ACC_0313,BizCorp_0313,2026-06-01,393,208922,167557,APAC,Technology,Enterprise,623,296376,336420,Simulated
ACC_0313,BizCorp_0313,2026-07-01,406,180221,163416,APAC,Technology,Enterprise,623,296376,336420,Simulated
ACC_0313,BizCorp_0313,2026-08-01,411,207115,172612,APAC,Technology,Enterprise,623,296376,336420,Simulated
ACC_0314,BizCorp_0314,2026-03-01,42,30841,28019,APAC,Retail,Premium,42,60925,30240,Simulated
ACC_0314,BizCorp_0314,2026-04-01,42,34456,30624,APAC,Retail,Premium,42,60925,30240,Simulated
ACC_0314,BizCorp_0314,2026-05-01,42,35565,31769,APAC,Retail,Premium,42,60925,30240,Simulated
ACC_0314,BizCorp_0314,2026-06-01,21,15924,13923,APAC,Retail,Premium,42,60925,30240,Simulated
ACC_0314,BizCorp_0314,2026-07-01,10,9020,6961,APAC,Retail,Premium,42,60925,30240,Simulated
ACC_0314,BizCorp_0314,2026-08-01,5,4120,3480,APAC,Retail,Premium,42,60925,30240,Simulated
ACC_0315,BizCorp_0315,2026-03-01,217,91673,74174,APAC,Healthcare,Enterprise,339,120072,183060,Simulated
ACC_0315,BizCorp_0315,2026-04-01,251,92140,78567,APAC,Healthcare,Enterprise,339,120072,183060,Simulated
ACC_0315,BizCorp_0315,2026-05-01,221,97332,77015,APAC,Healthcare,Enterprise,339,120072,183060,Simulated
ACC_0315,BizCorp_0315,2026-06-01,213,106229,81727,APAC,Healthcare,Enterprise,339,120072,183060,Simulated
ACC_0315,BizCorp_0315,2026-07-01,226,98861,78112,APAC,Healthcare,Enterprise,339,120072,183060,Simulated
ACC_0315,BizCorp_0315,2026-08-01,227,108984,93375,APAC,Healthcare,Enterprise,339,120072,183060,Simulated
ACC_0316,BizCorp_0316,2026-03-01,28,12986,10939,EMEA,Financial Services,Premium,65,34988,46800,Simulated
ACC_0316,BizCorp_0316,2026-04-01,27,15763,12753,EMEA,Financial Services,Premium,65,34988,46800,Simulated
ACC_0316,BizCorp_0316,2026-05-01,29,16620,12908,EMEA,Financial Services,Premium,65,34988,46800,Simulated
ACC_0316,BizCorp_0316,2026-06-01,30,11965,10707,EMEA,Financial Services,Premium,65,34988,46800,Simulated
ACC_0316,BizCorp_0316,2026-07-01,30,11774,10672,EMEA,Financial Services,Premium,65,34988,46800,Simulated
ACC_0316,BizCorp_0316,2026-08-01,31,13403,10723,EMEA,Financial Services,Premium,65,34988,46800,Simulated
ACC_0317,BizCorp_0317,2026-03-01,24,46809,36848,AMER,Technology,Premium,37,105808,26640,Simulated
ACC_0317,BizCorp_0317,2026-04-01,21,45988,37997,AMER,Technology,Premium,37,105808,26640,Simulated
ACC_0317,BizCorp_0317,2026-05-01,21,50098,38833,AMER,Technology,Premium,37,105808,26640,Simulated
ACC_0317,BizCorp_0317,2026-06-01,22,45533,38174,AMER,Technology,Premium,37,105808,26640,Simulated
ACC_0317,BizCorp_0317,2026-07-01,24,46012,36607,AMER,Technology,Premium,37,105808,26640,Simulated
ACC_0317,BizCorp_0317,2026-08-01,22,49893,39710,AMER,Technology,Premium,37,105808,26640,Simulated
ACC_0318,BizCorp_0318,2026-03-01,8,11486,8961,EMEA,Healthcare,Standard,15,30467,14400,Simulated
ACC_0318,BizCorp_0318,2026-04-01,9,8724,6806,EMEA,Healthcare,Standard,15,30467,14400,Simulated
ACC_0318,BizCorp_0318,2026-05-01,8,8629,6859,EMEA,Healthcare,Standard,15,30467,14400,Simulated
ACC_0318,BizCorp_0318,2026-06-01,4,5068,3997,EMEA,Healthcare,Standard,15,30467,14400,Simulated
ACC_0318,BizCorp_0318,2026-07-01,2,2405,1998,EMEA,Healthcare,Standard,15,30467,14400,Simulated
ACC_0318,BizCorp_0318,2026-08-01,1,1247,999,EMEA,Healthcare,Standard,15,30467,14400,Simulated
ACC_0319,BizCorp_0319,2026-03-01,252,320011,247171,APAC,Manufacturing,Enterprise,476,419572,257040,Simulated
ACC_0319,BizCorp_0319,2026-04-01,215,353803,279530,APAC,Manufacturing,Enterprise,476,419572,257040,Simulated
ACC_0319,BizCorp_0319,2026-05-01,243,308663,274179,APAC,Manufacturing,Enterprise,476,419572,257040,Simulated
ACC_0319,BizCorp_0319,2026-06-01,114,164403,133960,APAC,Manufacturing,Enterprise,476,419572,257040,Simulated
ACC_0319,BizCorp_0319,2026-07-01,57,86770,66980,APAC,Manufacturing,Enterprise,476,419572,257040,Simulated
ACC_0319,BizCorp_0319,2026-08-01,28,38002,33490,APAC,Manufacturing,Enterprise,476,419572,257040,Simulated
ACC_0320,BizCorp_0320,2026-03-01,254,149389,124403,APAC,Logistics,Enterprise,430,230546,232200,Simulated
ACC_0320,BizCorp_0320,2026-04-01,284,157085,123825,APAC,Logistics,Enterprise,430,230546,232200,Simulated
ACC_0320,BizCorp_0320,2026-05-01,283,128184,105887,APAC,Logistics,Enterprise,430,230546,232200,Simulated
ACC_0320,BizCorp_0320,2026-06-01,138,73575,57047,APAC,Logistics,Enterprise,430,230546,232200,Simulated
ACC_0320,BizCorp_0320,2026-07-01,69,32537,28523,APAC,Logistics,Enterprise,430,230546,232200,Simulated
ACC_0320,BizCorp_0320,2026-08-01,34,15953,14261,APAC,Logistics,Enterprise,430,230546,232200,Simulated
ACC_0321,BizCorp_0321,2026-03-01,22,32165,26611,AMER,Financial Services,Premium,69,37748,49680,Simulated
ACC_0321,BizCorp_0321,2026-04-01,26,29012,26254,AMER,Financial Services,Premium,69,37748,49680,Simulated
ACC_0321,BizCorp_0321,2026-05-01,25,36103,29427,AMER,Financial Services,Premium,69,37748,49680,Simulated
ACC_0321,BizCorp_0321,2026-06-01,29,38720,30840,AMER,Financial Services,Premium,69,37748,49680,Simulated
ACC_0321,BizCorp_0321,2026-07-01,34,42090,37009,AMER,Financial Services,Premium,69,37748,49680,Simulated
ACC_0321,BizCorp_0321,2026-08-01,41,54646,44410,AMER,Financial Services,Premium,69,37748,49680,Simulated
ACC_0322,BizCorp_0322,2026-03-01,4,10004,7958,EMEA,Financial Services,Standard,5,13273,4800,Simulated
ACC_0322,BizCorp_0322,2026-04-01,4,8884,7692,EMEA,Financial Services,Standard,5,13273,4800,Simulated
ACC_0322,BizCorp_0322,2026-05-01,5,9356,7621,EMEA,Financial Services,Standard,5,13273,4800,Simulated
ACC_0322,BizCorp_0322,2026-06-01,4,7707,6467,EMEA,Financial Services,Standard,5,13273,4800,Simulated
ACC_0322,BizCorp_0322,2026-07-01,4,7488,6475,EMEA,Financial Services,Standard,5,13273,4800,Simulated
ACC_0322,BizCorp_0322,2026-08-01,5,7725,6444,EMEA,Financial Services,Standard,5,13273,4800,Simulated
ACC_0323,BizCorp_0323,2026-03-01,6,2714,2295,EMEA,Healthcare,Standard,11,2264,10560,Simulated
ACC_0323,BizCorp_0323,2026-04-01,6,2497,2187,EMEA,Healthcare,Standard,11,2264,10560,Simulated
ACC_0323,BizCorp_0323,2026-05-01,6,2887,2354,EMEA,Healthcare,Standard,11,2264,10560,Simulated
ACC_0323,BizCorp_0323,2026-06-01,3,1254,1054,EMEA,Healthcare,Standard,11,2264,10560,Simulated
ACC_0323,BizCorp_0323,2026-07-01,1,596,527,EMEA,Healthcare,Standard,11,2264,10560,Simulated
ACC_0323,BizCorp_0323,2026-08-01,1,305,263,EMEA,Healthcare,Standard,11,2264,10560,Simulated
ACC_0324,BizCorp_0324,2026-03-01,150,169861,145359,APAC,Retail,Enterprise,223,349545,120420,Simulated
ACC_0324,BizCorp_0324,2026-04-01,135,230090,188599,APAC,Retail,Enterprise,223,349545,120420,Simulated
ACC_0324,BizCorp_0324,2026-05-01,126,190229,165288,APAC,Retail,Enterprise,223,349545,120420,Simulated
ACC_0324,BizCorp_0324,2026-06-01,129,204552,169445,APAC,Retail,Enterprise,223,349545,120420,Simulated
ACC_0324,BizCorp_0324,2026-07-01,140,202440,177073,APAC,Retail,Enterprise,223,349545,120420,Simulated
ACC_0324,BizCorp_0324,2026-08-01,136,203322,183853,APAC,Retail,Enterprise,223,349545,120420,Simulated
ACC_0325,BizCorp_0325,2026-03-01,21,29108,24332,APAC,Technology,Premium,33,23868,23760,Simulated
ACC_0325,BizCorp_0325,2026-04-01,21,30218,24968,APAC,Technology,Premium,33,23868,23760,Simulated
ACC_0325,BizCorp_0325,2026-05-01,19,33672,28080,APAC,Technology,Premium,33,23868,23760,Simulated
ACC_0325,BizCorp_0325,2026-06-01,20,28887,25371,APAC,Technology,Premium,33,23868,23760,Simulated
ACC_0325,BizCorp_0325,2026-07-01,18,35288,27624,APAC,Technology,Premium,33,23868,23760,Simulated
ACC_0325,BizCorp_0325,2026-08-01,19,30801,25315,APAC,Technology,Premium,33,23868,23760,Simulated
ACC_0326,BizCorp_0326,2026-03-01,45,26323,22135,AMER,Healthcare,Premium,64,36370,46080,Simulated
ACC_0326,BizCorp_0326,2026-04-01,44,24482,21038,AMER,Healthcare,Premium,64,36370,46080,Simulated
ACC_0326,BizCorp_0326,2026-05-01,39,24842,21793,AMER,Healthcare,Premium,64,36370,46080,Simulated
ACC_0326,BizCorp_0326,2026-06-01,21,13218,11292,AMER,Healthcare,Premium,64,36370,46080,Simulated
ACC_0326,BizCorp_0326,2026-07-01,10,7224,5646,AMER,Healthcare,Premium,64,36370,46080,Simulated
ACC_0326,BizCorp_0326,2026-08-01,5,3567,2823,AMER,Healthcare,Premium,64,36370,46080,Simulated
ACC_0327,BizCorp_0327,2026-03-01,4,2166,1870,EMEA,Technology,Standard,16,3430,15360,Simulated
ACC_0327,BizCorp_0327,2026-04-01,4,2459,1902,EMEA,Technology,Standard,16,3430,15360,Simulated
ACC_0327,BizCorp_0327,2026-05-01,4,1777,1565,EMEA,Technology,Standard,16,3430,15360,Simulated
ACC_0327,BizCorp_0327,2026-06-01,5,2546,2187,EMEA,Technology,Standard,16,3430,15360,Simulated
ACC_0327,BizCorp_0327,2026-07-01,6,3302,2625,EMEA,Technology,Standard,16,3430,15360,Simulated
ACC_0327,BizCorp_0327,2026-08-01,8,3690,3150,EMEA,Technology,Standard,16,3430,15360,Simulated
ACC_0328,BizCorp_0328,2026-03-01,34,29590,26853,EMEA,Financial Services,Premium,65,74065,46800,Simulated
ACC_0328,BizCorp_0328,2026-04-01,38,34608,30285,EMEA,Financial Services,Premium,65,74065,46800,Simulated
ACC_0328,BizCorp_0328,2026-05-01,37,30857,26914,EMEA,Financial Services,Premium,65,74065,46800,Simulated
ACC_0328,BizCorp_0328,2026-06-01,34,30377,26590,EMEA,Financial Services,Premium,65,74065,46800,Simulated
ACC_0328,BizCorp_0328,2026-07-01,35,35999,28956,EMEA,Financial Services,Premium,65,74065,46800,Simulated
ACC_0328,BizCorp_0328,2026-08-01,40,38333,31058,EMEA,Financial Services,Premium,65,74065,46800,Simulated
ACC_0329,BizCorp_0329,2026-03-01,233,151772,136740,APAC,Healthcare,Enterprise,327,322645,176580,Simulated
ACC_0329,BizCorp_0329,2026-04-01,219,150033,129912,APAC,Healthcare,Enterprise,327,322645,176580,Simulated
ACC_0329,BizCorp_0329,2026-05-01,203,180876,148225,APAC,Healthcare,Enterprise,327,322645,176580,Simulated
ACC_0329,BizCorp_0329,2026-06-01,264,219801,180426,APAC,Healthcare,Enterprise,327,322645,176580,Simulated
ACC_0329,BizCorp_0329,2026-07-01,316,248400,216512,APAC,Healthcare,Enterprise,327,322645,176580,Simulated
ACC_0329,BizCorp_0329,2026-08-01,327,286900,259814,APAC,Healthcare,Enterprise,327,322645,176580,Simulated
ACC_0330,BizCorp_0330,2026-03-01,114,234610,202797,APAC,Logistics,Enterprise,173,309983,93420,Simulated
ACC_0330,BizCorp_0330,2026-04-01,111,224164,175243,APAC,Logistics,Enterprise,173,309983,93420,Simulated
ACC_0330,BizCorp_0330,2026-05-01,113,191161,155548,APAC,Logistics,Enterprise,173,309983,93420,Simulated
ACC_0330,BizCorp_0330,2026-06-01,95,199891,158581,APAC,Logistics,Enterprise,173,309983,93420,Simulated
ACC_0330,BizCorp_0330,2026-07-01,109,210504,168304,APAC,Logistics,Enterprise,173,309983,93420,Simulated
ACC_0330,BizCorp_0330,2026-08-01,102,213415,183562,APAC,Logistics,Enterprise,173,309983,93420,Simulated
ACC_0331,BizCorp_0331,2026-03-01,53,42894,33163,EMEA,Manufacturing,Premium,66,65112,47520,Simulated
ACC_0331,BizCorp_0331,2026-04-01,49,35346,28887,EMEA,Manufacturing,Premium,66,65112,47520,Simulated
ACC_0331,BizCorp_0331,2026-05-01,48,28598,25950,EMEA,Manufacturing,Premium,66,65112,47520,Simulated
ACC_0331,BizCorp_0331,2026-06-01,49,35178,28427,EMEA,Manufacturing,Premium,66,65112,47520,Simulated
ACC_0331,BizCorp_0331,2026-07-01,52,30791,27052,EMEA,Manufacturing,Premium,66,65112,47520,Simulated
ACC_0331,BizCorp_0331,2026-08-01,57,36934,28842,EMEA,Manufacturing,Premium,66,65112,47520,Simulated
ACC_0332,BizCorp_0332,2026-03-01,19,27158,24202,APAC,Logistics,Premium,33,41140,23760,Simulated
ACC_0332,BizCorp_0332,2026-04-01,21,22680,19454,APAC,Logistics,Premium,33,41140,23760,Simulated
ACC_0332,BizCorp_0332,2026-05-01,20,28142,24387,APAC,Logistics,Premium,33,41140,23760,Simulated
ACC_0332,BizCorp_0332,2026-06-01,18,23691,19873,APAC,Logistics,Premium,33,41140,23760,Simulated
ACC_0332,BizCorp_0332,2026-07-01,18,30911,24717,APAC,Logistics,Premium,33,41140,23760,Simulated
ACC_0332,BizCorp_0332,2026-08-01,21,30053,25412,APAC,Logistics,Premium,33,41140,23760,Simulated
ACC_0333,BizCorp_0333,2026-03-01,3,5054,4219,AMER,Technology,Standard,12,11566,11520,Simulated
ACC_0333,BizCorp_0333,2026-04-01,3,5496,4594,AMER,Technology,Standard,12,11566,11520,Simulated
ACC_0333,BizCorp_0333,2026-05-01,3,5697,4586,AMER,Technology,Standard,12,11566,11520,Simulated
ACC_0333,BizCorp_0333,2026-06-01,4,5965,5096,AMER,Technology,Standard,12,11566,11520,Simulated
ACC_0333,BizCorp_0333,2026-07-01,4,7748,6115,AMER,Technology,Standard,12,11566,11520,Simulated
ACC_0333,BizCorp_0333,2026-08-01,5,8428,7339,AMER,Technology,Standard,12,11566,11520,Simulated
ACC_0334,BizCorp_0334,2026-03-01,8,3625,2938,AMER,Financial Services,Standard,10,4526,9600,Simulated
ACC_0334,BizCorp_0334,2026-04-01,8,3717,3104,AMER,Financial Services,Standard,10,4526,9600,Simulated
ACC_0334,BizCorp_0334,2026-05-01,8,4405,3518,AMER,Financial Services,Standard,10,4526,9600,Simulated
ACC_0334,BizCorp_0334,2026-06-01,8,3911,3035,AMER,Financial Services,Standard,10,4526,9600,Simulated
ACC_0334,BizCorp_0334,2026-07-01,9,4272,3365,AMER,Financial Services,Standard,10,4526,9600,Simulated
ACC_0334,BizCorp_0334,2026-08-01,8,3667,2858,AMER,Financial Services,Standard,10,4526,9600,Simulated
ACC_0335,BizCorp_0335,2026-03-01,15,9619,8456,APAC,Logistics,Premium,26,30237,18720,Simulated
ACC_0335,BizCorp_0335,2026-04-01,15,8147,7015,APAC,Logistics,Premium,26,30237,18720,Simulated
ACC_0335,BizCorp_0335,2026-05-01,16,9202,8148,APAC,Logistics,Premium,26,30237,18720,Simulated
ACC_0335,BizCorp_0335,2026-06-01,18,11937,9361,APAC,Logistics,Premium,26,30237,18720,Simulated
ACC_0335,BizCorp_0335,2026-07-01,20,14030,11233,APAC,Logistics,Premium,26,30237,18720,Simulated
ACC_0335,BizCorp_0335,2026-08-01,20,15476,13480,APAC,Logistics,Premium,26,30237,18720,Simulated
ACC_0336,BizCorp_0336,2026-03-01,43,23404,20297,EMEA,Technology,Premium,82,70846,59040,Simulated
ACC_0336,BizCorp_0336,2026-04-01,45,21378,18021,EMEA,Technology,Premium,82,70846,59040,Simulated
ACC_0336,BizCorp_0336,2026-05-01,39,24757,20604,EMEA,Technology,Premium,82,70846,59040,Simulated
ACC_0336,BizCorp_0336,2026-06-01,50,27441,24708,EMEA,Technology,Premium,82,70846,59040,Simulated
ACC_0336,BizCorp_0336,2026-07-01,60,34231,29650,EMEA,Technology,Premium,82,70846,59040,Simulated
ACC_0336,BizCorp_0336,2026-08-01,73,39834,35580,EMEA,Technology,Premium,82,70846,59040,Simulated
ACC_0337,BizCorp_0337,2026-03-01,294,158547,130084,AMER,Logistics,Enterprise,609,283214,328860,Simulated
ACC_0337,BizCorp_0337,2026-04-01,308,158709,133739,AMER,Logistics,Enterprise,609,283214,328860,Simulated
ACC_0337,BizCorp_0337,2026-05-01,318,180694,139879,AMER,Logistics,Enterprise,609,283214,328860,Simulated
ACC_0337,BizCorp_0337,2026-06-01,368,183935,160795,AMER,Logistics,Enterprise,609,283214,328860,Simulated
ACC_0337,BizCorp_0337,2026-07-01,441,214300,192954,AMER,Logistics,Enterprise,609,283214,328860,Simulated
ACC_0337,BizCorp_0337,2026-08-01,443,256352,231545,AMER,Logistics,Enterprise,609,283214,328860,Simulated
ACC_0338,BizCorp_0338,2026-03-01,57,233008,187925,EMEA,Technology,Premium,92,514012,66240,Simulated
ACC_0338,BizCorp_0338,2026-04-01,59,186650,163159,EMEA,Technology,Premium,92,514012,66240,Simulated
ACC_0338,BizCorp_0338,2026-05-01,64,213751,178270,EMEA,Technology,Premium,92,514012,66240,Simulated
ACC_0338,BizCorp_0338,2026-06-01,30,95599,84288,EMEA,Technology,Premium,92,514012,66240,Simulated
ACC_0338,BizCorp_0338,2026-07-01,15,48074,42144,EMEA,Technology,Premium,92,514012,66240,Simulated
ACC_0338,BizCorp_0338,2026-08-01,7,25863,21072,EMEA,Technology,Premium,92,514012,66240,Simulated
ACC_0339,BizCorp_0339,2026-03-01,10,6176,5167,APAC,Logistics,Standard,15,9523,14400,Simulated
ACC_0339,BizCorp_0339,2026-04-01,9,6275,5468,APAC,Logistics,Standard,15,9523,14400,Simulated
ACC_0339,BizCorp_0339,2026-05-01,10,4827,4244,APAC,Logistics,Standard,15,9523,14400,Simulated
ACC_0339,BizCorp_0339,2026-06-01,5,3118,2436,APAC,Logistics,Standard,15,9523,14400,Simulated
ACC_0339,BizCorp_0339,2026-07-01,2,1374,1218,APAC,Logistics,Standard,15,9523,14400,Simulated
ACC_0339,BizCorp_0339,2026-08-01,1,671,609,APAC,Logistics,Standard,15,9523,14400,Simulated
ACC_0340,BizCorp_0340,2026-03-01,46,15186,13390,AMER,Technology,Premium,144,54112,103680,Simulated
ACC_0340,BizCorp_0340,2026-04-01,44,11995,10249,AMER,Technology,Premium,144,54112,103680,Simulated
ACC_0340,BizCorp_0340,2026-05-01,42,13023,10217,AMER,Technology,Premium,144,54112,103680,Simulated
ACC_0340,BizCorp_0340,2026-06-01,50,17223,14419,AMER,Technology,Premium,144,54112,103680,Simulated
ACC_0340,BizCorp_0340,2026-07-01,60,19189,17303,AMER,Technology,Premium,144,54112,103680,Simulated
ACC_0340,BizCorp_0340,2026-08-01,73,22912,20764,AMER,Technology,Premium,144,54112,103680,Simulated
ACC_0341,BizCorp_0341,2026-03-01,10,3986,3563,AMER,Logistics,Standard,12,7551,11520,Simulated
ACC_0341,BizCorp_0341,2026-04-01,10,5081,4268,AMER,Logistics,Standard,12,7551,11520,Simulated
ACC_0341,BizCorp_0341,2026-05-01,11,5264,4572,AMER,Logistics,Standard,12,7551,11520,Simulated
ACC_0341,BizCorp_0341,2026-06-01,5,2386,1993,AMER,Logistics,Standard,12,7551,11520,Simulated
ACC_0341,BizCorp_0341,2026-07-01,2,1168,996,AMER,Logistics,Standard,12,7551,11520,Simulated
ACC_0341,BizCorp_0341,2026-08-01,1,549,498,AMER,Logistics,Standard,12,7551,11520,Simulated
ACC_0342,BizCorp_0342,2026-03-01,149,84651,66496,AMER,Healthcare,Enterprise,252,145461,136080,Simulated
ACC_0342,BizCorp_0342,2026-04-01,159,72794,63081,AMER,Healthcare,Enterprise,252,145461,136080,Simulated
ACC_0342,BizCorp_0342,2026-05-01,149,74594,66037,AMER,Healthcare,Enterprise,252,145461,136080,Simulated
ACC_0342,BizCorp_0342,2026-06-01,74,37458,31689,AMER,Healthcare,Enterprise,252,145461,136080,Simulated
ACC_0342,BizCorp_0342,2026-07-01,37,18126,15844,AMER,Healthcare,Enterprise,252,145461,136080,Simulated
ACC_0342,BizCorp_0342,2026-08-01,18,10289,7922,AMER,Healthcare,Enterprise,252,145461,136080,Simulated
ACC_0343,BizCorp_0343,2026-03-01,11,7796,6653,APAC,Logistics,Standard,18,10009,17280,Simulated
ACC_0343,BizCorp_0343,2026-04-01,11,6830,5291,APAC,Logistics,Standard,18,10009,17280,Simulated
ACC_0343,BizCorp_0343,2026-05-01,11,8467,6639,APAC,Logistics,Standard,18,10009,17280,Simulated
ACC_0343,BizCorp_0343,2026-06-01,5,3599,2913,APAC,Logistics,Standard,18,10009,17280,Simulated
ACC_0343,BizCorp_0343,2026-07-01,2,1863,1456,APAC,Logistics,Standard,18,10009,17280,Simulated
ACC_0343,BizCorp_0343,2026-08-01,1,866,728,APAC,Logistics,Standard,18,10009,17280,Simulated
ACC_0344,BizCorp_0344,2026-03-01,9,6597,5575,AMER,Technology,Standard,15,5171,14400,Simulated
ACC_0344,BizCorp_0344,2026-04-01,9,6022,5434,AMER,Technology,Standard,15,5171,14400,Simulated
ACC_0344,BizCorp_0344,2026-05-01,8,6713,5492,AMER,Technology,Standard,15,5171,14400,Simulated
ACC_0344,BizCorp_0344,2026-06-01,8,7354,5685,AMER,Technology,Standard,15,5171,14400,Simulated
ACC_0344,BizCorp_0344,2026-07-01,9,6983,5397,AMER,Technology,Standard,15,5171,14400,Simulated
ACC_0344,BizCorp_0344,2026-08-01,8,7259,6084,AMER,Technology,Standard,15,5171,14400,Simulated
ACC_0345,BizCorp_0345,2026-03-01,9,3469,2898,APAC,Financial Services,Standard,16,3754,15360,Simulated
ACC_0345,BizCorp_0345,2026-04-01,8,3603,3026,APAC,Financial Services,Standard,16,3754,15360,Simulated
ACC_0345,BizCorp_0345,2026-05-01,8,3980,3539,APAC,Financial Services,Standard,16,3754,15360,Simulated
ACC_0345,BizCorp_0345,2026-06-01,9,3214,2746,APAC,Financial Services,Standard,16,3754,15360,Simulated
ACC_0345,BizCorp_0345,2026-07-01,9,3144,2789,APAC,Financial Services,Standard,16,3754,15360,Simulated
ACC_0345,BizCorp_0345,2026-08-01,9,4201,3500,APAC,Financial Services,Standard,16,3754,15360,Simulated
ACC_0346,BizCorp_0346,2026-03-01,115,280966,236821,AMER,Manufacturing,Enterprise,177,731195,95580,Simulated
ACC_0346,BizCorp_0346,2026-04-01,134,229532,207454,AMER,Manufacturing,Enterprise,177,731195,95580,Simulated
ACC_0346,BizCorp_0346,2026-05-01,135,252898,204660,AMER,Manufacturing,Enterprise,177,731195,95580,Simulated
ACC_0346,BizCorp_0346,2026-06-01,121,274925,214646,AMER,Manufacturing,Enterprise,177,731195,95580,Simulated
ACC_0346,BizCorp_0346,2026-07-01,134,303934,249248,AMER,Manufacturing,Enterprise,177,731195,95580,Simulated
ACC_0346,BizCorp_0346,2026-08-01,116,276821,217083,AMER,Manufacturing,Enterprise,177,731195,95580,Simulated
ACC_0347,BizCorp_0347,2026-03-01,40,30303,26119,EMEA,Technology,Premium,95,51484,68400,Simulated
ACC_0347,BizCorp_0347,2026-04-01,40,32129,26214,EMEA,Technology,Premium,95,51484,68400,Simulated
ACC_0347,BizCorp_0347,2026-05-01,44,31553,24744,EMEA,Technology,Premium,95,51484,68400,Simulated
ACC_0347,BizCorp_0347,2026-06-01,43,27230,22914,EMEA,Technology,Premium,95,51484,68400,Simulated
ACC_0347,BizCorp_0347,2026-07-01,42,36098,29053,EMEA,Technology,Premium,95,51484,68400,Simulated
ACC_0347,BizCorp_0347,2026-08-01,43,29771,25143,EMEA,Technology,Premium,95,51484,68400,Simulated
ACC_0348,BizCorp_0348,2026-03-01,4,5939,5314,APAC,Manufacturing,Standard,12,8072,11520,Simulated
ACC_0348,BizCorp_0348,2026-04-01,4,6941,5521,APAC,Manufacturing,Standard,12,8072,11520,Simulated
ACC_0348,BizCorp_0348,2026-05-01,4,5794,4733,APAC,Manufacturing,Standard,12,8072,11520,Simulated
ACC_0348,BizCorp_0348,2026-06-01,5,7557,5904,APAC,Manufacturing,Standard,12,8072,11520,Simulated
ACC_0348,BizCorp_0348,2026-07-01,6,9037,7085,APAC,Manufacturing,Standard,12,8072,11520,Simulated
ACC_0348,BizCorp_0348,2026-08-01,8,9443,8502,APAC,Manufacturing,Standard,12,8072,11520,Simulated
ACC_0349,BizCorp_0349,2026-03-01,4,4597,3820,AMER,Financial Services,Standard,14,10519,13440,Simulated
ACC_0349,BizCorp_0349,2026-04-01,4,3576,3099,AMER,Financial Services,Standard,14,10519,13440,Simulated
ACC_0349,BizCorp_0349,2026-05-01,4,3806,3123,AMER,Financial Services,Standard,14,10519,13440,Simulated
ACC_0349,BizCorp_0349,2026-06-01,4,5372,4249,AMER,Financial Services,Standard,14,10519,13440,Simulated
ACC_0349,BizCorp_0349,2026-07-01,5,6185,5099,AMER,Financial Services,Standard,14,10519,13440,Simulated
ACC_0349,BizCorp_0349,2026-08-01,7,7576,6119,AMER,Financial Services,Standard,14,10519,13440,Simulated
ACC_0350,BizCorp_0350,2026-03-01,35,48972,39484,AMER,Retail,Premium,62,84557,44640,Simulated
ACC_0350,BizCorp_0350,2026-04-01,36,48843,37762,AMER,Retail,Premium,62,84557,44640,Simulated
ACC_0350,BizCorp_0350,2026-05-01,33,50916,41465,AMER,Retail,Premium,62,84557,44640,Simulated
ACC_0350,BizCorp_0350,2026-06-01,33,47884,38498,AMER,Retail,Premium,62,84557,44640,Simulated
ACC_0350,BizCorp_0350,2026-07-01,39,49564,40470,AMER,Retail,Premium,62,84557,44640,Simulated
ACC_0350,BizCorp_0350,2026-08-01,33,36469,32257,AMER,Retail,Premium,62,84557,44640,Simulated
ACC_0351,BizCorp_0351,2026-03-01,52,25525,21251,AMER,Retail,Premium,117,41182,84240,Simulated
ACC_0351,BizCorp_0351,2026-04-01,55,32426,27954,AMER,Retail,Premium,117,41182,84240,Simulated
ACC_0351,BizCorp_0351,2026-05-01,56,25733,22436,AMER,Retail,Premium,117,41182,84240,Simulated
ACC_0351,BizCorp_0351,2026-06-01,60,28122,23003,AMER,Retail,Premium,117,41182,84240,Simulated
ACC_0351,BizCorp_0351,2026-07-01,55,29197,25962,AMER,Retail,Premium,117,41182,84240,Simulated
ACC_0351,BizCorp_0351,2026-08-01,52,23953,21229,AMER,Retail,Premium,117,41182,84240,Simulated
ACC_0352,BizCorp_0352,2026-03-01,28,20505,17708,APAC,Logistics,Premium,49,17413,35280,Simulated
ACC_0352,BizCorp_0352,2026-04-01,29,24321,20292,APAC,Logistics,Premium,49,17413,35280,Simulated
ACC_0352,BizCorp_0352,2026-05-01,29,21385,17253,APAC,Logistics,Premium,49,17413,35280,Simulated
ACC_0352,BizCorp_0352,2026-06-01,26,20607,17391,APAC,Logistics,Premium,49,17413,35280,Simulated
ACC_0352,BizCorp_0352,2026-07-01,25,21353,17606,APAC,Logistics,Premium,49,17413,35280,Simulated
ACC_0352,BizCorp_0352,2026-08-01,25,20622,16780,APAC,Logistics,Premium,49,17413,35280,Simulated
ACC_0353,BizCorp_0353,2026-03-01,35,50146,40291,AMER,Retail,Premium,91,143944,65520,Simulated
ACC_0353,BizCorp_0353,2026-04-01,30,54549,46562,AMER,Retail,Premium,91,143944,65520,Simulated
ACC_0353,BizCorp_0353,2026-05-01,34,47634,40721,AMER,Retail,Premium,91,143944,65520,Simulated
ACC_0353,BizCorp_0353,2026-06-01,38,60596,48819,AMER,Retail,Premium,91,143944,65520,Simulated
ACC_0353,BizCorp_0353,2026-07-01,46,69018,58583,AMER,Retail,Premium,91,143944,65520,Simulated
ACC_0353,BizCorp_0353,2026-08-01,55,78211,70299,AMER,Retail,Premium,91,143944,65520,Simulated
ACC_0354,BizCorp_0354,2026-03-01,67,223807,178001,APAC,Technology,Premium,97,270608,69840,Simulated
ACC_0354,BizCorp_0354,2026-04-01,66,209346,180380,APAC,Technology,Premium,97,270608,69840,Simulated
ACC_0354,BizCorp_0354,2026-05-01,68,231157,188082,APAC,Technology,Premium,97,270608,69840,Simulated
ACC_0354,BizCorp_0354,2026-06-01,68,204219,165790,APAC,Technology,Premium,97,270608,69840,Simulated
ACC_0354,BizCorp_0354,2026-07-01,70,236767,188647,APAC,Technology,Premium,97,270608,69840,Simulated
ACC_0354,BizCorp_0354,2026-08-01,70,173112,148618,APAC,Technology,Premium,97,270608,69840,Simulated
ACC_0355,BizCorp_0355,2026-03-01,46,33569,26929,AMER,Technology,Premium,116,79743,83520,Simulated
ACC_0355,BizCorp_0355,2026-04-01,47,39487,32909,AMER,Technology,Premium,116,79743,83520,Simulated
ACC_0355,BizCorp_0355,2026-05-01,52,34040,29696,AMER,Technology,Premium,116,79743,83520,Simulated
ACC_0355,BizCorp_0355,2026-06-01,25,19664,15677,AMER,Technology,Premium,116,79743,83520,Simulated
ACC_0355,BizCorp_0355,2026-07-01,12,10059,7838,AMER,Technology,Premium,116,79743,83520,Simulated
ACC_0355,BizCorp_0355,2026-08-01,6,4934,3919,AMER,Technology,Premium,116,79743,83520,Simulated
ACC_0356,BizCorp_0356,2026-03-01,46,11792,9960,APAC,Manufacturing,Premium,85,18011,61200,Simulated
ACC_0356,BizCorp_0356,2026-04-01,39,10734,9560,APAC,Manufacturing,Premium,85,18011,61200,Simulated
ACC_0356,BizCorp_0356,2026-05-01,46,10102,8065,APAC,Manufacturing,Premium,85,18011,61200,Simulated
ACC_0356,BizCorp_0356,2026-06-01,44,13097,10195,APAC,Manufacturing,Premium,85,18011,61200,Simulated
ACC_0356,BizCorp_0356,2026-07-01,41,11521,9801,APAC,Manufacturing,Premium,85,18011,61200,Simulated
ACC_0356,BizCorp_0356,2026-08-01,47,10778,9455,APAC,Manufacturing,Premium,85,18011,61200,Simulated
ACC_0357,BizCorp_0357,2026-03-01,228,266186,224287,EMEA,Manufacturing,Enterprise,358,309061,193320,Simulated
ACC_0357,BizCorp_0357,2026-04-01,242,253926,227288,EMEA,Manufacturing,Enterprise,358,309061,193320,Simulated
ACC_0357,BizCorp_0357,2026-05-01,218,266314,237942,EMEA,Manufacturing,Enterprise,358,309061,193320,Simulated
ACC_0357,BizCorp_0357,2026-06-01,120,115697,104548,EMEA,Manufacturing,Enterprise,358,309061,193320,Simulated
ACC_0357,BizCorp_0357,2026-07-01,60,58970,52274,EMEA,Manufacturing,Enterprise,358,309061,193320,Simulated
ACC_0357,BizCorp_0357,2026-08-01,30,28778,26137,EMEA,Manufacturing,Enterprise,358,309061,193320,Simulated
ACC_0358,BizCorp_0358,2026-03-01,233,428776,331986,APAC,Retail,Enterprise,577,1026430,311580,Simulated
ACC_0358,BizCorp_0358,2026-04-01,251,361237,317424,APAC,Retail,Enterprise,577,1026430,311580,Simulated
ACC_0358,BizCorp_0358,2026-05-01,226,414896,345698,APAC,Retail,Enterprise,577,1026430,311580,Simulated
ACC_0358,BizCorp_0358,2026-06-01,289,442419,377718,APAC,Retail,Enterprise,577,1026430,311580,Simulated
ACC_0358,BizCorp_0358,2026-07-01,346,580153,453262,APAC,Retail,Enterprise,577,1026430,311580,Simulated
ACC_0358,BizCorp_0358,2026-08-01,384,691144,543915,APAC,Retail,Enterprise,577,1026430,311580,Simulated
ACC_0359,BizCorp_0359,2026-03-01,268,125582,111585,APAC,Retail,Enterprise,484,212945,261360,Simulated
ACC_0359,BizCorp_0359,2026-04-01,250,115450,96229,APAC,Retail,Enterprise,484,212945,261360,Simulated
ACC_0359,BizCorp_0359,2026-05-01,227,122209,110646,APAC,Retail,Enterprise,484,212945,261360,Simulated
ACC_0359,BizCorp_0359,2026-06-01,265,129634,102427,APAC,Retail,Enterprise,484,212945,261360,Simulated
ACC_0359,BizCorp_0359,2026-07-01,244,133384,104657,APAC,Retail,Enterprise,484,212945,261360,Simulated
ACC_0359,BizCorp_0359,2026-08-01,232,123545,102367,APAC,Retail,Enterprise,484,212945,261360,Simulated
ACC_0360,BizCorp_0360,2026-03-01,63,21667,19497,AMER,Healthcare,Premium,89,19264,64080,Simulated
ACC_0360,BizCorp_0360,2026-04-01,65,21206,17758,AMER,Healthcare,Premium,89,19264,64080,Simulated
ACC_0360,BizCorp_0360,2026-05-01,68,20654,18675,AMER,Healthcare,Premium,89,19264,64080,Simulated
ACC_0360,BizCorp_0360,2026-06-01,60,21776,18662,AMER,Healthcare,Premium,89,19264,64080,Simulated
ACC_0360,BizCorp_0360,2026-07-01,66,21683,17929,AMER,Healthcare,Premium,89,19264,64080,Simulated
ACC_0360,BizCorp_0360,2026-08-01,65,27935,22663,AMER,Healthcare,Premium,89,19264,64080,Simulated
ACC_0361,BizCorp_0361,2026-03-01,8,2921,2355,AMER,Manufacturing,Standard,13,3649,12480,Simulated
ACC_0361,BizCorp_0361,2026-04-01,7,2342,1807,AMER,Manufacturing,Standard,13,3649,12480,Simulated
ACC_0361,BizCorp_0361,2026-05-01,8,2643,2162,AMER,Manufacturing,Standard,13,3649,12480,Simulated
ACC_0361,BizCorp_0361,2026-06-01,6,2748,2132,AMER,Manufacturing,Standard,13,3649,12480,Simulated
ACC_0361,BizCorp_0361,2026-07-01,7,2004,1811,AMER,Manufacturing,Standard,13,3649,12480,Simulated
ACC_0361,BizCorp_0361,2026-08-01,7,2603,2195,AMER,Manufacturing,Standard,13,3649,12480,Simulated
ACC_0362,BizCorp_0362,2026-03-01,4,7356,6656,AMER,Healthcare,Standard,7,12472,6720,Simulated
ACC_0362,BizCorp_0362,2026-04-01,4,6543,5356,AMER,Healthcare,Standard,7,12472,6720,Simulated
ACC_0362,BizCorp_0362,2026-05-01,4,6862,6218,AMER,Healthcare,Standard,7,12472,6720,Simulated
ACC_0362,BizCorp_0362,2026-06-01,2,3524,2946,AMER,Healthcare,Standard,7,12472,6720,Simulated
ACC_0362,BizCorp_0362,2026-07-01,1,1734,1473,AMER,Healthcare,Standard,7,12472,6720,Simulated
ACC_0362,BizCorp_0362,2026-08-01,1,865,736,AMER,Healthcare,Standard,7,12472,6720,Simulated
ACC_0363,BizCorp_0363,2026-03-01,46,32068,25065,AMER,Manufacturing,Premium,55,41668,39600,Simulated
ACC_0363,BizCorp_0363,2026-04-01,55,27929,24527,AMER,Manufacturing,Premium,55,41668,39600,Simulated
ACC_0363,BizCorp_0363,2026-05-01,49,25396,22153,AMER,Manufacturing,Premium,55,41668,39600,Simulated
ACC_0363,BizCorp_0363,2026-06-01,51,29300,23450,AMER,Manufacturing,Premium,55,41668,39600,Simulated
ACC_0363,BizCorp_0363,2026-07-01,54,33722,27787,AMER,Manufacturing,Premium,55,41668,39600,Simulated
ACC_0363,BizCorp_0363,2026-08-01,55,27148,21824,AMER,Manufacturing,Premium,55,41668,39600,Simulated
ACC_0364,BizCorp_0364,2026-03-01,27,13647,11665,APAC,Healthcare,Premium,47,32915,33840,Simulated
ACC_0364,BizCorp_0364,2026-04-01,30,14455,12478,APAC,Healthcare,Premium,47,32915,33840,Simulated
ACC_0364,BizCorp_0364,2026-05-01,29,15099,13428,APAC,Healthcare,Premium,47,32915,33840,Simulated
ACC_0364,BizCorp_0364,2026-06-01,26,15111,12502,APAC,Healthcare,Premium,47,32915,33840,Simulated
ACC_0364,BizCorp_0364,2026-07-01,29,16947,14468,APAC,Healthcare,Premium,47,32915,33840,Simulated
ACC_0364,BizCorp_0364,2026-08-01,31,15383,12380,APAC,Healthcare,Premium,47,32915,33840,Simulated
ACC_0365,BizCorp_0365,2026-03-01,71,11363,9851,EMEA,Logistics,Premium,97,20404,69840,Simulated
ACC_0365,BizCorp_0365,2026-04-01,71,10865,9782,EMEA,Logistics,Premium,97,20404,69840,Simulated
ACC_0365,BizCorp_0365,2026-05-01,74,12701,10374,EMEA,Logistics,Premium,97,20404,69840,Simulated
ACC_0365,BizCorp_0365,2026-06-01,34,5648,4886,EMEA,Logistics,Premium,97,20404,69840,Simulated
ACC_0365,BizCorp_0365,2026-07-01,17,2786,2443,EMEA,Logistics,Premium,97,20404,69840,Simulated
ACC_0365,BizCorp_0365,2026-08-01,8,1376,1221,EMEA,Logistics,Premium,97,20404,69840,Simulated
ACC_0366,BizCorp_0366,2026-03-01,13,29109,23147,APAC,Retail,Standard,31,34427,29760,Simulated
ACC_0366,BizCorp_0366,2026-04-01,13,23714,19961,APAC,Retail,Standard,31,34427,29760,Simulated
ACC_0366,BizCorp_0366,2026-05-01,15,27198,24631,APAC,Retail,Standard,31,34427,29760,Simulated
ACC_0366,BizCorp_0366,2026-06-01,16,24584,20190,APAC,Retail,Standard,31,34427,29760,Simulated
ACC_0366,BizCorp_0366,2026-07-01,14,27476,24710,APAC,Retail,Standard,31,34427,29760,Simulated
ACC_0366,BizCorp_0366,2026-08-01,16,23100,20929,APAC,Retail,Standard,31,34427,29760,Simulated
ACC_0367,BizCorp_0367,2026-03-01,155,84962,71625,EMEA,Technology,Enterprise,319,305637,172260,Simulated
ACC_0367,BizCorp_0367,2026-04-01,150,90006,74490,EMEA,Technology,Enterprise,319,305637,172260,Simulated
ACC_0367,BizCorp_0367,2026-05-01,160,82913,67865,EMEA,Technology,Enterprise,319,305637,172260,Simulated
ACC_0367,BizCorp_0367,2026-06-01,198,121390,94938,EMEA,Technology,Enterprise,319,305637,172260,Simulated
ACC_0367,BizCorp_0367,2026-07-01,237,146342,113926,EMEA,Technology,Enterprise,319,305637,172260,Simulated
ACC_0367,BizCorp_0367,2026-08-01,285,175193,136711,EMEA,Technology,Enterprise,319,305637,172260,Simulated
ACC_0368,BizCorp_0368,2026-03-01,306,90687,76497,APAC,Retail,Enterprise,366,106092,197640,Simulated
ACC_0368,BizCorp_0368,2026-04-01,300,92861,83552,APAC,Retail,Enterprise,366,106092,197640,Simulated
ACC_0368,BizCorp_0368,2026-05-01,265,93843,75421,APAC,Retail,Enterprise,366,106092,197640,Simulated
ACC_0368,BizCorp_0368,2026-06-01,297,111292,86434,APAC,Retail,Enterprise,366,106092,197640,Simulated
ACC_0368,BizCorp_0368,2026-07-01,285,96777,79740,APAC,Retail,Enterprise,366,106092,197640,Simulated
ACC_0368,BizCorp_0368,2026-08-01,288,82502,70140,APAC,Retail,Enterprise,366,106092,197640,Simulated
ACC_0369,BizCorp_0369,2026-03-01,211,67599,60513,EMEA,Technology,Enterprise,236,117433,127440,Simulated
ACC_0369,BizCorp_0369,2026-04-01,189,63029,53986,EMEA,Technology,Enterprise,236,117433,127440,Simulated
ACC_0369,BizCorp_0369,2026-05-01,195,64654,55150,EMEA,Technology,Enterprise,236,117433,127440,Simulated
ACC_0369,BizCorp_0369,2026-06-01,205,72969,57818,EMEA,Technology,Enterprise,236,117433,127440,Simulated
ACC_0369,BizCorp_0369,2026-07-01,203,57400,47294,EMEA,Technology,Enterprise,236,117433,127440,Simulated
ACC_0369,BizCorp_0369,2026-08-01,192,56260,49536,EMEA,Technology,Enterprise,236,117433,127440,Simulated
ACC_0370,BizCorp_0370,2026-03-01,169,159554,129978,EMEA,Technology,Enterprise,498,714142,268920,Simulated
ACC_0370,BizCorp_0370,2026-04-01,188,160512,132010,EMEA,Technology,Enterprise,498,714142,268920,Simulated
ACC_0370,BizCorp_0370,2026-05-01,170,183840,151898,EMEA,Technology,Enterprise,498,714142,268920,Simulated
ACC_0370,BizCorp_0370,2026-06-01,223,210218,162877,EMEA,Technology,Enterprise,498,714142,268920,Simulated
ACC_0370,BizCorp_0370,2026-07-01,268,232215,195453,EMEA,Technology,Enterprise,498,714142,268920,Simulated
ACC_0370,BizCorp_0370,2026-08-01,322,270100,234543,EMEA,Technology,Enterprise,498,714142,268920,Simulated
ACC_0371,BizCorp_0371,2026-03-01,220,82688,64892,APAC,Logistics,Enterprise,375,138798,202500,Simulated
ACC_0371,BizCorp_0371,2026-04-01,240,81422,66148,APAC,Logistics,Enterprise,375,138798,202500,Simulated
ACC_0371,BizCorp_0371,2026-05-01,218,85611,72060,APAC,Logistics,Enterprise,375,138798,202500,Simulated
ACC_0371,BizCorp_0371,2026-06-01,116,41834,35957,APAC,Logistics,Enterprise,375,138798,202500,Simulated
ACC_0371,BizCorp_0371,2026-07-01,58,21765,17978,APAC,Logistics,Enterprise,375,138798,202500,Simulated
ACC_0371,BizCorp_0371,2026-08-01,29,10297,8989,APAC,Logistics,Enterprise,375,138798,202500,Simulated
ACC_0372,BizCorp_0372,2026-03-01,53,29977,24814,AMER,Manufacturing,Premium,77,62028,55440,Simulated
ACC_0372,BizCorp_0372,2026-04-01,45,23190,20672,AMER,Manufacturing,Premium,77,62028,55440,Simulated
ACC_0372,BizCorp_0372,2026-05-01,49,22145,19853,AMER,Manufacturing,Premium,77,62028,55440,Simulated
ACC_0372,BizCorp_0372,2026-06-01,24,12811,11230,AMER,Manufacturing,Premium,77,62028,55440,Simulated
ACC_0372,BizCorp_0372,2026-07-01,12,6817,5615,AMER,Manufacturing,Premium,77,62028,55440,Simulated
ACC_0372,BizCorp_0372,2026-08-01,6,3553,2807,AMER,Manufacturing,Premium,77,62028,55440,Simulated
ACC_0373,BizCorp_0373,2026-03-01,196,226376,185343,EMEA,Technology,Enterprise,440,622634,237600,Simulated
ACC_0373,BizCorp_0373,2026-04-01,199,316001,246977,EMEA,Technology,Enterprise,440,622634,237600,Simulated
ACC_0373,BizCorp_0373,2026-05-01,200,283749,244862,EMEA,Technology,Enterprise,440,622634,237600,Simulated
ACC_0373,BizCorp_0373,2026-06-01,246,286956,259400,EMEA,Technology,Enterprise,440,622634,237600,Simulated
ACC_0373,BizCorp_0373,2026-07-01,295,365338,311281,EMEA,Technology,Enterprise,440,622634,237600,Simulated
ACC_0373,BizCorp_0373,2026-08-01,354,432621,373537,EMEA,Technology,Enterprise,440,622634,237600,Simulated
ACC_0374,BizCorp_0374,2026-03-01,346,131172,109114,AMER,Technology,Enterprise,776,180851,419040,Simulated
ACC_0374,BizCorp_0374,2026-04-01,358,121786,100129,AMER,Technology,Enterprise,776,180851,419040,Simulated
ACC_0374,BizCorp_0374,2026-05-01,328,115649,91340,AMER,Technology,Enterprise,776,180851,419040,Simulated
ACC_0374,BizCorp_0374,2026-06-01,307,125460,106664,AMER,Technology,Enterprise,776,180851,419040,Simulated
ACC_0374,BizCorp_0374,2026-07-01,373,97326,87252,AMER,Technology,Enterprise,776,180851,419040,Simulated
ACC_0374,BizCorp_0374,2026-08-01,369,110021,91631,AMER,Technology,Enterprise,776,180851,419040,Simulated
ACC_0375,BizCorp_0375,2026-03-01,10,4664,3819,EMEA,Financial Services,Standard,23,5149,22080,Simulated
ACC_0375,BizCorp_0375,2026-04-01,10,4103,3527,EMEA,Financial Services,Standard,23,5149,22080,Simulated
ACC_0375,BizCorp_0375,2026-05-01,9,4596,3585,EMEA,Financial Services,Standard,23,5149,22080,Simulated
ACC_0375,BizCorp_0375,2026-06-01,11,4904,4207,EMEA,Financial Services,Standard,23,5149,22080,Simulated
ACC_0375,BizCorp_0375,2026-07-01,14,6359,5048,EMEA,Financial Services,Standard,23,5149,22080,Simulated
ACC_0375,BizCorp_0375,2026-08-01,16,7848,6058,EMEA,Financial Services,Standard,23,5149,22080,Simulated
ACC_0376,BizCorp_0376,2026-03-01,44,22449,18009,AMER,Financial Services,Premium,106,71245,76320,Simulated
ACC_0376,BizCorp_0376,2026-04-01,52,21906,18717,AMER,Financial Services,Premium,106,71245,76320,Simulated
ACC_0376,BizCorp_0376,2026-05-01,48,27019,21955,AMER,Financial Services,Premium,106,71245,76320,Simulated
ACC_0376,BizCorp_0376,2026-06-01,49,22760,19227,AMER,Financial Services,Premium,106,71245,76320,Simulated
ACC_0376,BizCorp_0376,2026-07-01,49,24121,21440,AMER,Financial Services,Premium,106,71245,76320,Simulated
ACC_0376,BizCorp_0376,2026-08-01,48,24983,21145,AMER,Financial Services,Premium,106,71245,76320,Simulated
ACC_0377,BizCorp_0377,2026-03-01,4,6369,5390,EMEA,Technology,Standard,7,10935,6720,Simulated
ACC_0377,BizCorp_0377,2026-04-01,4,6528,5446,EMEA,Technology,Standard,7,10935,6720,Simulated
ACC_0377,BizCorp_0377,2026-05-01,4,6288,5536,EMEA,Technology,Standard,7,10935,6720,Simulated
ACC_0377,BizCorp_0377,2026-06-01,4,6485,5479,EMEA,Technology,Standard,7,10935,6720,Simulated
ACC_0377,BizCorp_0377,2026-07-01,4,7729,6474,EMEA,Technology,Standard,7,10935,6720,Simulated
ACC_0377,BizCorp_0377,2026-08-01,4,8567,6763,EMEA,Technology,Standard,7,10935,6720,Simulated
ACC_0378,BizCorp_0378,2026-03-01,300,372959,290529,EMEA,Logistics,Enterprise,539,443394,291060,Simulated
ACC_0378,BizCorp_0378,2026-04-01,349,295455,250288,EMEA,Logistics,Enterprise,539,443394,291060,Simulated
ACC_0378,BizCorp_0378,2026-05-01,327,312830,278367,EMEA,Logistics,Enterprise,539,443394,291060,Simulated
ACC_0378,BizCorp_0378,2026-06-01,349,356961,293001,EMEA,Logistics,Enterprise,539,443394,291060,Simulated
ACC_0378,BizCorp_0378,2026-07-01,331,333292,300521,EMEA,Logistics,Enterprise,539,443394,291060,Simulated
ACC_0378,BizCorp_0378,2026-08-01,339,297843,250335,EMEA,Logistics,Enterprise,539,443394,291060,Simulated
ACC_0379,BizCorp_0379,2026-03-01,64,22771,18364,AMER,Technology,Enterprise,177,45592,95580,Simulated
ACC_0379,BizCorp_0379,2026-04-01,68,22153,18190,AMER,Technology,Enterprise,177,45592,95580,Simulated
ACC_0379,BizCorp_0379,2026-05-01,69,19323,17094,AMER,Technology,Enterprise,177,45592,95580,Simulated
ACC_0379,BizCorp_0379,2026-06-01,78,22532,20455,AMER,Technology,Enterprise,177,45592,95580,Simulated
ACC_0379,BizCorp_0379,2026-07-01,93,29911,24546,AMER,Technology,Enterprise,177,45592,95580,Simulated
ACC_0379,BizCorp_0379,2026-08-01,100,36371,29456,AMER,Technology,Enterprise,177,45592,95580,Simulated
ACC_0380,BizCorp_0380,2026-03-01,5,5007,3885,APAC,Logistics,Standard,17,11769,16320,Simulated
ACC_0380,BizCorp_0380,2026-04-01,5,4153,3555,APAC,Logistics,Standard,17,11769,16320,Simulated
ACC_0380,BizCorp_0380,2026-05-01,5,5150,4236,APAC,Logistics,Standard,17,11769,16320,Simulated
ACC_0380,BizCorp_0380,2026-06-01,6,5762,4542,APAC,Logistics,Standard,17,11769,16320,Simulated
ACC_0380,BizCorp_0380,2026-07-01,7,6460,5450,APAC,Logistics,Standard,17,11769,16320,Simulated
ACC_0380,BizCorp_0380,2026-08-01,9,7617,6541,APAC,Logistics,Standard,17,11769,16320,Simulated
ACC_0381,BizCorp_0381,2026-03-01,12,5634,4414,EMEA,Technology,Standard,21,11338,20160,Simulated
ACC_0381,BizCorp_0381,2026-04-01,13,4406,3813,EMEA,Technology,Standard,21,11338,20160,Simulated
ACC_0381,BizCorp_0381,2026-05-01,14,4300,3677,EMEA,Technology,Standard,21,11338,20160,Simulated
ACC_0381,BizCorp_0381,2026-06-01,6,2206,1947,EMEA,Technology,Standard,21,11338,20160,Simulated
ACC_0381,BizCorp_0381,2026-07-01,3,1126,973,EMEA,Technology,Standard,21,11338,20160,Simulated
ACC_0381,BizCorp_0381,2026-08-01,1,581,486,EMEA,Technology,Standard,21,11338,20160,Simulated
ACC_0382,BizCorp_0382,2026-03-01,383,133756,106946,APAC,Technology,Enterprise,765,248281,413100,Simulated
ACC_0382,BizCorp_0382,2026-04-01,383,110480,97926,APAC,Technology,Enterprise,765,248281,413100,Simulated
ACC_0382,BizCorp_0382,2026-05-01,332,128536,102749,APAC,Technology,Enterprise,765,248281,413100,Simulated
ACC_0382,BizCorp_0382,2026-06-01,320,135052,104532,APAC,Technology,Enterprise,765,248281,413100,Simulated
ACC_0382,BizCorp_0382,2026-07-01,356,111933,101635,APAC,Technology,Enterprise,765,248281,413100,Simulated
ACC_0382,BizCorp_0382,2026-08-01,377,91250,80000,APAC,Technology,Enterprise,765,248281,413100,Simulated
ACC_0383,BizCorp_0383,2026-03-01,57,18912,16857,APAC,Financial Services,Premium,134,34033,96480,Simulated
ACC_0383,BizCorp_0383,2026-04-01,56,23563,19820,APAC,Financial Services,Premium,134,34033,96480,Simulated
ACC_0383,BizCorp_0383,2026-05-01,53,21238,16685,APAC,Financial Services,Premium,134,34033,96480,Simulated
ACC_0383,BizCorp_0383,2026-06-01,64,27991,21555,APAC,Financial Services,Premium,134,34033,96480,Simulated
ACC_0383,BizCorp_0383,2026-07-01,77,32237,25866,APAC,Financial Services,Premium,134,34033,96480,Simulated
ACC_0383,BizCorp_0383,2026-08-01,78,34865,31039,APAC,Financial Services,Premium,134,34033,96480,Simulated
ACC_0384,BizCorp_0384,2026-03-01,55,44079,38962,EMEA,Technology,Premium,71,106448,51120,Simulated
ACC_0384,BizCorp_0384,2026-04-01,56,54924,44042,EMEA,Technology,Premium,71,106448,51120,Simulated
ACC_0384,BizCorp_0384,2026-05-01,60,48215,38959,EMEA,Technology,Premium,71,106448,51120,Simulated
ACC_0384,BizCorp_0384,2026-06-01,29,28551,22333,EMEA,Technology,Premium,71,106448,51120,Simulated
ACC_0384,BizCorp_0384,2026-07-01,14,12368,11166,EMEA,Technology,Premium,71,106448,51120,Simulated
ACC_0384,BizCorp_0384,2026-08-01,7,6253,5583,EMEA,Technology,Premium,71,106448,51120,Simulated
ACC_0385,BizCorp_0385,2026-03-01,199,231850,179752,AMER,Technology,Enterprise,280,191663,151200,Simulated
ACC_0385,BizCorp_0385,2026-04-01,191,194760,159998,AMER,Technology,Enterprise,280,191663,151200,Simulated
ACC_0385,BizCorp_0385,2026-05-01,201,180738,158663,AMER,Technology,Enterprise,280,191663,151200,Simulated
ACC_0385,BizCorp_0385,2026-06-01,93,103402,86600,AMER,Technology,Enterprise,280,191663,151200,Simulated
ACC_0385,BizCorp_0385,2026-07-01,46,51825,43300,AMER,Technology,Enterprise,280,191663,151200,Simulated
ACC_0385,BizCorp_0385,2026-08-01,23,24625,21650,AMER,Technology,Enterprise,280,191663,151200,Simulated
ACC_0386,BizCorp_0386,2026-03-01,46,29883,23504,EMEA,Financial Services,Premium,115,83129,82800,Simulated
ACC_0386,BizCorp_0386,2026-04-01,45,19616,17618,EMEA,Financial Services,Premium,115,83129,82800,Simulated
ACC_0386,BizCorp_0386,2026-05-01,44,21456,18894,EMEA,Financial Services,Premium,115,83129,82800,Simulated
ACC_0386,BizCorp_0386,2026-06-01,52,29407,24845,EMEA,Financial Services,Premium,115,83129,82800,Simulated
ACC_0386,BizCorp_0386,2026-07-01,62,34364,29814,EMEA,Financial Services,Premium,115,83129,82800,Simulated
ACC_0386,BizCorp_0386,2026-08-01,75,42075,35777,EMEA,Financial Services,Premium,115,83129,82800,Simulated
ACC_0387,BizCorp_0387,2026-03-01,6,4708,4059,AMER,Logistics,Standard,7,9415,6720,Simulated
ACC_0387,BizCorp_0387,2026-04-01,5,5039,4210,AMER,Logistics,Standard,7,9415,6720,Simulated
ACC_0387,BizCorp_0387,2026-05-01,6,5089,4345,AMER,Logistics,Standard,7,9415,6720,Simulated
ACC_0387,BizCorp_0387,2026-06-01,5,4430,3947,AMER,Logistics,Standard,7,9415,6720,Simulated
ACC_0387,BizCorp_0387,2026-07-01,6,5595,4834,AMER,Logistics,Standard,7,9415,6720,Simulated
ACC_0387,BizCorp_0387,2026-08-01,6,5244,4255,AMER,Logistics,Standard,7,9415,6720,Simulated
ACC_0388,BizCorp_0388,2026-03-01,33,43287,36696,AMER,Logistics,Premium,48,68525,34560,Simulated
ACC_0388,BizCorp_0388,2026-04-01,29,54351,42863,AMER,Logistics,Premium,48,68525,34560,Simulated
ACC_0388,BizCorp_0388,2026-05-01,34,49027,39620,AMER,Logistics,Premium,48,68525,34560,Simulated
ACC_0388,BizCorp_0388,2026-06-01,28,40893,35777,AMER,Logistics,Premium,48,68525,34560,Simulated
ACC_0388,BizCorp_0388,2026-07-01,34,45351,37405,AMER,Logistics,Premium,48,68525,34560,Simulated
ACC_0388,BizCorp_0388,2026-08-01,30,47849,40473,AMER,Logistics,Premium,48,68525,34560,Simulated
ACC_0389,BizCorp_0389,2026-03-01,85,114849,100411,APAC,Technology,Enterprise,236,272879,127440,Simulated
ACC_0389,BizCorp_0389,2026-04-01,96,103610,87102,APAC,Technology,Enterprise,236,272879,127440,Simulated
ACC_0389,BizCorp_0389,2026-05-01,88,135465,112214,APAC,Technology,Enterprise,236,272879,127440,Simulated
ACC_0389,BizCorp_0389,2026-06-01,112,151989,121019,APAC,Technology,Enterprise,236,272879,127440,Simulated
ACC_0389,BizCorp_0389,2026-07-01,134,162949,145223,APAC,Technology,Enterprise,236,272879,127440,Simulated
ACC_0389,BizCorp_0389,2026-08-01,161,225441,174268,APAC,Technology,Enterprise,236,272879,127440,Simulated
ACC_0390,BizCorp_0390,2026-03-01,38,27865,23698,EMEA,Technology,Premium,54,34776,38880,Simulated
ACC_0390,BizCorp_0390,2026-04-01,37,30773,26290,EMEA,Technology,Premium,54,34776,38880,Simulated
ACC_0390,BizCorp_0390,2026-05-01,37,26691,24050,EMEA,Technology,Premium,54,34776,38880,Simulated
ACC_0390,BizCorp_0390,2026-06-01,17,15803,13837,EMEA,Technology,Premium,54,34776,38880,Simulated
ACC_0390,BizCorp_0390,2026-07-01,8,8350,6918,EMEA,Technology,Premium,54,34776,38880,Simulated
ACC_0390,BizCorp_0390,2026-08-01,4,4486,3459,EMEA,Technology,Premium,54,34776,38880,Simulated
ACC_0391,BizCorp_0391,2026-03-01,9,6357,5451,AMER,Healthcare,Standard,25,14543,24000,Simulated
ACC_0391,BizCorp_0391,2026-04-01,8,6688,5193,AMER,Healthcare,Standard,25,14543,24000,Simulated
ACC_0391,BizCorp_0391,2026-05-01,8,5351,4155,AMER,Healthcare,Standard,25,14543,24000,Simulated
ACC_0391,BizCorp_0391,2026-06-01,10,6525,5824,AMER,Healthcare,Standard,25,14543,24000,Simulated
ACC_0391,BizCorp_0391,2026-07-01,12,8244,6989,AMER,Healthcare,Standard,25,14543,24000,Simulated
ACC_0391,BizCorp_0391,2026-08-01,12,10039,8387,AMER,Healthcare,Standard,25,14543,24000,Simulated
ACC_0392,BizCorp_0392,2026-03-01,14,16648,15043,EMEA,Logistics,Standard,22,41267,21120,Simulated
ACC_0392,BizCorp_0392,2026-04-01,14,18311,15577,EMEA,Logistics,Standard,22,41267,21120,Simulated
ACC_0392,BizCorp_0392,2026-05-01,13,19895,15600,EMEA,Logistics,Standard,22,41267,21120,Simulated
ACC_0392,BizCorp_0392,2026-06-01,14,14928,12431,EMEA,Logistics,Standard,22,41267,21120,Simulated
ACC_0392,BizCorp_0392,2026-07-01,14,16818,15234,EMEA,Logistics,Standard,22,41267,21120,Simulated
ACC_0392,BizCorp_0392,2026-08-01,14,18509,14418,EMEA,Logistics,Standard,22,41267,21120,Simulated
ACC_0393,BizCorp_0393,2026-03-01,11,4689,4034,AMER,Financial Services,Standard,16,7613,15360,Simulated
ACC_0393,BizCorp_0393,2026-04-01,11,4334,3924,AMER,Financial Services,Standard,16,7613,15360,Simulated
ACC_0393,BizCorp_0393,2026-05-01,11,4105,3561,AMER,Financial Services,Standard,16,7613,15360,Simulated
ACC_0393,BizCorp_0393,2026-06-01,12,4489,3876,AMER,Financial Services,Standard,16,7613,15360,Simulated
ACC_0393,BizCorp_0393,2026-07-01,10,5402,4457,AMER,Financial Services,Standard,16,7613,15360,Simulated
ACC_0393,BizCorp_0393,2026-08-01,11,5294,4388,AMER,Financial Services,Standard,16,7613,15360,Simulated
ACC_0394,BizCorp_0394,2026-03-01,8,6567,5243,AMER,Financial Services,Standard,11,11852,10560,Simulated
ACC_0394,BizCorp_0394,2026-04-01,8,5532,4551,AMER,Financial Services,Standard,11,11852,10560,Simulated
ACC_0394,BizCorp_0394,2026-05-01,7,5938,4993,AMER,Financial Services,Standard,11,11852,10560,Simulated
ACC_0394,BizCorp_0394,2026-06-01,8,4736,4076,AMER,Financial Services,Standard,11,11852,10560,Simulated
ACC_0394,BizCorp_0394,2026-07-01,7,5356,4797,AMER,Financial Services,Standard,11,11852,10560,Simulated
ACC_0394,BizCorp_0394,2026-08-01,8,5426,4212,AMER,Financial Services,Standard,11,11852,10560,Simulated
ACC_0395,BizCorp_0395,2026-03-01,18,17089,13478,EMEA,Healthcare,Standard,34,26547,32640,Simulated
ACC_0395,BizCorp_0395,2026-04-01,17,13920,11613,EMEA,Healthcare,Standard,34,26547,32640,Simulated
ACC_0395,BizCorp_0395,2026-05-01,16,18179,14350,EMEA,Healthcare,Standard,34,26547,32640,Simulated
ACC_0395,BizCorp_0395,2026-06-01,15,17250,14143,EMEA,Healthcare,Standard,34,26547,32640,Simulated
ACC_0395,BizCorp_0395,2026-07-01,18,14219,12453,EMEA,Healthcare,Standard,34,26547,32640,Simulated
ACC_0395,BizCorp_0395,2026-08-01,17,16006,13339,EMEA,Healthcare,Standard,34,26547,32640,Simulated
ACC_0396,BizCorp_0396,2026-03-01,20,58524,45069,APAC,Logistics,Premium,33,76651,23760,Simulated
ACC_0396,BizCorp_0396,2026-04-01,18,44472,35869,APAC,Logistics,Premium,33,76651,23760,Simulated
ACC_0396,BizCorp_0396,2026-05-01,19,49630,43827,APAC,Logistics,Premium,33,76651,23760,Simulated
ACC_0396,BizCorp_0396,2026-06-01,21,43482,36616,APAC,Logistics,Premium,33,76651,23760,Simulated
ACC_0396,BizCorp_0396,2026-07-01,21,41545,35064,APAC,Logistics,Premium,33,76651,23760,Simulated
ACC_0396,BizCorp_0396,2026-08-01,18,53156,44392,APAC,Logistics,Premium,33,76651,23760,Simulated
ACC_0397,BizCorp_0397,2026-03-01,54,10264,7992,EMEA,Technology,Premium,95,15412,68400,Simulated
ACC_0397,BizCorp_0397,2026-04-01,57,10487,8575,EMEA,Technology,Premium,95,15412,68400,Simulated
ACC_0397,BizCorp_0397,2026-05-01,53,10043,8901,EMEA,Technology,Premium,95,15412,68400,Simulated
ACC_0397,BizCorp_0397,2026-06-01,66,12312,10221,EMEA,Technology,Premium,95,15412,68400,Simulated
ACC_0397,BizCorp_0397,2026-07-01,79,13993,12265,EMEA,Technology,Premium,95,15412,68400,Simulated
ACC_0397,BizCorp_0397,2026-08-01,95,17998,14719,EMEA,Technology,Premium,95,15412,68400,Simulated
ACC_0398,BizCorp_0398,2026-03-01,28,43499,33841,APAC,Healthcare,Premium,30,39193,21600,Simulated
ACC_0398,BizCorp_0398,2026-04-01,30,37292,33088,APAC,Healthcare,Premium,30,39193,21600,Simulated
ACC_0398,BizCorp_0398,2026-05-01,29,36234,32882,APAC,Healthcare,Premium,30,39193,21600,Simulated
ACC_0398,BizCorp_0398,2026-06-01,14,17703,14962,APAC,Healthcare,Premium,30,39193,21600,Simulated
ACC_0398,BizCorp_0398,2026-07-01,7,8454,7481,APAC,Healthcare,Premium,30,39193,21600,Simulated
ACC_0398,BizCorp_0398,2026-08-01,3,4164,3740,APAC,Healthcare,Premium,30,39193,21600,Simulated
ACC_0399,BizCorp_0399,2026-03-01,224,166638,142889,APAC,Technology,Enterprise,511,234920,275940,Simulated
ACC_0399,BizCorp_0399,2026-04-01,197,158338,139963,APAC,Technology,Enterprise,511,234920,275940,Simulated
ACC_0399,BizCorp_0399,2026-05-01,209,164677,143797,APAC,Technology,Enterprise,511,234920,275940,Simulated
ACC_0399,BizCorp_0399,2026-06-01,221,184123,159426,APAC,Technology,Enterprise,511,234920,275940,Simulated
ACC_0399,BizCorp_0399,2026-07-01,230,190920,156892,APAC,Technology,Enterprise,511,234920,275940,Simulated
ACC_0399,BizCorp_0399,2026-08-01,207,173044,146567,APAC,Technology,Enterprise,511,234920,275940,Simulated
ACC_0400,BizCorp_0400,2026-03-01,29,25474,22733,AMER,Manufacturing,Premium,30,37185,21600,Simulated
ACC_0400,BizCorp_0400,2026-04-01,30,24235,19984,AMER,Manufacturing,Premium,30,37185,21600,Simulated
ACC_0400,BizCorp_0400,2026-05-01,29,27364,22266,AMER,Manufacturing,Premium,30,37185,21600,Simulated
ACC_0400,BizCorp_0400,2026-06-01,15,13011,11059,AMER,Manufacturing,Premium,30,37185,21600,Simulated
ACC_0400,BizCorp_0400,2026-07-01,7,6718,5529,AMER,Manufacturing,Premium,30,37185,21600,Simulated
ACC_0400,BizCorp_0400,2026-08-01,3,3512,2764,AMER,Manufacturing,Premium,30,37185,21600,Simulated
ACC_0401,BizCorp_0401,2026-03-01,14,9524,8341,APAC,Manufacturing,Standard,15,10684,14400,Simulated
ACC_0401,BizCorp_0401,2026-04-01,12,7810,6832,APAC,Manufacturing,Standard,15,10684,14400,Simulated
ACC_0401,BizCorp_0401,2026-05-01,15,8673,7685,APAC,Manufacturing,Standard,15,10684,14400,Simulated
ACC_0401,BizCorp_0401,2026-06-01,7,4438,3714,APAC,Manufacturing,Standard,15,10684,14400,Simulated
ACC_0401,BizCorp_0401,2026-07-01,3,2042,1857,APAC,Manufacturing,Standard,15,10684,14400,Simulated
ACC_0401,BizCorp_0401,2026-08-01,1,1035,928,APAC,Manufacturing,Standard,15,10684,14400,Simulated
ACC_0402,BizCorp_0402,2026-03-01,43,39513,34048,APAC,Healthcare,Premium,79,35506,56880,Simulated
ACC_0402,BizCorp_0402,2026-04-01,46,37326,31669,APAC,Healthcare,Premium,79,35506,56880,Simulated
ACC_0402,BizCorp_0402,2026-05-01,46,42699,36464,APAC,Healthcare,Premium,79,35506,56880,Simulated
ACC_0402,BizCorp_0402,2026-06-01,47,36206,32454,APAC,Healthcare,Premium,79,35506,56880,Simulated
ACC_0402,BizCorp_0402,2026-07-01,45,35574,31392,APAC,Healthcare,Premium,79,35506,56880,Simulated
ACC_0402,BizCorp_0402,2026-08-01,45,36170,32050,APAC,Healthcare,Premium,79,35506,56880,Simulated
ACC_0403,BizCorp_0403,2026-03-01,260,143912,118781,APAC,Technology,Enterprise,693,329410,374220,Simulated
ACC_0403,BizCorp_0403,2026-04-01,243,118681,107398,APAC,Technology,Enterprise,693,329410,374220,Simulated
ACC_0403,BizCorp_0403,2026-05-01,239,137441,111378,APAC,Technology,Enterprise,693,329410,374220,Simulated
ACC_0403,BizCorp_0403,2026-06-01,295,168204,135028,APAC,Technology,Enterprise,693,329410,374220,Simulated
ACC_0403,BizCorp_0403,2026-07-01,355,185164,162033,APAC,Technology,Enterprise,693,329410,374220,Simulated
ACC_0403,BizCorp_0403,2026-08-01,395,235653,194440,APAC,Technology,Enterprise,693,329410,374220,Simulated
ACC_0404,BizCorp_0404,2026-03-01,43,7573,6373,AMER,Technology,Premium,73,15704,52560,Simulated
ACC_0404,BizCorp_0404,2026-04-01,41,7393,6362,AMER,Technology,Premium,73,15704,52560,Simulated
ACC_0404,BizCorp_0404,2026-05-01,38,8257,7176,AMER,Technology,Premium,73,15704,52560,Simulated
ACC_0404,BizCorp_0404,2026-06-01,44,8531,7709,AMER,Technology,Premium,73,15704,52560,Simulated
ACC_0404,BizCorp_0404,2026-07-01,39,8229,7422,AMER,Technology,Premium,73,15704,52560,Simulated
ACC_0404,BizCorp_0404,2026-08-01,43,8472,6916,AMER,Technology,Premium,73,15704,52560,Simulated
ACC_0405,BizCorp_0405,2026-03-01,14,6742,5628,EMEA,Logistics,Standard,27,9387,25920,Simulated
ACC_0405,BizCorp_0405,2026-04-01,13,7528,6022,EMEA,Logistics,Standard,27,9387,25920,Simulated
ACC_0405,BizCorp_0405,2026-05-01,14,5156,4663,EMEA,Logistics,Standard,27,9387,25920,Simulated
ACC_0405,BizCorp_0405,2026-06-01,14,6049,4850,EMEA,Logistics,Standard,27,9387,25920,Simulated
ACC_0405,BizCorp_0405,2026-07-01,14,5700,4815,EMEA,Logistics,Standard,27,9387,25920,Simulated
ACC_0405,BizCorp_0405,2026-08-01,14,5759,4692,EMEA,Logistics,Standard,27,9387,25920,Simulated
ACC_0406,BizCorp_0406,2026-03-01,8,5346,4343,AMER,Financial Services,Standard,21,4505,20160,Simulated
ACC_0406,BizCorp_0406,2026-04-01,8,4605,3731,AMER,Financial Services,Standard,21,4505,20160,Simulated
ACC_0406,BizCorp_0406,2026-05-01,9,4985,4397,AMER,Financial Services,Standard,21,4505,20160,Simulated
ACC_0406,BizCorp_0406,2026-06-01,9,4915,4190,AMER,Financial Services,Standard,21,4505,20160,Simulated
ACC_0406,BizCorp_0406,2026-07-01,7,4877,4122,AMER,Financial Services,Standard,21,4505,20160,Simulated
ACC_0406,BizCorp_0406,2026-08-01,8,3883,3411,AMER,Financial Services,Standard,21,4505,20160,Simulated
ACC_0407,BizCorp_0407,2026-03-01,246,138482,121504,APAC,Logistics,Enterprise,286,129224,154440,Simulated
ACC_0407,BizCorp_0407,2026-04-01,249,146795,117496,APAC,Logistics,Enterprise,286,129224,154440,Simulated
ACC_0407,BizCorp_0407,2026-05-01,265,128017,110861,APAC,Logistics,Enterprise,286,129224,154440,Simulated
ACC_0407,BizCorp_0407,2026-06-01,241,150589,124081,APAC,Logistics,Enterprise,286,129224,154440,Simulated
ACC_0407,BizCorp_0407,2026-07-01,258,158453,132864,APAC,Logistics,Enterprise,286,129224,154440,Simulated
ACC_0407,BizCorp_0407,2026-08-01,229,142376,114275,APAC,Logistics,Enterprise,286,129224,154440,Simulated
ACC_0408,BizCorp_0408,2026-03-01,12,33706,30584,APAC,Financial Services,Standard,21,50555,20160,Simulated
ACC_0408,BizCorp_0408,2026-04-01,14,42788,33548,APAC,Financial Services,Standard,21,50555,20160,Simulated
ACC_0408,BizCorp_0408,2026-05-01,14,39550,31994,APAC,Financial Services,Standard,21,50555,20160,Simulated
ACC_0408,BizCorp_0408,2026-06-01,14,47062,37666,APAC,Financial Services,Standard,21,50555,20160,Simulated
ACC_0408,BizCorp_0408,2026-07-01,14,37653,32022,APAC,Financial Services,Standard,21,50555,20160,Simulated
ACC_0408,BizCorp_0408,2026-08-01,13,38453,31701,APAC,Financial Services,Standard,21,50555,20160,Simulated
ACC_0409,BizCorp_0409,2026-03-01,12,17048,14710,AMER,Healthcare,Standard,22,83169,21120,Simulated
ACC_0409,BizCorp_0409,2026-04-01,11,18134,15138,AMER,Healthcare,Standard,22,83169,21120,Simulated
ACC_0409,BizCorp_0409,2026-05-01,11,19101,15550,AMER,Healthcare,Standard,22,83169,21120,Simulated
ACC_0409,BizCorp_0409,2026-06-01,13,23258,19546,AMER,Healthcare,Standard,22,83169,21120,Simulated
ACC_0409,BizCorp_0409,2026-07-01,16,28760,23455,AMER,Healthcare,Standard,22,83169,21120,Simulated
ACC_0409,BizCorp_0409,2026-08-01,19,35642,28146,AMER,Healthcare,Standard,22,83169,21120,Simulated
ACC_0410,BizCorp_0410,2026-03-01,5,10287,7921,AMER,Manufacturing,Standard,8,13970,7680,Simulated
ACC_0410,BizCorp_0410,2026-04-01,6,10016,8101,AMER,Manufacturing,Standard,8,13970,7680,Simulated
ACC_0410,BizCorp_0410,2026-05-01,5,9565,7394,AMER,Manufacturing,Standard,8,13970,7680,Simulated
ACC_0410,BizCorp_0410,2026-06-01,6,9608,8328,AMER,Manufacturing,Standard,8,13970,7680,Simulated
ACC_0410,BizCorp_0410,2026-07-01,6,8106,7088,AMER,Manufacturing,Standard,8,13970,7680,Simulated
ACC_0410,BizCorp_0410,2026-08-01,5,10522,8744,AMER,Manufacturing,Standard,8,13970,7680,Simulated
ACC_0411,BizCorp_0411,2026-03-01,3,6583,5345,EMEA,Financial Services,Standard,3,4994,2880,Simulated
ACC_0411,BizCorp_0411,2026-04-01,3,5565,4965,EMEA,Financial Services,Standard,3,4994,2880,Simulated
ACC_0411,BizCorp_0411,2026-05-01,3,6649,5875,EMEA,Financial Services,Standard,3,4994,2880,Simulated
ACC_0411,BizCorp_0411,2026-06-01,3,6386,4987,EMEA,Financial Services,Standard,3,4994,2880,Simulated
ACC_0411,BizCorp_0411,2026-07-01,3,5686,5021,EMEA,Financial Services,Standard,3,4994,2880,Simulated
ACC_0411,BizCorp_0411,2026-08-01,3,6700,5641,EMEA,Financial Services,Standard,3,4994,2880,Simulated
ACC_0412,BizCorp_0412,2026-03-01,126,302216,263090,APAC,Healthcare,Enterprise,386,767829,208440,Simulated
ACC_0412,BizCorp_0412,2026-04-01,126,326914,273223,APAC,Healthcare,Enterprise,386,767829,208440,Simulated
ACC_0412,BizCorp_0412,2026-05-01,118,293941,228606,APAC,Healthcare,Enterprise,386,767829,208440,Simulated
ACC_0412,BizCorp_0412,2026-06-01,145,364966,318231,APAC,Healthcare,Enterprise,386,767829,208440,Simulated
ACC_0412,BizCorp_0412,2026-07-01,174,491456,381877,APAC,Healthcare,Enterprise,386,767829,208440,Simulated
ACC_0412,BizCorp_0412,2026-08-01,190,589026,458252,APAC,Healthcare,Enterprise,386,767829,208440,Simulated
ACC_0413,BizCorp_0413,2026-03-01,27,47860,43285,EMEA,Logistics,Premium,49,61152,35280,Simulated
ACC_0413,BizCorp_0413,2026-04-01,25,64205,50266,EMEA,Logistics,Premium,49,61152,35280,Simulated
ACC_0413,BizCorp_0413,2026-05-01,27,57600,50540,EMEA,Logistics,Premium,49,61152,35280,Simulated
ACC_0413,BizCorp_0413,2026-06-01,27,54028,47984,EMEA,Logistics,Premium,49,61152,35280,Simulated
ACC_0413,BizCorp_0413,2026-07-01,24,65698,50769,EMEA,Logistics,Premium,49,61152,35280,Simulated
ACC_0413,BizCorp_0413,2026-08-01,24,60709,48171,EMEA,Logistics,Premium,49,61152,35280,Simulated
ACC_0414,BizCorp_0414,2026-03-01,286,169960,149822,APAC,Manufacturing,Enterprise,610,571124,329400,Simulated
ACC_0414,BizCorp_0414,2026-04-01,267,189513,149041,APAC,Manufacturing,Enterprise,610,571124,329400,Simulated
ACC_0414,BizCorp_0414,2026-05-01,274,198671,175687,APAC,Manufacturing,Enterprise,610,571124,329400,Simulated
ACC_0414,BizCorp_0414,2026-06-01,333,239235,197541,APAC,Manufacturing,Enterprise,610,571124,329400,Simulated
ACC_0414,BizCorp_0414,2026-07-01,400,297526,237050,APAC,Manufacturing,Enterprise,610,571124,329400,Simulated
ACC_0414,BizCorp_0414,2026-08-01,480,313187,284460,APAC,Manufacturing,Enterprise,610,571124,329400,Simulated
ACC_0415,BizCorp_0415,2026-03-01,3,5486,4278,EMEA,Financial Services,Standard,4,4654,3840,Simulated
ACC_0415,BizCorp_0415,2026-04-01,3,5508,4438,EMEA,Financial Services,Standard,4,4654,3840,Simulated
ACC_0415,BizCorp_0415,2026-05-01,3,3992,3547,EMEA,Financial Services,Standard,4,4654,3840,Simulated
ACC_0415,BizCorp_0415,2026-06-01,3,4507,3593,EMEA,Financial Services,Standard,4,4654,3840,Simulated
ACC_0415,BizCorp_0415,2026-07-01,3,5512,4424,EMEA,Financial Services,Standard,4,4654,3840,Simulated
ACC_0415,BizCorp_0415,2026-08-01,3,4354,3908,EMEA,Financial Services,Standard,4,4654,3840,Simulated
ACC_0416,BizCorp_0416,2026-03-01,52,40187,35388,APAC,Technology,Premium,132,103037,95040,Simulated
ACC_0416,BizCorp_0416,2026-04-01,54,36499,30409,APAC,Technology,Premium,132,103037,95040,Simulated
ACC_0416,BizCorp_0416,2026-05-01,51,38530,32663,APAC,Technology,Premium,132,103037,95040,Simulated
ACC_0416,BizCorp_0416,2026-06-01,68,42457,38063,APAC,Technology,Premium,132,103037,95040,Simulated
ACC_0416,BizCorp_0416,2026-07-01,82,52345,45676,APAC,Technology,Premium,132,103037,95040,Simulated
ACC_0416,BizCorp_0416,2026-08-01,86,65772,54811,APAC,Technology,Premium,132,103037,95040,Simulated
ACC_0417,BizCorp_0417,2026-03-01,11,40781,34411,APAC,Financial Services,Standard,21,76327,20160,Simulated
ACC_0417,BizCorp_0417,2026-04-01,11,40170,31774,APAC,Financial Services,Standard,21,76327,20160,Simulated
ACC_0417,BizCorp_0417,2026-05-01,10,44312,37415,APAC,Financial Services,Standard,21,76327,20160,Simulated
ACC_0417,BizCorp_0417,2026-06-01,11,43946,34690,APAC,Financial Services,Standard,21,76327,20160,Simulated
ACC_0417,BizCorp_0417,2026-07-01,12,35597,28772,APAC,Financial Services,Standard,21,76327,20160,Simulated
ACC_0417,BizCorp_0417,2026-08-01,11,45974,36467,APAC,Financial Services,Standard,21,76327,20160,Simulated
ACC_0418,BizCorp_0418,2026-03-01,30,29117,26415,AMER,Technology,Premium,36,74990,25920,Simulated
ACC_0418,BizCorp_0418,2026-04-01,31,31145,26294,AMER,Technology,Premium,36,74990,25920,Simulated
ACC_0418,BizCorp_0418,2026-05-01,27,30527,24453,AMER,Technology,Premium,36,74990,25920,Simulated
ACC_0418,BizCorp_0418,2026-06-01,28,35017,27322,AMER,Technology,Premium,36,74990,25920,Simulated
ACC_0418,BizCorp_0418,2026-07-01,30,33700,27125,AMER,Technology,Premium,36,74990,25920,Simulated
ACC_0418,BizCorp_0418,2026-08-01,32,32050,28557,AMER,Technology,Premium,36,74990,25920,Simulated
ACC_0419,BizCorp_0419,2026-03-01,42,17168,15192,APAC,Logistics,Premium,71,24037,51120,Simulated
ACC_0419,BizCorp_0419,2026-04-01,42,19872,16315,APAC,Logistics,Premium,71,24037,51120,Simulated
ACC_0419,BizCorp_0419,2026-05-01,40,19666,15790,APAC,Logistics,Premium,71,24037,51120,Simulated
ACC_0419,BizCorp_0419,2026-06-01,43,14431,12480,APAC,Logistics,Premium,71,24037,51120,Simulated
ACC_0419,BizCorp_0419,2026-07-01,40,16885,14390,APAC,Logistics,Premium,71,24037,51120,Simulated
ACC_0419,BizCorp_0419,2026-08-01,46,17535,15242,APAC,Logistics,Premium,71,24037,51120,Simulated
ACC_0420,BizCorp_0420,2026-03-01,46,29646,25587,EMEA,Logistics,Premium,50,60418,36000,Simulated
ACC_0420,BizCorp_0420,2026-04-01,50,31387,27069,EMEA,Logistics,Premium,50,60418,36000,Simulated
ACC_0420,BizCorp_0420,2026-05-01,46,30292,24304,EMEA,Logistics,Premium,50,60418,36000,Simulated
ACC_0420,BizCorp_0420,2026-06-01,25,16590,13754,EMEA,Logistics,Premium,50,60418,36000,Simulated
ACC_0420,BizCorp_0420,2026-07-01,12,8109,6877,EMEA,Logistics,Premium,50,60418,36000,Simulated
ACC_0420,BizCorp_0420,2026-08-01,6,3902,3438,EMEA,Logistics,Premium,50,60418,36000,Simulated
ACC_0421,BizCorp_0421,2026-03-01,37,20610,17630,APAC,Logistics,Premium,65,23181,46800,Simulated
ACC_0421,BizCorp_0421,2026-04-01,37,20958,16326,APAC,Logistics,Premium,65,23181,46800,Simulated
ACC_0421,BizCorp_0421,2026-05-01,40,22522,17817,APAC,Logistics,Premium,65,23181,46800,Simulated
ACC_0421,BizCorp_0421,2026-06-01,38,15845,13598,APAC,Logistics,Premium,65,23181,46800,Simulated
ACC_0421,BizCorp_0421,2026-07-01,34,20275,16289,APAC,Logistics,Premium,65,23181,46800,Simulated
ACC_0421,BizCorp_0421,2026-08-01,40,16695,13884,APAC,Logistics,Premium,65,23181,46800,Simulated
ACC_0422,BizCorp_0422,2026-03-01,9,3849,3386,AMER,Healthcare,Standard,15,10420,14400,Simulated
ACC_0422,BizCorp_0422,2026-04-01,10,4647,3722,AMER,Healthcare,Standard,15,10420,14400,Simulated
ACC_0422,BizCorp_0422,2026-05-01,8,5071,3922,AMER,Healthcare,Standard,15,10420,14400,Simulated
ACC_0422,BizCorp_0422,2026-06-01,10,4629,3564,AMER,Healthcare,Standard,15,10420,14400,Simulated
ACC_0422,BizCorp_0422,2026-07-01,9,4444,3531,AMER,Healthcare,Standard,15,10420,14400,Simulated
ACC_0422,BizCorp_0422,2026-08-01,10,3665,3018,AMER,Healthcare,Standard,15,10420,14400,Simulated
ACC_0423,BizCorp_0423,2026-03-01,10,6098,5278,AMER,Manufacturing,Standard,16,11283,15360,Simulated
ACC_0423,BizCorp_0423,2026-04-01,10,6441,5025,AMER,Manufacturing,Standard,16,11283,15360,Simulated
ACC_0423,BizCorp_0423,2026-05-01,10,5362,4539,AMER,Manufacturing,Standard,16,11283,15360,Simulated
ACC_0423,BizCorp_0423,2026-06-01,8,5343,4746,AMER,Manufacturing,Standard,16,11283,15360,Simulated
ACC_0423,BizCorp_0423,2026-07-01,9,6496,5016,AMER,Manufacturing,Standard,16,11283,15360,Simulated
ACC_0423,BizCorp_0423,2026-08-01,9,4926,4464,AMER,Manufacturing,Standard,16,11283,15360,Simulated
ACC_0424,BizCorp_0424,2026-03-01,29,26875,22544,APAC,Retail,Premium,43,27958,30960,Simulated
ACC_0424,BizCorp_0424,2026-04-01,27,27128,22452,APAC,Retail,Premium,43,27958,30960,Simulated
ACC_0424,BizCorp_0424,2026-05-01,28,25949,22206,APAC,Retail,Premium,43,27958,30960,Simulated
ACC_0424,BizCorp_0424,2026-06-01,14,12703,10914,APAC,Retail,Premium,43,27958,30960,Simulated
ACC_0424,BizCorp_0424,2026-07-01,7,6900,5457,APAC,Retail,Premium,43,27958,30960,Simulated
ACC_0424,BizCorp_0424,2026-08-01,3,3083,2728,APAC,Retail,Premium,43,27958,30960,Simulated
ACC_0425,BizCorp_0425,2026-03-01,159,111254,100551,EMEA,Retail,Enterprise,463,477234,250020,Simulated
ACC_0425,BizCorp_0425,2026-04-01,165,151724,123728,EMEA,Retail,Enterprise,463,477234,250020,Simulated
ACC_0425,BizCorp_0425,2026-05-01,156,118108,103467,EMEA,Retail,Enterprise,463,477234,250020,Simulated
ACC_0425,BizCorp_0425,2026-06-01,185,168871,130204,EMEA,Retail,Enterprise,463,477234,250020,Simulated
ACC_0425,BizCorp_0425,2026-07-01,222,183406,156245,EMEA,Retail,Enterprise,463,477234,250020,Simulated
ACC_0425,BizCorp_0425,2026-08-01,266,217186,187494,EMEA,Retail,Enterprise,463,477234,250020,Simulated
ACC_0426,BizCorp_0426,2026-03-01,42,13929,11372,EMEA,Logistics,Premium,78,15432,56160,Simulated
ACC_0426,BizCorp_0426,2026-04-01,45,13542,10808,EMEA,Logistics,Premium,78,15432,56160,Simulated
ACC_0426,BizCorp_0426,2026-05-01,47,12951,10371,EMEA,Logistics,Premium,78,15432,56160,Simulated
ACC_0426,BizCorp_0426,2026-06-01,22,7197,5545,EMEA,Logistics,Premium,78,15432,56160,Simulated
ACC_0426,BizCorp_0426,2026-07-01,11,3257,2772,EMEA,Logistics,Premium,78,15432,56160,Simulated
ACC_0426,BizCorp_0426,2026-08-01,5,1673,1386,EMEA,Logistics,Premium,78,15432,56160,Simulated
ACC_0427,BizCorp_0427,2026-03-01,190,185546,142901,AMER,Healthcare,Enterprise,694,512492,374760,Simulated
ACC_0427,BizCorp_0427,2026-04-01,210,159635,141043,AMER,Healthcare,Enterprise,694,512492,374760,Simulated
ACC_0427,BizCorp_0427,2026-05-01,219,197182,167072,AMER,Healthcare,Enterprise,694,512492,374760,Simulated
ACC_0427,BizCorp_0427,2026-06-01,249,221346,187311,AMER,Healthcare,Enterprise,694,512492,374760,Simulated
ACC_0427,BizCorp_0427,2026-07-01,299,281025,224774,AMER,Healthcare,Enterprise,694,512492,374760,Simulated
ACC_0427,BizCorp_0427,2026-08-01,323,319259,269728,AMER,Healthcare,Enterprise,694,512492,374760,Simulated
ACC_0428,BizCorp_0428,2026-03-01,8,7027,5439,AMER,Manufacturing,Standard,9,4623,8640,Simulated
ACC_0428,BizCorp_0428,2026-04-01,9,5564,4610,AMER,Manufacturing,Standard,9,4623,8640,Simulated
ACC_0428,BizCorp_0428,2026-05-01,8,6475,5401,AMER,Manufacturing,Standard,9,4623,8640,Simulated
ACC_0428,BizCorp_0428,2026-06-01,4,2908,2438,AMER,Manufacturing,Standard,9,4623,8640,Simulated
ACC_0428,BizCorp_0428,2026-07-01,2,1542,1219,AMER,Manufacturing,Standard,9,4623,8640,Simulated
ACC_0428,BizCorp_0428,2026-08-01,1,724,609,AMER,Manufacturing,Standard,9,4623,8640,Simulated
ACC_0429,BizCorp_0429,2026-03-01,108,46562,37818,APAC,Financial Services,Enterprise,173,36702,93420,Simulated
ACC_0429,BizCorp_0429,2026-04-01,105,37489,30829,APAC,Financial Services,Enterprise,173,36702,93420,Simulated
ACC_0429,BizCorp_0429,2026-05-01,100,38903,34193,APAC,Financial Services,Enterprise,173,36702,93420,Simulated
ACC_0429,BizCorp_0429,2026-06-01,92,39287,32152,APAC,Financial Services,Enterprise,173,36702,93420,Simulated
ACC_0429,BizCorp_0429,2026-07-01,101,37201,30641,APAC,Financial Services,Enterprise,173,36702,93420,Simulated
ACC_0429,BizCorp_0429,2026-08-01,100,36701,30035,APAC,Financial Services,Enterprise,173,36702,93420,Simulated
ACC_0430,BizCorp_0430,2026-03-01,187,69351,55544,EMEA,Manufacturing,Enterprise,405,116745,218700,Simulated
ACC_0430,BizCorp_0430,2026-04-01,219,73187,60465,EMEA,Manufacturing,Enterprise,405,116745,218700,Simulated
ACC_0430,BizCorp_0430,2026-05-01,218,72315,63867,EMEA,Manufacturing,Enterprise,405,116745,218700,Simulated
ACC_0430,BizCorp_0430,2026-06-01,198,72970,64289,EMEA,Manufacturing,Enterprise,405,116745,218700,Simulated
ACC_0430,BizCorp_0430,2026-07-01,221,75810,65099,EMEA,Manufacturing,Enterprise,405,116745,218700,Simulated
ACC_0430,BizCorp_0430,2026-08-01,195,73771,64632,EMEA,Manufacturing,Enterprise,405,116745,218700,Simulated
ACC_0431,BizCorp_0431,2026-03-01,9,6567,5784,AMER,Retail,Standard,16,19953,15360,Simulated
ACC_0431,BizCorp_0431,2026-04-01,9,8238,6535,AMER,Retail,Standard,16,19953,15360,Simulated
ACC_0431,BizCorp_0431,2026-05-01,9,8932,6969,AMER,Retail,Standard,16,19953,15360,Simulated
ACC_0431,BizCorp_0431,2026-06-01,11,8643,7523,AMER,Retail,Standard,16,19953,15360,Simulated
ACC_0431,BizCorp_0431,2026-07-01,13,11234,9028,AMER,Retail,Standard,16,19953,15360,Simulated
ACC_0431,BizCorp_0431,2026-08-01,16,12068,10834,AMER,Retail,Standard,16,19953,15360,Simulated
ACC_0432,BizCorp_0432,2026-03-01,6,6673,5670,EMEA,Technology,Standard,8,6920,7680,Simulated
ACC_0432,BizCorp_0432,2026-04-01,6,8307,6507,EMEA,Technology,Standard,8,6920,7680,Simulated
ACC_0432,BizCorp_0432,2026-05-01,6,7440,6092,EMEA,Technology,Standard,8,6920,7680,Simulated
ACC_0432,BizCorp_0432,2026-06-01,6,7233,6090,EMEA,Technology,Standard,8,6920,7680,Simulated
ACC_0432,BizCorp_0432,2026-07-01,6,6268,4966,EMEA,Technology,Standard,8,6920,7680,Simulated
ACC_0432,BizCorp_0432,2026-08-01,6,6767,6108,EMEA,Technology,Standard,8,6920,7680,Simulated
ACC_0433,BizCorp_0433,2026-03-01,21,31999,28449,APAC,Technology,Premium,30,102375,21600,Simulated
ACC_0433,BizCorp_0433,2026-04-01,19,34156,27000,APAC,Technology,Premium,30,102375,21600,Simulated
ACC_0433,BizCorp_0433,2026-05-01,21,29122,25686,APAC,Technology,Premium,30,102375,21600,Simulated
ACC_0433,BizCorp_0433,2026-06-01,24,41255,34886,APAC,Technology,Premium,30,102375,21600,Simulated
ACC_0433,BizCorp_0433,2026-07-01,29,48895,41864,APAC,Technology,Premium,30,102375,21600,Simulated
ACC_0433,BizCorp_0433,2026-08-01,30,64433,50237,APAC,Technology,Premium,30,102375,21600,Simulated
ACC_0434,BizCorp_0434,2026-03-01,35,15358,12000,APAC,Manufacturing,Premium,59,27387,42480,Simulated
ACC_0434,BizCorp_0434,2026-04-01,34,14635,12704,APAC,Manufacturing,Premium,59,27387,42480,Simulated
ACC_0434,BizCorp_0434,2026-05-01,32,17012,13529,APAC,Manufacturing,Premium,59,27387,42480,Simulated
ACC_0434,BizCorp_0434,2026-06-01,41,20470,16510,APAC,Manufacturing,Premium,59,27387,42480,Simulated
ACC_0434,BizCorp_0434,2026-07-01,49,24044,19812,APAC,Manufacturing,Premium,59,27387,42480,Simulated
ACC_0434,BizCorp_0434,2026-08-01,59,28977,23774,APAC,Manufacturing,Premium,59,27387,42480,Simulated
ACC_0435,BizCorp_0435,2026-03-01,3,2538,2165,APAC,Healthcare,Standard,5,2683,4800,Simulated
ACC_0435,BizCorp_0435,2026-04-01,3,2889,2553,APAC,Healthcare,Standard,5,2683,4800,Simulated
ACC_0435,BizCorp_0435,2026-05-01,3,2656,2236,APAC,Healthcare,Standard,5,2683,4800,Simulated
ACC_0435,BizCorp_0435,2026-06-01,3,2994,2417,APAC,Healthcare,Standard,5,2683,4800,Simulated
ACC_0435,BizCorp_0435,2026-07-01,3,2485,2112,APAC,Healthcare,Standard,5,2683,4800,Simulated
ACC_0435,BizCorp_0435,2026-08-01,3,2208,1933,APAC,Healthcare,Standard,5,2683,4800,Simulated
ACC_0436,BizCorp_0436,2026-03-01,38,17660,13862,EMEA,Technology,Premium,72,29005,51840,Simulated
ACC_0436,BizCorp_0436,2026-04-01,40,17575,13731,EMEA,Technology,Premium,72,29005,51840,Simulated
ACC_0436,BizCorp_0436,2026-05-01,43,17558,14423,EMEA,Technology,Premium,72,29005,51840,Simulated
ACC_0436,BizCorp_0436,2026-06-01,19,8297,6913,EMEA,Technology,Premium,72,29005,51840,Simulated
ACC_0436,BizCorp_0436,2026-07-01,9,4163,3456,EMEA,Technology,Premium,72,29005,51840,Simulated
ACC_0436,BizCorp_0436,2026-08-01,4,2031,1728,EMEA,Technology,Premium,72,29005,51840,Simulated
ACC_0437,BizCorp_0437,2026-03-01,35,50181,42672,EMEA,Financial Services,Premium,90,65441,64800,Simulated
ACC_0437,BizCorp_0437,2026-04-01,36,42683,37279,EMEA,Financial Services,Premium,90,65441,64800,Simulated
ACC_0437,BizCorp_0437,2026-05-01,33,46886,38377,EMEA,Financial Services,Premium,90,65441,64800,Simulated
ACC_0437,BizCorp_0437,2026-06-01,42,64098,51454,EMEA,Financial Services,Premium,90,65441,64800,Simulated
ACC_0437,BizCorp_0437,2026-07-01,51,69396,61745,EMEA,Financial Services,Premium,90,65441,64800,Simulated
ACC_0437,BizCorp_0437,2026-08-01,54,84421,74094,EMEA,Financial Services,Premium,90,65441,64800,Simulated
ACC_0438,BizCorp_0438,2026-03-01,155,431457,339958,APAC,Logistics,Enterprise,316,899710,170640,Simulated
ACC_0438,BizCorp_0438,2026-04-01,152,355990,310726,APAC,Logistics,Enterprise,316,899710,170640,Simulated
ACC_0438,BizCorp_0438,2026-05-01,135,381862,323695,APAC,Logistics,Enterprise,316,899710,170640,Simulated
ACC_0438,BizCorp_0438,2026-06-01,173,414530,370193,APAC,Logistics,Enterprise,316,899710,170640,Simulated
ACC_0438,BizCorp_0438,2026-07-01,207,517931,444232,APAC,Logistics,Enterprise,316,899710,170640,Simulated
ACC_0438,BizCorp_0438,2026-08-01,247,593550,533078,APAC,Logistics,Enterprise,316,899710,170640,Simulated
ACC_0439,BizCorp_0439,2026-03-01,7,2130,1851,APAC,Financial Services,Standard,14,4178,13440,Simulated
ACC_0439,BizCorp_0439,2026-04-01,7,2603,2116,APAC,Financial Services,Standard,14,4178,13440,Simulated
ACC_0439,BizCorp_0439,2026-05-01,6,2520,2116,APAC,Financial Services,Standard,14,4178,13440,Simulated
ACC_0439,BizCorp_0439,2026-06-01,6,2503,2068,APAC,Financial Services,Standard,14,4178,13440,Simulated
ACC_0439,BizCorp_0439,2026-07-01,6,2299,1816,APAC,Financial Services,Standard,14,4178,13440,Simulated
ACC_0439,BizCorp_0439,2026-08-01,6,2704,2245,APAC,Financial Services,Standard,14,4178,13440,Simulated
ACC_0440,BizCorp_0440,2026-03-01,166,64560,57661,AMER,Healthcare,Enterprise,306,55344,165240,Simulated
ACC_0440,BizCorp_0440,2026-04-01,170,63199,50238,AMER,Healthcare,Enterprise,306,55344,165240,Simulated
ACC_0440,BizCorp_0440,2026-05-01,144,68543,57678,AMER,Healthcare,Enterprise,306,55344,165240,Simulated
ACC_0440,BizCorp_0440,2026-06-01,157,62217,51087,AMER,Healthcare,Enterprise,306,55344,165240,Simulated
ACC_0440,BizCorp_0440,2026-07-01,161,60134,54572,AMER,Healthcare,Enterprise,306,55344,165240,Simulated
ACC_0440,BizCorp_0440,2026-08-01,156,80996,65110,AMER,Healthcare,Enterprise,306,55344,165240,Simulated
ACC_0441,BizCorp_0441,2026-03-01,209,219786,184501,AMER,Technology,Enterprise,448,593848,241920,Simulated
ACC_0441,BizCorp_0441,2026-04-01,177,234293,192001,AMER,Technology,Enterprise,448,593848,241920,Simulated
ACC_0441,BizCorp_0441,2026-05-01,197,193517,161069,AMER,Technology,Enterprise,448,593848,241920,Simulated
ACC_0441,BizCorp_0441,2026-06-01,237,257472,214054,AMER,Technology,Enterprise,448,593848,241920,Simulated
ACC_0441,BizCorp_0441,2026-07-01,278,331429,256865,AMER,Technology,Enterprise,448,593848,241920,Simulated
ACC_0441,BizCorp_0441,2026-08-01,278,357534,308239,AMER,Technology,Enterprise,448,593848,241920,Simulated
ACC_0442,BizCorp_0442,2026-03-01,133,171130,152483,EMEA,Healthcare,Enterprise,254,519767,137160,Simulated
ACC_0442,BizCorp_0442,2026-04-01,140,146388,132923,EMEA,Healthcare,Enterprise,254,519767,137160,Simulated
ACC_0442,BizCorp_0442,2026-05-01,144,176699,147353,EMEA,Healthcare,Enterprise,254,519767,137160,Simulated
ACC_0442,BizCorp_0442,2026-06-01,124,195574,158412,EMEA,Healthcare,Enterprise,254,519767,137160,Simulated
ACC_0442,BizCorp_0442,2026-07-01,122,190334,162890,EMEA,Healthcare,Enterprise,254,519767,137160,Simulated
ACC_0442,BizCorp_0442,2026-08-01,138,183504,161150,EMEA,Healthcare,Enterprise,254,519767,137160,Simulated
ACC_0443,BizCorp_0443,2026-03-01,323,190932,158308,APAC,Manufacturing,Enterprise,592,352747,319680,Simulated
ACC_0443,BizCorp_0443,2026-04-01,297,192214,157307,APAC,Manufacturing,Enterprise,592,352747,319680,Simulated
ACC_0443,BizCorp_0443,2026-05-01,328,169696,150004,APAC,Manufacturing,Enterprise,592,352747,319680,Simulated
ACC_0443,BizCorp_0443,2026-06-01,340,230835,181693,APAC,Manufacturing,Enterprise,592,352747,319680,Simulated
ACC_0443,BizCorp_0443,2026-07-01,330,193870,150131,APAC,Manufacturing,Enterprise,592,352747,319680,Simulated
ACC_0443,BizCorp_0443,2026-08-01,354,220169,175050,APAC,Manufacturing,Enterprise,592,352747,319680,Simulated
ACC_0444,BizCorp_0444,2026-03-01,114,85646,72943,APAC,Technology,Enterprise,277,137116,149580,Simulated
ACC_0444,BizCorp_0444,2026-04-01,101,89623,70801,APAC,Technology,Enterprise,277,137116,149580,Simulated
ACC_0444,BizCorp_0444,2026-05-01,101,75759,62474,APAC,Technology,Enterprise,277,137116,149580,Simulated
ACC_0444,BizCorp_0444,2026-06-01,52,41516,33146,APAC,Technology,Enterprise,277,137116,149580,Simulated
ACC_0444,BizCorp_0444,2026-07-01,26,18249,16573,APAC,Technology,Enterprise,277,137116,149580,Simulated
ACC_0444,BizCorp_0444,2026-08-01,13,10672,8286,APAC,Technology,Enterprise,277,137116,149580,Simulated
ACC_0445,BizCorp_0445,2026-03-01,16,3431,2738,APAC,Healthcare,Standard,24,4274,23040,Simulated
ACC_0445,BizCorp_0445,2026-04-01,14,2903,2543,APAC,Healthcare,Standard,24,4274,23040,Simulated
ACC_0445,BizCorp_0445,2026-05-01,16,2641,2249,APAC,Healthcare,Standard,24,4274,23040,Simulated
ACC_0445,BizCorp_0445,2026-06-01,15,3036,2606,APAC,Healthcare,Standard,24,4274,23040,Simulated
ACC_0445,BizCorp_0445,2026-07-01,15,2491,2180,APAC,Healthcare,Standard,24,4274,23040,Simulated
ACC_0445,BizCorp_0445,2026-08-01,15,2974,2653,APAC,Healthcare,Standard,24,4274,23040,Simulated
ACC_0446,BizCorp_0446,2026-03-01,145,269634,208953,EMEA,Technology,Enterprise,242,606667,130680,Simulated
ACC_0446,BizCorp_0446,2026-04-01,146,259676,220436,EMEA,Technology,Enterprise,242,606667,130680,Simulated
ACC_0446,BizCorp_0446,2026-05-01,146,248253,215878,EMEA,Technology,Enterprise,242,606667,130680,Simulated
ACC_0446,BizCorp_0446,2026-06-01,147,231864,208537,EMEA,Technology,Enterprise,242,606667,130680,Simulated
ACC_0446,BizCorp_0446,2026-07-01,122,233898,193692,EMEA,Technology,Enterprise,242,606667,130680,Simulated
ACC_0446,BizCorp_0446,2026-08-01,132,227081,190127,EMEA,Technology,Enterprise,242,606667,130680,Simulated
ACC_0447,BizCorp_0447,2026-03-01,75,83026,73469,AMER,Manufacturing,Premium,106,130825,76320,Simulated
ACC_0447,BizCorp_0447,2026-04-01,73,83435,74656,AMER,Manufacturing,Premium,106,130825,76320,Simulated
ACC_0447,BizCorp_0447,2026-05-01,72,105000,83829,AMER,Manufacturing,Premium,106,130825,76320,Simulated
ACC_0447,BizCorp_0447,2026-06-01,73,95909,82803,AMER,Manufacturing,Premium,106,130825,76320,Simulated
ACC_0447,BizCorp_0447,2026-07-01,69,98816,88736,AMER,Manufacturing,Premium,106,130825,76320,Simulated
ACC_0447,BizCorp_0447,2026-08-01,81,101444,87242,AMER,Manufacturing,Premium,106,130825,76320,Simulated
ACC_0448,BizCorp_0448,2026-03-01,384,181398,151968,APAC,Retail,Enterprise,717,135545,387180,Simulated
ACC_0448,BizCorp_0448,2026-04-01,354,197024,159465,APAC,Retail,Enterprise,717,135545,387180,Simulated
ACC_0448,BizCorp_0448,2026-05-01,371,194370,155555,APAC,Retail,Enterprise,717,135545,387180,Simulated
ACC_0448,BizCorp_0448,2026-06-01,178,92719,83937,APAC,Retail,Enterprise,717,135545,387180,Simulated
ACC_0448,BizCorp_0448,2026-07-01,89,47165,41968,APAC,Retail,Enterprise,717,135545,387180,Simulated
ACC_0448,BizCorp_0448,2026-08-01,44,24806,20984,APAC,Retail,Enterprise,717,135545,387180,Simulated
ACC_0449,BizCorp_0449,2026-03-01,72,17326,13349,AMER,Healthcare,Premium,156,28702,112320,Simulated
ACC_0449,BizCorp_0449,2026-04-01,66,20370,15680,AMER,Healthcare,Premium,156,28702,112320,Simulated
ACC_0449,BizCorp_0449,2026-05-01,74,19926,17098,AMER,Healthcare,Premium,156,28702,112320,Simulated
ACC_0449,BizCorp_0449,2026-06-01,81,22286,18453,AMER,Healthcare,Premium,156,28702,112320,Simulated
ACC_0449,BizCorp_0449,2026-07-01,94,25609,22143,AMER,Healthcare,Premium,156,28702,112320,Simulated
ACC_0449,BizCorp_0449,2026-08-01,94,31002,26572,AMER,Healthcare,Premium,156,28702,112320,Simulated
ACC_0450,BizCorp_0450,2026-03-01,104,231147,191609,AMER,Technology,Enterprise,196,169123,105840,Simulated
ACC_0450,BizCorp_0450,2026-04-01,101,218025,195093,AMER,Technology,Enterprise,196,169123,105840,Simulated
ACC_0450,BizCorp_0450,2026-05-01,103,237078,182566,AMER,Technology,Enterprise,196,169123,105840,Simulated
ACC_0450,BizCorp_0450,2026-06-01,100,226437,190895,AMER,Technology,Enterprise,196,169123,105840,Simulated
ACC_0450,BizCorp_0450,2026-07-01,91,222234,174150,AMER,Technology,Enterprise,196,169123,105840,Simulated
ACC_0450,BizCorp_0450,2026-08-01,100,205877,184709,AMER,Technology,Enterprise,196,169123,105840,Simulated
ACC_0451,BizCorp_0451,2026-03-01,168,148536,116237,EMEA,Technology,Enterprise,168,196050,90720,Simulated
ACC_0451,BizCorp_0451,2026-04-01,157,117715,96115,EMEA,Technology,Enterprise,168,196050,90720,Simulated
ACC_0451,BizCorp_0451,2026-05-01,157,101712,87346,EMEA,Technology,Enterprise,168,196050,90720,Simulated
ACC_0451,BizCorp_0451,2026-06-01,80,57890,51226,EMEA,Technology,Enterprise,168,196050,90720,Simulated
ACC_0451,BizCorp_0451,2026-07-01,40,32557,25613,EMEA,Technology,Enterprise,168,196050,90720,Simulated
ACC_0451,BizCorp_0451,2026-08-01,20,15583,12806,EMEA,Technology,Enterprise,168,196050,90720,Simulated
ACC_0452,BizCorp_0452,2026-03-01,111,132625,103205,EMEA,Retail,Enterprise,202,191980,109080,Simulated
ACC_0452,BizCorp_0452,2026-04-01,128,121772,100194,EMEA,Retail,Enterprise,202,191980,109080,Simulated
ACC_0452,BizCorp_0452,2026-05-01,111,97807,84194,EMEA,Retail,Enterprise,202,191980,109080,Simulated
ACC_0452,BizCorp_0452,2026-06-01,59,52718,47063,EMEA,Retail,Enterprise,202,191980,109080,Simulated
ACC_0452,BizCorp_0452,2026-07-01,29,28394,23531,EMEA,Retail,Enterprise,202,191980,109080,Simulated
ACC_0452,BizCorp_0452,2026-08-01,14,15163,11765,EMEA,Retail,Enterprise,202,191980,109080,Simulated
ACC_0453,BizCorp_0453,2026-03-01,6,7675,6599,EMEA,Manufacturing,Standard,6,10438,5760,Simulated
ACC_0453,BizCorp_0453,2026-04-01,5,7372,6352,EMEA,Manufacturing,Standard,6,10438,5760,Simulated
ACC_0453,BizCorp_0453,2026-05-01,5,8344,6482,EMEA,Manufacturing,Standard,6,10438,5760,Simulated
ACC_0453,BizCorp_0453,2026-06-01,5,7506,6658,EMEA,Manufacturing,Standard,6,10438,5760,Simulated
ACC_0453,BizCorp_0453,2026-07-01,6,8657,6834,EMEA,Manufacturing,Standard,6,10438,5760,Simulated
ACC_0453,BizCorp_0453,2026-08-01,5,8545,6843,EMEA,Manufacturing,Standard,6,10438,5760,Simulated
ACC_0454,BizCorp_0454,2026-03-01,5,5279,4489,APAC,Healthcare,Standard,8,13462,7680,Simulated
ACC_0454,BizCorp_0454,2026-04-01,5,4905,4322,APAC,Healthcare,Standard,8,13462,7680,Simulated
ACC_0454,BizCorp_0454,2026-05-01,5,5908,5255,APAC,Healthcare,Standard,8,13462,7680,Simulated
ACC_0454,BizCorp_0454,2026-06-01,5,5226,4363,APAC,Healthcare,Standard,8,13462,7680,Simulated
ACC_0454,BizCorp_0454,2026-07-01,5,6157,5293,APAC,Healthcare,Standard,8,13462,7680,Simulated
ACC_0454,BizCorp_0454,2026-08-01,5,7106,5640,APAC,Healthcare,Standard,8,13462,7680,Simulated
ACC_0455,BizCorp_0455,2026-03-01,56,19545,16620,AMER,Technology,Premium,64,29448,46080,Simulated
ACC_0455,BizCorp_0455,2026-04-01,50,24790,22134,AMER,Technology,Premium,64,29448,46080,Simulated
ACC_0455,BizCorp_0455,2026-05-01,49,20406,18334,AMER,Technology,Premium,64,29448,46080,Simulated
ACC_0455,BizCorp_0455,2026-06-01,25,12532,9721,AMER,Technology,Premium,64,29448,46080,Simulated
ACC_0455,BizCorp_0455,2026-07-01,12,5979,4860,AMER,Technology,Premium,64,29448,46080,Simulated
ACC_0455,BizCorp_0455,2026-08-01,6,2784,2430,AMER,Technology,Premium,64,29448,46080,Simulated
ACC_0456,BizCorp_0456,2026-03-01,9,4861,3760,APAC,Financial Services,Standard,16,4185,15360,Simulated
ACC_0456,BizCorp_0456,2026-04-01,8,5461,4924,APAC,Financial Services,Standard,16,4185,15360,Simulated
ACC_0456,BizCorp_0456,2026-05-01,9,4377,3973,APAC,Financial Services,Standard,16,4185,15360,Simulated
ACC_0456,BizCorp_0456,2026-06-01,8,4685,3924,APAC,Financial Services,Standard,16,4185,15360,Simulated
ACC_0456,BizCorp_0456,2026-07-01,7,5168,4526,APAC,Financial Services,Standard,16,4185,15360,Simulated
ACC_0456,BizCorp_0456,2026-08-01,8,5048,4126,APAC,Financial Services,Standard,16,4185,15360,Simulated
ACC_0457,BizCorp_0457,2026-03-01,213,62260,49339,EMEA,Logistics,Enterprise,320,110132,172800,Simulated
ACC_0457,BizCorp_0457,2026-04-01,219,67938,52871,EMEA,Logistics,Enterprise,320,110132,172800,Simulated
ACC_0457,BizCorp_0457,2026-05-01,224,53997,47332,EMEA,Logistics,Enterprise,320,110132,172800,Simulated
ACC_0457,BizCorp_0457,2026-06-01,208,67225,53005,EMEA,Logistics,Enterprise,320,110132,172800,Simulated
ACC_0457,BizCorp_0457,2026-07-01,217,52282,47307,EMEA,Logistics,Enterprise,320,110132,172800,Simulated
ACC_0457,BizCorp_0457,2026-08-01,192,68103,54614,EMEA,Logistics,Enterprise,320,110132,172800,Simulated
ACC_0458,BizCorp_0458,2026-03-01,6,3083,2559,EMEA,Financial Services,Standard,10,4525,9600,Simulated
ACC_0458,BizCorp_0458,2026-04-01,6,2717,2124,EMEA,Financial Services,Standard,10,4525,9600,Simulated
ACC_0458,BizCorp_0458,2026-05-01,6,3199,2850,EMEA,Financial Services,Standard,10,4525,9600,Simulated
ACC_0458,BizCorp_0458,2026-06-01,6,3617,2846,EMEA,Financial Services,Standard,10,4525,9600,Simulated
ACC_0458,BizCorp_0458,2026-07-01,6,2701,2213,EMEA,Financial Services,Standard,10,4525,9600,Simulated
ACC_0458,BizCorp_0458,2026-08-01,7,2799,2345,EMEA,Financial Services,Standard,10,4525,9600,Simulated
ACC_0459,BizCorp_0459,2026-03-01,180,200341,161142,AMER,Logistics,Enterprise,328,308248,177120,Simulated
ACC_0459,BizCorp_0459,2026-04-01,184,212737,167458,AMER,Logistics,Enterprise,328,308248,177120,Simulated
ACC_0459,BizCorp_0459,2026-05-01,173,160684,142709,AMER,Logistics,Enterprise,328,308248,177120,Simulated
ACC_0459,BizCorp_0459,2026-06-01,92,100390,77915,AMER,Logistics,Enterprise,328,308248,177120,Simulated
ACC_0459,BizCorp_0459,2026-07-01,46,44610,38957,AMER,Logistics,Enterprise,328,308248,177120,Simulated
ACC_0459,BizCorp_0459,2026-08-01,23,21745,19478,AMER,Logistics,Enterprise,328,308248,177120,Simulated
ACC_0460,BizCorp_0460,2026-03-01,4,2522,2193,APAC,Manufacturing,Standard,9,3852,8640,Simulated
ACC_0460,BizCorp_0460,2026-04-01,5,2769,2230,APAC,Manufacturing,Standard,9,3852,8640,Simulated
ACC_0460,BizCorp_0460,2026-05-01,4,2931,2436,APAC,Manufacturing,Standard,9,3852,8640,Simulated
ACC_0460,BizCorp_0460,2026-06-01,5,2822,2205,APAC,Manufacturing,Standard,9,3852,8640,Simulated
ACC_0460,BizCorp_0460,2026-07-01,4,2576,2282,APAC,Manufacturing,Standard,9,3852,8640,Simulated
ACC_0460,BizCorp_0460,2026-08-01,5,3275,2621,APAC,Manufacturing,Standard,9,3852,8640,Simulated
ACC_0461,BizCorp_0461,2026-03-01,33,45489,37076,APAC,Technology,Premium,95,183914,68400,Simulated
ACC_0461,BizCorp_0461,2026-04-01,32,47157,39986,APAC,Technology,Premium,95,183914,68400,Simulated
ACC_0461,BizCorp_0461,2026-05-01,27,54865,43149,APAC,Technology,Premium,95,183914,68400,Simulated
ACC_0461,BizCorp_0461,2026-06-01,36,59242,52079,APAC,Technology,Premium,95,183914,68400,Simulated
ACC_0461,BizCorp_0461,2026-07-01,44,79612,62495,APAC,Technology,Premium,95,183914,68400,Simulated
ACC_0461,BizCorp_0461,2026-08-01,47,97055,74995,APAC,Technology,Premium,95,183914,68400,Simulated
ACC_0462,BizCorp_0462,2026-03-01,254,50937,45336,AMER,Logistics,Enterprise,813,172649,439020,Simulated
ACC_0462,BizCorp_0462,2026-04-01,237,62084,48323,AMER,Logistics,Enterprise,813,172649,439020,Simulated
ACC_0462,BizCorp_0462,2026-05-01,240,57537,49987,AMER,Logistics,Enterprise,813,172649,439020,Simulated
ACC_0462,BizCorp_0462,2026-06-01,298,67692,53665,AMER,Logistics,Enterprise,813,172649,439020,Simulated
ACC_0462,BizCorp_0462,2026-07-01,357,77114,64398,AMER,Logistics,Enterprise,813,172649,439020,Simulated
ACC_0462,BizCorp_0462,2026-08-01,428,93489,77278,AMER,Logistics,Enterprise,813,172649,439020,Simulated
ACC_0463,BizCorp_0463,2026-03-01,166,194435,165747,APAC,Technology,Enterprise,241,416167,130140,Simulated
ACC_0463,BizCorp_0463,2026-04-01,170,244564,217343,APAC,Technology,Enterprise,241,416167,130140,Simulated
ACC_0463,BizCorp_0463,2026-05-01,157,211328,188312,APAC,Technology,Enterprise,241,416167,130140,Simulated
ACC_0463,BizCorp_0463,2026-06-01,167,228237,179057,APAC,Technology,Enterprise,241,416167,130140,Simulated
ACC_0463,BizCorp_0463,2026-07-01,159,242635,187094,APAC,Technology,Enterprise,241,416167,130140,Simulated
ACC_0463,BizCorp_0463,2026-08-01,152,254296,211747,APAC,Technology,Enterprise,241,416167,130140,Simulated
ACC_0464,BizCorp_0464,2026-03-01,12,7126,5765,AMER,Manufacturing,Standard,20,24034,19200,Simulated
ACC_0464,BizCorp_0464,2026-04-01,13,7337,5875,AMER,Manufacturing,Standard,20,24034,19200,Simulated
ACC_0464,BizCorp_0464,2026-05-01,12,8489,7001,AMER,Manufacturing,Standard,20,24034,19200,Simulated
ACC_0464,BizCorp_0464,2026-06-01,14,9348,7751,AMER,Manufacturing,Standard,20,24034,19200,Simulated
ACC_0464,BizCorp_0464,2026-07-01,17,10318,9301,AMER,Manufacturing,Standard,20,24034,19200,Simulated
ACC_0464,BizCorp_0464,2026-08-01,17,13467,11161,AMER,Manufacturing,Standard,20,24034,19200,Simulated
ACC_0465,BizCorp_0465,2026-03-01,82,141807,114724,AMER,Retail,Premium,173,226128,124560,Simulated
ACC_0465,BizCorp_0465,2026-04-01,91,162134,141571,AMER,Retail,Premium,173,226128,124560,Simulated
ACC_0465,BizCorp_0465,2026-05-01,96,164422,136093,AMER,Retail,Premium,173,226128,124560,Simulated
ACC_0465,BizCorp_0465,2026-06-01,96,142435,124895,AMER,Retail,Premium,173,226128,124560,Simulated
ACC_0465,BizCorp_0465,2026-07-01,80,172064,145796,AMER,Retail,Premium,173,226128,124560,Simulated
ACC_0465,BizCorp_0465,2026-08-01,86,152344,128642,AMER,Retail,Premium,173,226128,124560,Simulated
ACC_0466,BizCorp_0466,2026-03-01,51,11564,10054,AMER,Financial Services,Premium,80,37408,57600,Simulated
ACC_0466,BizCorp_0466,2026-04-01,47,14334,11159,AMER,Financial Services,Premium,80,37408,57600,Simulated
ACC_0466,BizCorp_0466,2026-05-01,48,14962,13457,AMER,Financial Services,Premium,80,37408,57600,Simulated
ACC_0466,BizCorp_0466,2026-06-01,56,16777,14193,AMER,Financial Services,Premium,80,37408,57600,Simulated
ACC_0466,BizCorp_0466,2026-07-01,67,19225,17032,AMER,Financial Services,Premium,80,37408,57600,Simulated
ACC_0466,BizCorp_0466,2026-08-01,80,25843,20438,AMER,Financial Services,Premium,80,37408,57600,Simulated
ACC_0467,BizCorp_0467,2026-03-01,8,4395,3823,APAC,Healthcare,Standard,8,3969,7680,Simulated
ACC_0467,BizCorp_0467,2026-04-01,8,4405,3416,APAC,Healthcare,Standard,8,3969,7680,Simulated
ACC_0467,BizCorp_0467,2026-05-01,7,4496,3611,APAC,Healthcare,Standard,8,3969,7680,Simulated
ACC_0467,BizCorp_0467,2026-06-01,8,4466,3914,APAC,Healthcare,Standard,8,3969,7680,Simulated
ACC_0467,BizCorp_0467,2026-07-01,7,4045,3471,APAC,Healthcare,Standard,8,3969,7680,Simulated
ACC_0467,BizCorp_0467,2026-08-01,8,4510,3744,APAC,Healthcare,Standard,8,3969,7680,Simulated
ACC_0468,BizCorp_0468,2026-03-01,19,41072,33611,APAC,Logistics,Premium,51,53648,36720,Simulated
ACC_0468,BizCorp_0468,2026-04-01,16,46265,36987,APAC,Logistics,Premium,51,53648,36720,Simulated
ACC_0468,BizCorp_0468,2026-05-01,19,47644,36937,APAC,Logistics,Premium,51,53648,36720,Simulated
ACC_0468,BizCorp_0468,2026-06-01,21,44150,39840,APAC,Logistics,Premium,51,53648,36720,Simulated
ACC_0468,BizCorp_0468,2026-07-01,26,60601,47808,APAC,Logistics,Premium,51,53648,36720,Simulated
ACC_0468,BizCorp_0468,2026-08-01,31,66038,57370,APAC,Logistics,Premium,51,53648,36720,Simulated
ACC_0469,BizCorp_0469,2026-03-01,92,130489,108972,AMER,Retail,Enterprise,246,505555,132840,Simulated
ACC_0469,BizCorp_0469,2026-04-01,84,110516,98877,AMER,Retail,Enterprise,246,505555,132840,Simulated
ACC_0469,BizCorp_0469,2026-05-01,92,142257,111748,AMER,Retail,Enterprise,246,505555,132840,Simulated
ACC_0469,BizCorp_0469,2026-06-01,106,135316,117845,AMER,Retail,Enterprise,246,505555,132840,Simulated
ACC_0469,BizCorp_0469,2026-07-01,127,179594,141414,AMER,Retail,Enterprise,246,505555,132840,Simulated
ACC_0469,BizCorp_0469,2026-08-01,152,203449,169696,AMER,Retail,Enterprise,246,505555,132840,Simulated
ACC_0470,BizCorp_0470,2026-03-01,7,7982,6413,APAC,Technology,Standard,16,18045,15360,Simulated
ACC_0470,BizCorp_0470,2026-04-01,7,7634,6354,APAC,Technology,Standard,16,18045,15360,Simulated
ACC_0470,BizCorp_0470,2026-05-01,7,9799,7558,APAC,Technology,Standard,16,18045,15360,Simulated
ACC_0470,BizCorp_0470,2026-06-01,8,9199,8239,APAC,Technology,Standard,16,18045,15360,Simulated
ACC_0470,BizCorp_0470,2026-07-01,10,11074,9886,APAC,Technology,Standard,16,18045,15360,Simulated
ACC_0470,BizCorp_0470,2026-08-01,12,14962,11864,APAC,Technology,Standard,16,18045,15360,Simulated
ACC_0471,BizCorp_0471,2026-03-01,3,4577,3523,EMEA,Manufacturing,Standard,6,10830,5760,Simulated
ACC_0471,BizCorp_0471,2026-04-01,4,4611,3776,EMEA,Manufacturing,Standard,6,10830,5760,Simulated
ACC_0471,BizCorp_0471,2026-05-01,3,4982,3911,EMEA,Manufacturing,Standard,6,10830,5760,Simulated
ACC_0471,BizCorp_0471,2026-06-01,3,3666,3269,EMEA,Manufacturing,Standard,6,10830,5760,Simulated
ACC_0471,BizCorp_0471,2026-07-01,4,4425,3952,EMEA,Manufacturing,Standard,6,10830,5760,Simulated
ACC_0471,BizCorp_0471,2026-08-01,3,4958,4320,EMEA,Manufacturing,Standard,6,10830,5760,Simulated
ACC_0472,BizCorp_0472,2026-03-01,34,22195,18682,APAC,Technology,Premium,80,82922,57600,Simulated
ACC_0472,BizCorp_0472,2026-04-01,37,21975,19843,APAC,Technology,Premium,80,82922,57600,Simulated
ACC_0472,BizCorp_0472,2026-05-01,36,24391,19531,APAC,Technology,Premium,80,82922,57600,Simulated
ACC_0472,BizCorp_0472,2026-06-01,45,25472,21471,APAC,Technology,Premium,80,82922,57600,Simulated
ACC_0472,BizCorp_0472,2026-07-01,52,33022,25766,APAC,Technology,Premium,80,82922,57600,Simulated
ACC_0472,BizCorp_0472,2026-08-01,52,35346,30919,APAC,Technology,Premium,80,82922,57600,Simulated
ACC_0473,BizCorp_0473,2026-03-01,98,192128,152437,APAC,Technology,Enterprise,137,191075,73980,Simulated
ACC_0473,BizCorp_0473,2026-04-01,111,172080,149544,APAC,Technology,Enterprise,137,191075,73980,Simulated
ACC_0473,BizCorp_0473,2026-05-01,113,167046,129022,APAC,Technology,Enterprise,137,191075,73980,Simulated
ACC_0473,BizCorp_0473,2026-06-01,101,147751,133162,APAC,Technology,Enterprise,137,191075,73980,Simulated
ACC_0473,BizCorp_0473,2026-07-01,106,178993,155291,APAC,Technology,Enterprise,137,191075,73980,Simulated
ACC_0473,BizCorp_0473,2026-08-01,113,154956,123554,APAC,Technology,Enterprise,137,191075,73980,Simulated
ACC_0474,BizCorp_0474,2026-03-01,250,235180,195989,APAC,Technology,Enterprise,381,245896,205740,Simulated
ACC_0474,BizCorp_0474,2026-04-01,217,250841,207711,APAC,Technology,Enterprise,381,245896,205740,Simulated
ACC_0474,BizCorp_0474,2026-05-01,251,288218,247758,APAC,Technology,Enterprise,381,245896,205740,Simulated
ACC_0474,BizCorp_0474,2026-06-01,118,126203,108687,APAC,Technology,Enterprise,381,245896,205740,Simulated
ACC_0474,BizCorp_0474,2026-07-01,59,69713,54343,APAC,Technology,Enterprise,381,245896,205740,Simulated
ACC_0474,BizCorp_0474,2026-08-01,29,30379,27171,APAC,Technology,Enterprise,381,245896,205740,Simulated
ACC_0475,BizCorp_0475,2026-03-01,3,6349,5507,APAC,Financial Services,Standard,6,17361,5760,Simulated
ACC_0475,BizCorp_0475,2026-04-01,3,6875,5452,APAC,Financial Services,Standard,6,17361,5760,Simulated
ACC_0475,BizCorp_0475,2026-05-01,3,7937,6144,APAC,Financial Services,Standard,6,17361,5760,Simulated
ACC_0475,BizCorp_0475,2026-06-01,4,7976,6849,APAC,Financial Services,Standard,6,17361,5760,Simulated
ACC_0475,BizCorp_0475,2026-07-01,5,9224,8219,APAC,Financial Services,Standard,6,17361,5760,Simulated
ACC_0475,BizCorp_0475,2026-08-01,6,11997,9863,APAC,Financial Services,Standard,6,17361,5760,Simulated
ACC_0476,BizCorp_0476,2026-03-01,7,9050,7941,AMER,Manufacturing,Standard,7,12667,6720,Simulated
ACC_0476,BizCorp_0476,2026-04-01,7,9847,7721,AMER,Manufacturing,Standard,7,12667,6720,Simulated
ACC_0476,BizCorp_0476,2026-05-01,7,8662,6968,AMER,Manufacturing,Standard,7,12667,6720,Simulated
ACC_0476,BizCorp_0476,2026-06-01,3,4524,3750,AMER,Manufacturing,Standard,7,12667,6720,Simulated
ACC_0476,BizCorp_0476,2026-07-01,1,2211,1875,AMER,Manufacturing,Standard,7,12667,6720,Simulated
ACC_0476,BizCorp_0476,2026-08-01,1,1203,937,AMER,Manufacturing,Standard,7,12667,6720,Simulated
ACC_0477,BizCorp_0477,2026-03-01,11,10380,8490,AMER,Financial Services,Standard,11,12655,10560,Simulated
ACC_0477,BizCorp_0477,2026-04-01,11,8450,7381,AMER,Financial Services,Standard,11,12655,10560,Simulated
ACC_0477,BizCorp_0477,2026-05-01,11,8140,7198,AMER,Financial Services,Standard,11,12655,10560,Simulated
ACC_0477,BizCorp_0477,2026-06-01,11,7653,6685,AMER,Financial Services,Standard,11,12655,10560,Simulated
ACC_0477,BizCorp_0477,2026-07-01,10,9097,7135,AMER,Financial Services,Standard,11,12655,10560,Simulated
ACC_0477,BizCorp_0477,2026-08-01,10,9620,8521,AMER,Financial Services,Standard,11,12655,10560,Simulated
ACC_0478,BizCorp_0478,2026-03-01,173,100343,84828,AMER,Logistics,Enterprise,313,149554,169020,Simulated
ACC_0478,BizCorp_0478,2026-04-01,171,92933,78593,AMER,Logistics,Enterprise,313,149554,169020,Simulated
ACC_0478,BizCorp_0478,2026-05-01,181,96674,78889,AMER,Logistics,Enterprise,313,149554,169020,Simulated
ACC_0478,BizCorp_0478,2026-06-01,84,49205,38510,AMER,Logistics,Enterprise,313,149554,169020,Simulated
ACC_0478,BizCorp_0478,2026-07-01,42,24951,19255,AMER,Logistics,Enterprise,313,149554,169020,Simulated
ACC_0478,BizCorp_0478,2026-08-01,21,12027,9627,AMER,Logistics,Enterprise,313,149554,169020,Simulated
ACC_0479,BizCorp_0479,2026-03-01,12,4204,3266,EMEA,Manufacturing,Standard,15,7129,14400,Simulated
ACC_0479,BizCorp_0479,2026-04-01,12,3604,2791,EMEA,Manufacturing,Standard,15,7129,14400,Simulated
ACC_0479,BizCorp_0479,2026-05-01,12,4191,3231,EMEA,Manufacturing,Standard,15,7129,14400,Simulated
ACC_0479,BizCorp_0479,2026-06-01,6,1675,1458,EMEA,Manufacturing,Standard,15,7129,14400,Simulated
ACC_0479,BizCorp_0479,2026-07-01,3,880,729,EMEA,Manufacturing,Standard,15,7129,14400,Simulated
ACC_0479,BizCorp_0479,2026-08-01,1,409,364,EMEA,Manufacturing,Standard,15,7129,14400,Simulated
ACC_0480,BizCorp_0480,2026-03-01,47,16153,13810,APAC,Financial Services,Premium,114,35368,82080,Simulated
ACC_0480,BizCorp_0480,2026-04-01,46,21729,17188,APAC,Financial Services,Premium,114,35368,82080,Simulated
ACC_0480,BizCorp_0480,2026-05-01,41,17737,13996,APAC,Financial Services,Premium,114,35368,82080,Simulated
ACC_0480,BizCorp_0480,2026-06-01,53,21511,18046,APAC,Financial Services,Premium,114,35368,82080,Simulated
ACC_0480,BizCorp_0480,2026-07-01,63,25716,21655,APAC,Financial Services,Premium,114,35368,82080,Simulated
ACC_0480,BizCorp_0480,2026-08-01,72,31656,25986,APAC,Financial Services,Premium,114,35368,82080,Simulated
ACC_0481,BizCorp_0481,2026-03-01,8,4559,4102,AMER,Logistics,Standard,10,6954,9600,Simulated
ACC_0481,BizCorp_0481,2026-04-01,8,5054,4475,AMER,Logistics,Standard,10,6954,9600,Simulated
ACC_0481,BizCorp_0481,2026-05-01,8,4359,3505,AMER,Logistics,Standard,10,6954,9600,Simulated
ACC_0481,BizCorp_0481,2026-06-01,8,5694,4572,AMER,Logistics,Standard,10,6954,9600,Simulated
ACC_0481,BizCorp_0481,2026-07-01,8,4988,4020,AMER,Logistics,Standard,10,6954,9600,Simulated
ACC_0481,BizCorp_0481,2026-08-01,9,5279,4619,AMER,Logistics,Standard,10,6954,9600,Simulated
ACC_0482,BizCorp_0482,2026-03-01,8,8893,7060,APAC,Retail,Standard,16,27745,15360,Simulated
ACC_0482,BizCorp_0482,2026-04-01,8,9351,7462,APAC,Retail,Standard,16,27745,15360,Simulated
ACC_0482,BizCorp_0482,2026-05-01,9,10022,7876,APAC,Retail,Standard,16,27745,15360,Simulated
ACC_0482,BizCorp_0482,2026-06-01,10,11920,9211,APAC,Retail,Standard,16,27745,15360,Simulated
ACC_0482,BizCorp_0482,2026-07-01,12,12276,11054,APAC,Retail,Standard,16,27745,15360,Simulated
ACC_0482,BizCorp_0482,2026-08-01,15,16593,13265,APAC,Retail,Standard,16,27745,15360,Simulated
ACC_0483,BizCorp_0483,2026-03-01,64,23394,20662,APAC,Technology,Premium,97,58933,69840,Simulated
ACC_0483,BizCorp_0483,2026-04-01,66,30445,24264,APAC,Technology,Premium,97,58933,69840,Simulated
ACC_0483,BizCorp_0483,2026-05-01,77,25820,23348,APAC,Technology,Premium,97,58933,69840,Simulated
ACC_0483,BizCorp_0483,2026-06-01,77,26436,22666,APAC,Technology,Premium,97,58933,69840,Simulated
ACC_0483,BizCorp_0483,2026-07-01,65,25544,20597,APAC,Technology,Premium,97,58933,69840,Simulated
ACC_0483,BizCorp_0483,2026-08-01,73,27232,23152,APAC,Technology,Premium,97,58933,69840,Simulated
ACC_0484,BizCorp_0484,2026-03-01,3,5946,4790,AMER,Logistics,Standard,11,7356,10560,Simulated
ACC_0484,BizCorp_0484,2026-04-01,3,5693,5008,AMER,Logistics,Standard,11,7356,10560,Simulated
ACC_0484,BizCorp_0484,2026-05-01,3,5962,4597,AMER,Logistics,Standard,11,7356,10560,Simulated
ACC_0484,BizCorp_0484,2026-06-01,4,7371,6010,AMER,Logistics,Standard,11,7356,10560,Simulated
ACC_0484,BizCorp_0484,2026-07-01,5,8423,7212,AMER,Logistics,Standard,11,7356,10560,Simulated
ACC_0484,BizCorp_0484,2026-08-01,6,10820,8654,AMER,Logistics,Standard,11,7356,10560,Simulated
ACC_0485,BizCorp_0485,2026-03-01,128,274147,233391,EMEA,Manufacturing,Enterprise,199,532274,107460,Simulated
ACC_0485,BizCorp_0485,2026-04-01,109,369429,306371,EMEA,Manufacturing,Enterprise,199,532274,107460,Simulated
ACC_0485,BizCorp_0485,2026-05-01,105,287066,259664,EMEA,Manufacturing,Enterprise,199,532274,107460,Simulated
ACC_0485,BizCorp_0485,2026-06-01,58,172274,134481,EMEA,Manufacturing,Enterprise,199,532274,107460,Simulated
ACC_0485,BizCorp_0485,2026-07-01,29,81540,67240,EMEA,Manufacturing,Enterprise,199,532274,107460,Simulated
ACC_0485,BizCorp_0485,2026-08-01,14,42760,33620,EMEA,Manufacturing,Enterprise,199,532274,107460,Simulated
ACC_0486,BizCorp_0486,2026-03-01,160,182194,155848,APAC,Logistics,Enterprise,184,164578,99360,Simulated
ACC_0486,BizCorp_0486,2026-04-01,184,233377,191302,APAC,Logistics,Enterprise,184,164578,99360,Simulated
ACC_0486,BizCorp_0486,2026-05-01,174,236115,190220,APAC,Logistics,Enterprise,184,164578,99360,Simulated
ACC_0486,BizCorp_0486,2026-06-01,184,173713,153760,APAC,Logistics,Enterprise,184,164578,99360,Simulated
ACC_0486,BizCorp_0486,2026-07-01,182,162003,146245,APAC,Logistics,Enterprise,184,164578,99360,Simulated
ACC_0486,BizCorp_0486,2026-08-01,172,249411,193621,APAC,Logistics,Enterprise,184,164578,99360,Simulated
ACC_0487,BizCorp_0487,2026-03-01,4,2893,2553,EMEA,Technology,Standard,9,3898,8640,Simulated
ACC_0487,BizCorp_0487,2026-04-01,4,2552,2257,EMEA,Technology,Standard,9,3898,8640,Simulated
ACC_0487,BizCorp_0487,2026-05-01,4,2815,2364,EMEA,Technology,Standard,9,3898,8640,Simulated
ACC_0487,BizCorp_0487,2026-06-01,2,1529,1242,EMEA,Technology,Standard,9,3898,8640,Simulated
ACC_0487,BizCorp_0487,2026-07-01,1,786,621,EMEA,Technology,Standard,9,3898,8640,Simulated
ACC_0487,BizCorp_0487,2026-08-01,1,389,310,EMEA,Technology,Standard,9,3898,8640,Simulated
ACC_0488,BizCorp_0488,2026-03-01,55,18785,14539,EMEA,Technology,Premium,62,29303,44640,Simulated
ACC_0488,BizCorp_0488,2026-04-01,57,19649,17729,EMEA,Technology,Premium,62,29303,44640,Simulated
ACC_0488,BizCorp_0488,2026-05-01,52,22306,18650,EMEA,Technology,Premium,62,29303,44640,Simulated
ACC_0488,BizCorp_0488,2026-06-01,62,21356,17073,EMEA,Technology,Premium,62,29303,44640,Simulated
ACC_0488,BizCorp_0488,2026-07-01,59,20118,17992,EMEA,Technology,Premium,62,29303,44640,Simulated
ACC_0488,BizCorp_0488,2026-08-01,59,22196,18305,EMEA,Technology,Premium,62,29303,44640,Simulated
ACC_0489,BizCorp_0489,2026-03-01,115,169086,134977,EMEA,Technology,Enterprise,333,617824,179820,Simulated
ACC_0489,BizCorp_0489,2026-04-01,115,185741,157295,EMEA,Technology,Enterprise,333,617824,179820,Simulated
ACC_0489,BizCorp_0489,2026-05-01,117,181075,151117,EMEA,Technology,Enterprise,333,617824,179820,Simulated
ACC_0489,BizCorp_0489,2026-06-01,145,211741,181861,EMEA,Technology,Enterprise,333,617824,179820,Simulated
ACC_0489,BizCorp_0489,2026-07-01,172,261185,218233,EMEA,Technology,Enterprise,333,617824,179820,Simulated
ACC_0489,BizCorp_0489,2026-08-01,172,308432,261880,EMEA,Technology,Enterprise,333,617824,179820,Simulated
ACC_0490,BizCorp_0490,2026-03-01,14,7693,6382,AMER,Logistics,Standard,30,20873,28800,Simulated
ACC_0490,BizCorp_0490,2026-04-01,12,7932,6830,AMER,Logistics,Standard,30,20873,28800,Simulated
ACC_0490,BizCorp_0490,2026-05-01,13,8152,6746,AMER,Logistics,Standard,30,20873,28800,Simulated
ACC_0490,BizCorp_0490,2026-06-01,16,8877,7228,AMER,Logistics,Standard,30,20873,28800,Simulated
ACC_0490,BizCorp_0490,2026-07-01,17,10822,8673,AMER,Logistics,Standard,30,20873,28800,Simulated
ACC_0490,BizCorp_0490,2026-08-01,17,12560,10408,AMER,Logistics,Standard,30,20873,28800,Simulated
ACC_0491,BizCorp_0491,2026-03-01,275,220123,174045,APAC,Retail,Enterprise,314,488164,169560,Simulated
ACC_0491,BizCorp_0491,2026-04-01,294,202696,168678,APAC,Retail,Enterprise,314,488164,169560,Simulated
ACC_0491,BizCorp_0491,2026-05-01,303,213307,172547,APAC,Retail,Enterprise,314,488164,169560,Simulated
ACC_0491,BizCorp_0491,2026-06-01,258,187480,157355,APAC,Retail,Enterprise,314,488164,169560,Simulated
ACC_0491,BizCorp_0491,2026-07-01,266,183595,157720,APAC,Retail,Enterprise,314,488164,169560,Simulated
ACC_0491,BizCorp_0491,2026-08-01,296,208667,171852,APAC,Retail,Enterprise,314,488164,169560,Simulated
ACC_0492,BizCorp_0492,2026-03-01,114,161861,139766,AMER,Technology,Enterprise,114,211469,61560,Simulated
ACC_0492,BizCorp_0492,2026-04-01,114,212354,165508,AMER,Technology,Enterprise,114,211469,61560,Simulated
ACC_0492,BizCorp_0492,2026-05-01,102,168032,142644,AMER,Technology,Enterprise,114,211469,61560,Simulated
ACC_0492,BizCorp_0492,2026-06-01,100,209794,177733,AMER,Technology,Enterprise,114,211469,61560,Simulated
ACC_0492,BizCorp_0492,2026-07-01,98,199111,162626,AMER,Technology,Enterprise,114,211469,61560,Simulated
ACC_0492,BizCorp_0492,2026-08-01,101,219961,177951,AMER,Technology,Enterprise,114,211469,61560,Simulated
ACC_0493,BizCorp_0493,2026-03-01,17,35545,28711,EMEA,Retail,Standard,34,61757,32640,Simulated
ACC_0493,BizCorp_0493,2026-04-01,16,34685,30015,EMEA,Retail,Standard,34,61757,32640,Simulated
ACC_0493,BizCorp_0493,2026-05-01,18,40409,33741,EMEA,Retail,Standard,34,61757,32640,Simulated
ACC_0493,BizCorp_0493,2026-06-01,8,18795,15406,EMEA,Retail,Standard,34,61757,32640,Simulated
ACC_0493,BizCorp_0493,2026-07-01,4,9438,7703,EMEA,Retail,Standard,34,61757,32640,Simulated
ACC_0493,BizCorp_0493,2026-08-01,2,4540,3851,EMEA,Retail,Standard,34,61757,32640,Simulated
ACC_0494,BizCorp_0494,2026-03-01,186,247754,218906,AMER,Retail,Enterprise,497,363592,268380,Simulated
ACC_0494,BizCorp_0494,2026-04-01,216,260010,215350,AMER,Retail,Enterprise,497,363592,268380,Simulated
ACC_0494,BizCorp_0494,2026-05-01,190,342613,265373,AMER,Retail,Enterprise,497,363592,268380,Simulated
ACC_0494,BizCorp_0494,2026-06-01,245,369237,297052,AMER,Retail,Enterprise,497,363592,268380,Simulated
ACC_0494,BizCorp_0494,2026-07-01,294,441659,356463,AMER,Retail,Enterprise,497,363592,268380,Simulated
ACC_0494,BizCorp_0494,2026-08-01,353,494896,427755,AMER,Retail,Enterprise,497,363592,268380,Simulated
ACC_0495,BizCorp_0495,2026-03-01,25,37243,29451,APAC,Healthcare,Premium,49,32077,35280,Simulated
ACC_0495,BizCorp_0495,2026-04-01,29,45698,37738,APAC,Healthcare,Premium,49,32077,35280,Simulated
ACC_0495,BizCorp_0495,2026-05-01,27,38360,29528,APAC,Healthcare,Premium,49,32077,35280,Simulated
ACC_0495,BizCorp_0495,2026-06-01,13,19844,16623,APAC,Healthcare,Premium,49,32077,35280,Simulated
ACC_0495,BizCorp_0495,2026-07-01,6,9323,8311,APAC,Healthcare,Premium,49,32077,35280,Simulated
ACC_0495,BizCorp_0495,2026-08-01,3,4760,4155,APAC,Healthcare,Premium,49,32077,35280,Simulated
ACC_0496,BizCorp_0496,2026-03-01,3,9938,8126,AMER,Technology,Standard,6,14358,5760,Simulated
ACC_0496,BizCorp_0496,2026-04-01,2,9589,7864,AMER,Technology,Standard,6,14358,5760,Simulated
ACC_0496,BizCorp_0496,2026-05-01,2,12475,9954,AMER,Technology,Standard,6,14358,5760,Simulated
ACC_0496,BizCorp_0496,2026-06-01,3,12026,10570,AMER,Technology,Standard,6,14358,5760,Simulated
ACC_0496,BizCorp_0496,2026-07-01,4,14487,12685,AMER,Technology,Standard,6,14358,5760,Simulated
ACC_0496,BizCorp_0496,2026-08-01,4,17712,15222,AMER,Technology,Standard,6,14358,5760,Simulated
ACC_0497,BizCorp_0497,2026-03-01,359,275101,235125,APAC,Logistics,Enterprise,650,504347,351000,Simulated
ACC_0497,BizCorp_0497,2026-04-01,309,256551,217737,APAC,Logistics,Enterprise,650,504347,351000,Simulated
ACC_0497,BizCorp_0497,2026-05-01,306,217734,195676,APAC,Logistics,Enterprise,650,504347,351000,Simulated
ACC_0497,BizCorp_0497,2026-06-01,308,233478,189573,APAC,Logistics,Enterprise,650,504347,351000,Simulated
ACC_0497,BizCorp_0497,2026-07-01,325,258378,231963,APAC,Logistics,Enterprise,650,504347,351000,Simulated
ACC_0497,BizCorp_0497,2026-08-01,312,254993,210500,APAC,Logistics,Enterprise,650,504347,351000,Simulated
ACC_0498,BizCorp_0498,2026-03-01,6,2464,2048,AMER,Technology,Standard,11,3178,10560,Simulated
ACC_0498,BizCorp_0498,2026-04-01,6,3125,2511,AMER,Technology,Standard,11,3178,10560,Simulated
ACC_0498,BizCorp_0498,2026-05-01,7,2597,2029,AMER,Technology,Standard,11,3178,10560,Simulated
ACC_0498,BizCorp_0498,2026-06-01,7,2207,2006,AMER,Technology,Standard,11,3178,10560,Simulated
ACC_0498,BizCorp_0498,2026-07-01,6,2761,2276,AMER,Technology,Standard,11,3178,10560,Simulated
ACC_0498,BizCorp_0498,2026-08-01,7,2812,2541,AMER,Technology,Standard,11,3178,10560,Simulated
ACC_0499,BizCorp_0499,2026-03-01,4,4018,3414,EMEA,Financial Services,Standard,5,3689,4800,Simulated
ACC_0499,BizCorp_0499,2026-04-01,4,4139,3229,EMEA,Financial Services,Standard,5,3689,4800,Simulated
ACC_0499,BizCorp_0499,2026-05-01,4,3832,3333,EMEA,Financial Services,Standard,5,3689,4800,Simulated
ACC_0499,BizCorp_0499,2026-06-01,4,4161,3480,EMEA,Financial Services,Standard,5,3689,4800,Simulated
ACC_0499,BizCorp_0499,2026-07-01,4,4206,3297,EMEA,Financial Services,Standard,5,3689,4800,Simulated
ACC_0499,BizCorp_0499,2026-08-01,4,3899,3129,EMEA,Financial Services,Standard,5,3689,4800,Simulated
ACC_0500,BizCorp_0500,2026-03-01,31,33174,26306,AMER,Logistics,Premium,40,90980,28800,Simulated
ACC_0500,BizCorp_0500,2026-04-01,29,37701,30352,AMER,Logistics,Premium,40,90980,28800,Simulated
ACC_0500,BizCorp_0500,2026-05-01,32,33294,28205,AMER,Logistics,Premium,40,90980,28800,Simulated
ACC_0500,BizCorp_0500,2026-06-01,38,46745,36865,AMER,Logistics,Premium,40,90980,28800,Simulated
ACC_0500,BizCorp_0500,2026-07-01,40,51785,44239,AMER,Logistics,Premium,40,90980,28800,Simulated
ACC_0500,BizCorp_0500,2026-08-01,40,68394,53086,AMER,Logistics,Premium,40,90980,28800,Simulated
ACC_0501,BizCorp_0501,2026-03-01,63,46430,38929,EMEA,Technology,Premium,128,53340,92160,Simulated
ACC_0501,BizCorp_0501,2026-04-01,61,40533,35978,EMEA,Technology,Premium,128,53340,92160,Simulated
ACC_0501,BizCorp_0501,2026-05-01,64,39344,31665,EMEA,Technology,Premium,128,53340,92160,Simulated
ACC_0501,BizCorp_0501,2026-06-01,76,49922,41133,EMEA,Technology,Premium,128,53340,92160,Simulated
ACC_0501,BizCorp_0501,2026-07-01,85,63654,49360,EMEA,Technology,Premium,128,53340,92160,Simulated
ACC_0501,BizCorp_0501,2026-08-01,85,73794,59232,EMEA,Technology,Premium,128,53340,92160,Simulated
ACC_0502,BizCorp_0502,2026-03-01,378,82313,66987,AMER,Financial Services,Enterprise,723,56939,390420,Simulated
ACC_0502,BizCorp_0502,2026-04-01,338,68954,61472,AMER,Financial Services,Enterprise,723,56939,390420,Simulated
ACC_0502,BizCorp_0502,2026-05-01,370,82019,64757,AMER,Financial Services,Enterprise,723,56939,390420,Simulated
ACC_0502,BizCorp_0502,2026-06-01,179,43221,34442,AMER,Financial Services,Enterprise,723,56939,390420,Simulated
ACC_0502,BizCorp_0502,2026-07-01,89,21090,17221,AMER,Financial Services,Enterprise,723,56939,390420,Simulated
ACC_0502,BizCorp_0502,2026-08-01,44,9558,8610,AMER,Financial Services,Enterprise,723,56939,390420,Simulated
ACC_0503,BizCorp_0503,2026-03-01,114,346882,292393,AMER,Logistics,Enterprise,173,585550,93420,Simulated
ACC_0503,BizCorp_0503,2026-04-01,120,252874,221569,AMER,Logistics,Enterprise,173,585550,93420,Simulated
ACC_0503,BizCorp_0503,2026-05-01,112,302247,233085,AMER,Logistics,Enterprise,173,585550,93420,Simulated
ACC_0503,BizCorp_0503,2026-06-01,114,343140,279374,AMER,Logistics,Enterprise,173,585550,93420,Simulated
ACC_0503,BizCorp_0503,2026-07-01,112,318499,281824,AMER,Logistics,Enterprise,173,585550,93420,Simulated
ACC_0503,BizCorp_0503,2026-08-01,106,297916,238774,AMER,Logistics,Enterprise,173,585550,93420,Simulated
ACC_0504,BizCorp_0504,2026-03-01,47,41077,32213,AMER,Logistics,Premium,80,44194,57600,Simulated
ACC_0504,BizCorp_0504,2026-04-01,47,36507,32679,AMER,Logistics,Premium,80,44194,57600,Simulated
ACC_0504,BizCorp_0504,2026-05-01,41,37045,33358,AMER,Logistics,Premium,80,44194,57600,Simulated
ACC_0504,BizCorp_0504,2026-06-01,55,45873,36106,AMER,Logistics,Premium,80,44194,57600,Simulated
ACC_0504,BizCorp_0504,2026-07-01,66,50375,43328,AMER,Logistics,Premium,80,44194,57600,Simulated
ACC_0504,BizCorp_0504,2026-08-01,80,66569,51993,AMER,Logistics,Premium,80,44194,57600,Simulated
ACC_0505,BizCorp_0505,2026-03-01,59,30879,25215,AMER,Healthcare,Premium,86,30475,61920,Simulated
ACC_0505,BizCorp_0505,2026-04-01,59,38662,32508,AMER,Healthcare,Premium,86,30475,61920,Simulated
ACC_0505,BizCorp_0505,2026-05-01,60,30368,26165,AMER,Healthcare,Premium,86,30475,61920,Simulated
ACC_0505,BizCorp_0505,2026-06-01,65,33218,26031,AMER,Healthcare,Premium,86,30475,61920,Simulated
ACC_0505,BizCorp_0505,2026-07-01,57,32911,25671,AMER,Healthcare,Premium,86,30475,61920,Simulated
ACC_0505,BizCorp_0505,2026-08-01,60,36191,29526,AMER,Healthcare,Premium,86,30475,61920,Simulated
ACC_0506,BizCorp_0506,2026-03-01,367,374600,331702,EMEA,Retail,Enterprise,444,649461,239760,Simulated
ACC_0506,BizCorp_0506,2026-04-01,331,383681,340409,EMEA,Retail,Enterprise,444,649461,239760,Simulated
ACC_0506,BizCorp_0506,2026-05-01,327,345578,304718,EMEA,Retail,Enterprise,444,649461,239760,Simulated
ACC_0506,BizCorp_0506,2026-06-01,167,174517,158079,EMEA,Retail,Enterprise,444,649461,239760,Simulated
ACC_0506,BizCorp_0506,2026-07-01,83,97820,79039,EMEA,Retail,Enterprise,444,649461,239760,Simulated
ACC_0506,BizCorp_0506,2026-08-01,41,49935,39519,EMEA,Retail,Enterprise,444,649461,239760,Simulated
ACC_0507,BizCorp_0507,2026-03-01,161,230237,178573,APAC,Manufacturing,Enterprise,377,694380,203580,Simulated
ACC_0507,BizCorp_0507,2026-04-01,151,226550,174597,APAC,Manufacturing,Enterprise,377,694380,203580,Simulated
ACC_0507,BizCorp_0507,2026-05-01,161,153556,136254,APAC,Manufacturing,Enterprise,377,694380,203580,Simulated
ACC_0507,BizCorp_0507,2026-06-01,179,217842,187792,APAC,Manufacturing,Enterprise,377,694380,203580,Simulated
ACC_0507,BizCorp_0507,2026-07-01,215,265626,225351,APAC,Manufacturing,Enterprise,377,694380,203580,Simulated
ACC_0507,BizCorp_0507,2026-08-01,236,305547,270421,APAC,Manufacturing,Enterprise,377,694380,203580,Simulated
ACC_0508,BizCorp_0508,2026-03-01,10,7673,6872,APAC,Manufacturing,Standard,22,16462,21120,Simulated
ACC_0508,BizCorp_0508,2026-04-01,10,7282,6601,APAC,Manufacturing,Standard,22,16462,21120,Simulated
ACC_0508,BizCorp_0508,2026-05-01,10,6697,5907,APAC,Manufacturing,Standard,22,16462,21120,Simulated
ACC_0508,BizCorp_0508,2026-06-01,10,6354,5497,APAC,Manufacturing,Standard,22,16462,21120,Simulated
ACC_0508,BizCorp_0508,2026-07-01,10,8160,6812,APAC,Manufacturing,Standard,22,16462,21120,Simulated
ACC_0508,BizCorp_0508,2026-08-01,11,6017,5243,APAC,Manufacturing,Standard,22,16462,21120,Simulated
ACC_0509,BizCorp_0509,2026-03-01,27,55966,43084,AMER,Healthcare,Premium,60,101733,43200,Simulated
ACC_0509,BizCorp_0509,2026-04-01,29,56516,48446,AMER,Healthcare,Premium,60,101733,43200,Simulated
ACC_0509,BizCorp_0509,2026-05-01,26,66058,51395,AMER,Healthcare,Premium,60,101733,43200,Simulated
ACC_0509,BizCorp_0509,2026-06-01,14,25478,23117,AMER,Healthcare,Premium,60,101733,43200,Simulated
ACC_0509,BizCorp_0509,2026-07-01,7,14039,11558,AMER,Healthcare,Premium,60,101733,43200,Simulated
ACC_0509,BizCorp_0509,2026-08-01,3,6706,5779,AMER,Healthcare,Premium,60,101733,43200,Simulated
ACC_0510,BizCorp_0510,2026-03-01,242,156827,126538,EMEA,Technology,Enterprise,392,243979,211680,Simulated
ACC_0510,BizCorp_0510,2026-04-01,258,166815,131276,EMEA,Technology,Enterprise,392,243979,211680,Simulated
ACC_0510,BizCorp_0510,2026-05-01,282,136684,116982,EMEA,Technology,Enterprise,392,243979,211680,Simulated
ACC_0510,BizCorp_0510,2026-06-01,291,155235,128243,EMEA,Technology,Enterprise,392,243979,211680,Simulated
ACC_0510,BizCorp_0510,2026-07-01,266,143543,111910,EMEA,Technology,Enterprise,392,243979,211680,Simulated
ACC_0510,BizCorp_0510,2026-08-01,289,129914,105344,EMEA,Technology,Enterprise,392,243979,211680,Simulated
ACC_0511,BizCorp_0511,2026-03-01,316,178295,142362,AMER,Logistics,Enterprise,543,195838,293220,Simulated
ACC_0511,BizCorp_0511,2026-04-01,331,161046,144697,AMER,Logistics,Enterprise,543,195838,293220,Simulated
ACC_0511,BizCorp_0511,2026-05-01,354,164909,147573,AMER,Logistics,Enterprise,543,195838,293220,Simulated
ACC_0511,BizCorp_0511,2026-06-01,174,89327,80108,AMER,Logistics,Enterprise,543,195838,293220,Simulated
ACC_0511,BizCorp_0511,2026-07-01,87,49852,40054,AMER,Logistics,Enterprise,543,195838,293220,Simulated
ACC_0511,BizCorp_0511,2026-08-01,43,24979,20027,AMER,Logistics,Enterprise,543,195838,293220,Simulated
ACC_0512,BizCorp_0512,2026-03-01,311,278346,218436,APAC,Logistics,Enterprise,331,439594,178740,Simulated
ACC_0512,BizCorp_0512,2026-04-01,331,294253,234050,APAC,Logistics,Enterprise,331,439594,178740,Simulated
ACC_0512,BizCorp_0512,2026-05-01,308,231542,186603,APAC,Logistics,Enterprise,331,439594,178740,Simulated
ACC_0512,BizCorp_0512,2026-06-01,167,119958,105236,APAC,Logistics,Enterprise,331,439594,178740,Simulated
ACC_0512,BizCorp_0512,2026-07-01,83,65731,52618,APAC,Logistics,Enterprise,331,439594,178740,Simulated
ACC_0512,BizCorp_0512,2026-08-01,41,29366,26309,APAC,Logistics,Enterprise,331,439594,178740,Simulated
ACC_0513,BizCorp_0513,2026-03-01,26,15842,13872,AMER,Financial Services,Premium,43,30497,30960,Simulated
ACC_0513,BizCorp_0513,2026-04-01,27,15551,12694,AMER,Financial Services,Premium,43,30497,30960,Simulated
ACC_0513,BizCorp_0513,2026-05-01,25,17869,14392,AMER,Financial Services,Premium,43,30497,30960,Simulated
ACC_0513,BizCorp_0513,2026-06-01,26,16657,13953,AMER,Financial Services,Premium,43,30497,30960,Simulated
ACC_0513,BizCorp_0513,2026-07-01,28,17176,13502,AMER,Financial Services,Premium,43,30497,30960,Simulated
ACC_0513,BizCorp_0513,2026-08-01,26,14696,13170,AMER,Financial Services,Premium,43,30497,30960,Simulated
ACC_0514,BizCorp_0514,2026-03-01,72,187056,166302,AMER,Technology,Premium,149,146378,107280,Simulated
ACC_0514,BizCorp_0514,2026-04-01,74,211077,166239,AMER,Technology,Premium,149,146378,107280,Simulated
ACC_0514,BizCorp_0514,2026-05-01,74,198547,168413,AMER,Technology,Premium,149,146378,107280,Simulated
ACC_0514,BizCorp_0514,2026-06-01,76,203629,172209,AMER,Technology,Premium,149,146378,107280,Simulated
ACC_0514,BizCorp_0514,2026-07-01,73,193107,167892,AMER,Technology,Premium,149,146378,107280,Simulated
ACC_0514,BizCorp_0514,2026-08-01,69,186280,169131,AMER,Technology,Premium,149,146378,107280,Simulated
ACC_0515,BizCorp_0515,2026-03-01,38,15850,12378,AMER,Financial Services,Premium,84,14288,60480,Simulated
ACC_0515,BizCorp_0515,2026-04-01,38,15835,13352,AMER,Financial Services,Premium,84,14288,60480,Simulated
ACC_0515,BizCorp_0515,2026-05-01,43,16510,13884,AMER,Financial Services,Premium,84,14288,60480,Simulated
ACC_0515,BizCorp_0515,2026-06-01,21,8031,6200,AMER,Financial Services,Premium,84,14288,60480,Simulated
ACC_0515,BizCorp_0515,2026-07-01,10,3828,3100,AMER,Financial Services,Premium,84,14288,60480,Simulated
ACC_0515,BizCorp_0515,2026-08-01,5,1803,1550,AMER,Financial Services,Premium,84,14288,60480,Simulated
ACC_0516,BizCorp_0516,2026-03-01,68,45234,36320,APAC,Retail,Premium,102,67399,73440,Simulated
ACC_0516,BizCorp_0516,2026-04-01,60,42997,34066,APAC,Retail,Premium,102,67399,73440,Simulated
ACC_0516,BizCorp_0516,2026-05-01,60,40065,33449,APAC,Retail,Premium,102,67399,73440,Simulated
ACC_0516,BizCorp_0516,2026-06-01,31,21511,17790,APAC,Retail,Premium,102,67399,73440,Simulated
ACC_0516,BizCorp_0516,2026-07-01,15,11109,8895,APAC,Retail,Premium,102,67399,73440,Simulated
ACC_0516,BizCorp_0516,2026-08-01,7,5094,4447,APAC,Retail,Premium,102,67399,73440,Simulated
ACC_0517,BizCorp_0517,2026-03-01,4,5025,3912,EMEA,Manufacturing,Standard,10,7701,9600,Simulated
ACC_0517,BizCorp_0517,2026-04-01,5,5388,4518,EMEA,Manufacturing,Standard,10,7701,9600,Simulated
ACC_0517,BizCorp_0517,2026-05-01,5,4401,3901,EMEA,Manufacturing,Standard,10,7701,9600,Simulated
ACC_0517,BizCorp_0517,2026-06-01,5,4267,3862,EMEA,Manufacturing,Standard,10,7701,9600,Simulated
ACC_0517,BizCorp_0517,2026-07-01,4,4854,3740,EMEA,Manufacturing,Standard,10,7701,9600,Simulated
ACC_0517,BizCorp_0517,2026-08-01,5,4232,3838,EMEA,Manufacturing,Standard,10,7701,9600,Simulated
ACC_0518,BizCorp_0518,2026-03-01,93,300986,251986,APAC,Retail,Premium,169,275323,121680,Simulated
ACC_0518,BizCorp_0518,2026-04-01,94,321484,268023,APAC,Retail,Premium,169,275323,121680,Simulated
ACC_0518,BizCorp_0518,2026-05-01,92,411611,323909,APAC,Retail,Premium,169,275323,121680,Simulated
ACC_0518,BizCorp_0518,2026-06-01,95,326509,267332,APAC,Retail,Premium,169,275323,121680,Simulated
ACC_0518,BizCorp_0518,2026-07-01,99,367136,289011,APAC,Retail,Premium,169,275323,121680,Simulated
ACC_0518,BizCorp_0518,2026-08-01,99,362217,309409,APAC,Retail,Premium,169,275323,121680,Simulated
ACC_0519,BizCorp_0519,2026-03-01,7,4802,4187,AMER,Financial Services,Standard,13,7978,12480,Simulated
ACC_0519,BizCorp_0519,2026-04-01,8,5769,4876,AMER,Financial Services,Standard,13,7978,12480,Simulated
ACC_0519,BizCorp_0519,2026-05-01,6,4766,4212,AMER,Financial Services,Standard,13,7978,12480,Simulated
ACC_0519,BizCorp_0519,2026-06-01,7,5592,4716,AMER,Financial Services,Standard,13,7978,12480,Simulated
ACC_0519,BizCorp_0519,2026-07-01,7,4593,3972,AMER,Financial Services,Standard,13,7978,12480,Simulated
ACC_0519,BizCorp_0519,2026-08-01,8,6212,4881,AMER,Financial Services,Standard,13,7978,12480,Simulated
ACC_0520,BizCorp_0520,2026-03-01,5,2747,2391,APAC,Healthcare,Standard,8,3735,7680,Simulated
ACC_0520,BizCorp_0520,2026-04-01,6,3369,2628,APAC,Healthcare,Standard,8,3735,7680,Simulated
ACC_0520,BizCorp_0520,2026-05-01,6,3313,2588,APAC,Healthcare,Standard,8,3735,7680,Simulated
ACC_0520,BizCorp_0520,2026-06-01,2,1486,1244,APAC,Healthcare,Standard,8,3735,7680,Simulated
ACC_0520,BizCorp_0520,2026-07-01,1,719,622,APAC,Healthcare,Standard,8,3735,7680,Simulated
ACC_0520,BizCorp_0520,2026-08-01,1,363,311,APAC,Healthcare,Standard,8,3735,7680,Simulated
ACC_0521,BizCorp_0521,2026-03-01,60,44633,36752,AMER,Retail,Premium,81,57699,58320,Simulated
ACC_0521,BizCorp_0521,2026-04-01,59,43993,36005,AMER,Retail,Premium,81,57699,58320,Simulated
ACC_0521,BizCorp_0521,2026-05-01,58,38002,31338,AMER,Retail,Premium,81,57699,58320,Simulated
ACC_0521,BizCorp_0521,2026-06-01,27,21656,16944,AMER,Retail,Premium,81,57699,58320,Simulated
ACC_0521,BizCorp_0521,2026-07-01,13,9850,8472,AMER,Retail,Premium,81,57699,58320,Simulated
ACC_0521,BizCorp_0521,2026-08-01,6,5405,4236,AMER,Retail,Premium,81,57699,58320,Simulated
ACC_0522,BizCorp_0522,2026-03-01,39,25883,21207,AMER,Technology,Premium,62,77664,44640,Simulated
ACC_0522,BizCorp_0522,2026-04-01,46,27894,24189,AMER,Technology,Premium,62,77664,44640,Simulated
ACC_0522,BizCorp_0522,2026-05-01,42,28983,23035,AMER,Technology,Premium,62,77664,44640,Simulated
ACC_0522,BizCorp_0522,2026-06-01,52,29479,25518,AMER,Technology,Premium,62,77664,44640,Simulated
ACC_0522,BizCorp_0522,2026-07-01,62,34560,30622,AMER,Technology,Premium,62,77664,44640,Simulated
ACC_0522,BizCorp_0522,2026-08-01,62,46652,36747,AMER,Technology,Premium,62,77664,44640,Simulated
ACC_0523,BizCorp_0523,2026-03-01,6,6277,5128,EMEA,Technology,Standard,8,9825,7680,Simulated
ACC_0523,BizCorp_0523,2026-04-01,7,7510,5816,EMEA,Technology,Standard,8,9825,7680,Simulated
ACC_0523,BizCorp_0523,2026-05-01,7,6461,5061,EMEA,Technology,Standard,8,9825,7680,Simulated
ACC_0523,BizCorp_0523,2026-06-01,6,6665,5859,EMEA,Technology,Standard,8,9825,7680,Simulated
ACC_0523,BizCorp_0523,2026-07-01,7,6407,5528,EMEA,Technology,Standard,8,9825,7680,Simulated
ACC_0523,BizCorp_0523,2026-08-01,6,7201,5978,EMEA,Technology,Standard,8,9825,7680,Simulated
ACC_0524,BizCorp_0524,2026-03-01,5,6841,5900,APAC,Technology,Standard,7,10757,6720,Simulated
ACC_0524,BizCorp_0524,2026-04-01,4,5538,5009,APAC,Technology,Standard,7,10757,6720,Simulated
ACC_0524,BizCorp_0524,2026-05-01,5,6113,5209,APAC,Technology,Standard,7,10757,6720,Simulated
ACC_0524,BizCorp_0524,2026-06-01,2,3347,2667,APAC,Technology,Standard,7,10757,6720,Simulated
ACC_0524,BizCorp_0524,2026-07-01,1,1731,1333,APAC,Technology,Standard,7,10757,6720,Simulated
ACC_0524,BizCorp_0524,2026-08-01,1,792,666,APAC,Technology,Standard,7,10757,6720,Simulated
ACC_0525,BizCorp_0525,2026-03-01,54,17639,15276,EMEA,Healthcare,Premium,103,49391,74160,Simulated
ACC_0525,BizCorp_0525,2026-04-01,49,21890,18385,EMEA,Healthcare,Premium,103,49391,74160,Simulated
ACC_0525,BizCorp_0525,2026-05-01,48,19864,15384,EMEA,Healthcare,Premium,103,49391,74160,Simulated
ACC_0525,BizCorp_0525,2026-06-01,62,23368,20776,EMEA,Healthcare,Premium,103,49391,74160,Simulated
ACC_0525,BizCorp_0525,2026-07-01,75,31752,24932,EMEA,Healthcare,Premium,103,49391,74160,Simulated
ACC_0525,BizCorp_0525,2026-08-01,84,36216,29918,EMEA,Healthcare,Premium,103,49391,74160,Simulated
ACC_0526,BizCorp_0526,2026-03-01,2,6367,5365,EMEA,Retail,Standard,4,10276,3840,Simulated
ACC_0526,BizCorp_0526,2026-04-01,2,6909,5651,EMEA,Retail,Standard,4,10276,3840,Simulated
ACC_0526,BizCorp_0526,2026-05-01,2,7600,6525,EMEA,Retail,Standard,4,10276,3840,Simulated
ACC_0526,BizCorp_0526,2026-06-01,1,3914,3128,EMEA,Retail,Standard,4,10276,3840,Simulated
ACC_0526,BizCorp_0526,2026-07-01,1,1732,1564,EMEA,Retail,Standard,4,10276,3840,Simulated
ACC_0526,BizCorp_0526,2026-08-01,1,940,782,EMEA,Retail,Standard,4,10276,3840,Simulated
ACC_0527,BizCorp_0527,2026-03-01,8,6464,5707,AMER,Manufacturing,Standard,15,9162,14400,Simulated
ACC_0527,BizCorp_0527,2026-04-01,9,6665,5687,AMER,Manufacturing,Standard,15,9162,14400,Simulated
ACC_0527,BizCorp_0527,2026-05-01,8,6621,5666,AMER,Manufacturing,Standard,15,9162,14400,Simulated
ACC_0527,BizCorp_0527,2026-06-01,8,6993,6287,AMER,Manufacturing,Standard,15,9162,14400,Simulated
ACC_0527,BizCorp_0527,2026-07-01,8,8726,7044,AMER,Manufacturing,Standard,15,9162,14400,Simulated
ACC_0527,BizCorp_0527,2026-08-01,9,6485,5682,AMER,Manufacturing,Standard,15,9162,14400,Simulated
ACC_0528,BizCorp_0528,2026-03-01,156,270232,219889,AMER,Logistics,Enterprise,186,317179,100440,Simulated
ACC_0528,BizCorp_0528,2026-04-01,166,261989,206522,AMER,Logistics,Enterprise,186,317179,100440,Simulated
ACC_0528,BizCorp_0528,2026-05-01,155,235394,205800,AMER,Logistics,Enterprise,186,317179,100440,Simulated
ACC_0528,BizCorp_0528,2026-06-01,155,272260,213689,AMER,Logistics,Enterprise,186,317179,100440,Simulated
ACC_0528,BizCorp_0528,2026-07-01,164,282616,225878,AMER,Logistics,Enterprise,186,317179,100440,Simulated
ACC_0528,BizCorp_0528,2026-08-01,170,255814,204144,AMER,Logistics,Enterprise,186,317179,100440,Simulated
ACC_0529,BizCorp_0529,2026-03-01,22,18972,16642,APAC,Financial Services,Premium,67,46387,48240,Simulated
ACC_0529,BizCorp_0529,2026-04-01,20,21052,17569,APAC,Financial Services,Premium,67,46387,48240,Simulated
ACC_0529,BizCorp_0529,2026-05-01,21,21333,16715,APAC,Financial Services,Premium,67,46387,48240,Simulated
ACC_0529,BizCorp_0529,2026-06-01,27,27575,22945,APAC,Financial Services,Premium,67,46387,48240,Simulated
ACC_0529,BizCorp_0529,2026-07-01,32,34852,27534,APAC,Financial Services,Premium,67,46387,48240,Simulated
ACC_0529,BizCorp_0529,2026-08-01,38,38969,33041,APAC,Financial Services,Premium,67,46387,48240,Simulated
ACC_0530,BizCorp_0530,2026-03-01,12,6946,5735,AMER,Healthcare,Standard,23,8896,22080,Simulated
ACC_0530,BizCorp_0530,2026-04-01,11,6284,5511,AMER,Healthcare,Standard,23,8896,22080,Simulated
ACC_0530,BizCorp_0530,2026-05-01,11,6797,5833,AMER,Healthcare,Standard,23,8896,22080,Simulated
ACC_0530,BizCorp_0530,2026-06-01,11,6289,5436,AMER,Healthcare,Standard,23,8896,22080,Simulated
ACC_0530,BizCorp_0530,2026-07-01,10,7785,6328,AMER,Healthcare,Standard,23,8896,22080,Simulated
ACC_0530,BizCorp_0530,2026-08-01,11,6780,5964,AMER,Healthcare,Standard,23,8896,22080,Simulated
ACC_0531,BizCorp_0531,2026-03-01,9,3845,3072,EMEA,Financial Services,Standard,9,5230,8640,Simulated
ACC_0531,BizCorp_0531,2026-04-01,8,3919,3166,EMEA,Financial Services,Standard,9,5230,8640,Simulated
ACC_0531,BizCorp_0531,2026-05-01,7,4019,3463,EMEA,Financial Services,Standard,9,5230,8640,Simulated
ACC_0531,BizCorp_0531,2026-06-01,8,4032,3519,EMEA,Financial Services,Standard,9,5230,8640,Simulated
ACC_0531,BizCorp_0531,2026-07-01,8,4248,3716,EMEA,Financial Services,Standard,9,5230,8640,Simulated
ACC_0531,BizCorp_0531,2026-08-01,7,3640,2876,EMEA,Financial Services,Standard,9,5230,8640,Simulated
ACC_0532,BizCorp_0532,2026-03-01,4,9717,7493,AMER,Logistics,Standard,6,22524,5760,Simulated
ACC_0532,BizCorp_0532,2026-04-01,4,8517,7108,AMER,Logistics,Standard,6,22524,5760,Simulated
ACC_0532,BizCorp_0532,2026-05-01,4,9591,7393,AMER,Logistics,Standard,6,22524,5760,Simulated
ACC_0532,BizCorp_0532,2026-06-01,2,5023,3951,AMER,Logistics,Standard,6,22524,5760,Simulated
ACC_0532,BizCorp_0532,2026-07-01,1,2270,1975,AMER,Logistics,Standard,6,22524,5760,Simulated
ACC_0532,BizCorp_0532,2026-08-01,1,1207,987,AMER,Logistics,Standard,6,22524,5760,Simulated
ACC_0533,BizCorp_0533,2026-03-01,25,36957,28738,AMER,Financial Services,Premium,27,41056,19440,Simulated
ACC_0533,BizCorp_0533,2026-04-01,22,29660,24440,AMER,Financial Services,Premium,27,41056,19440,Simulated
ACC_0533,BizCorp_0533,2026-05-01,22,25086,21947,AMER,Financial Services,Premium,27,41056,19440,Simulated
ACC_0533,BizCorp_0533,2026-06-01,22,31572,24757,AMER,Financial Services,Premium,27,41056,19440,Simulated
ACC_0533,BizCorp_0533,2026-07-01,21,27296,24714,AMER,Financial Services,Premium,27,41056,19440,Simulated
ACC_0533,BizCorp_0533,2026-08-01,24,32921,28371,AMER,Financial Services,Premium,27,41056,19440,Simulated
ACC_0534,BizCorp_0534,2026-03-01,5,10903,9700,APAC,Manufacturing,Standard,8,26911,7680,Simulated
ACC_0534,BizCorp_0534,2026-04-01,5,12331,9798,APAC,Manufacturing,Standard,8,26911,7680,Simulated
ACC_0534,BizCorp_0534,2026-05-01,5,11060,9746,APAC,Manufacturing,Standard,8,26911,7680,Simulated
ACC_0534,BizCorp_0534,2026-06-01,2,4841,4313,APAC,Manufacturing,Standard,8,26911,7680,Simulated
ACC_0534,BizCorp_0534,2026-07-01,1,2684,2156,APAC,Manufacturing,Standard,8,26911,7680,Simulated
ACC_0534,BizCorp_0534,2026-08-01,1,1283,1078,APAC,Manufacturing,Standard,8,26911,7680,Simulated
ACC_0535,BizCorp_0535,2026-03-01,6,7929,7013,APAC,Manufacturing,Standard,12,11602,11520,Simulated
ACC_0535,BizCorp_0535,2026-04-01,6,7639,6907,APAC,Manufacturing,Standard,12,11602,11520,Simulated
ACC_0535,BizCorp_0535,2026-05-01,6,8522,7207,APAC,Manufacturing,Standard,12,11602,11520,Simulated
ACC_0535,BizCorp_0535,2026-06-01,3,4243,3278,APAC,Manufacturing,Standard,12,11602,11520,Simulated
ACC_0535,BizCorp_0535,2026-07-01,1,1991,1639,APAC,Manufacturing,Standard,12,11602,11520,Simulated
ACC_0535,BizCorp_0535,2026-08-01,1,908,819,APAC,Manufacturing,Standard,12,11602,11520,Simulated
ACC_0536,BizCorp_0536,2026-03-01,51,31459,27583,EMEA,Logistics,Premium,95,45174,68400,Simulated
ACC_0536,BizCorp_0536,2026-04-01,47,35176,27213,EMEA,Logistics,Premium,95,45174,68400,Simulated
ACC_0536,BizCorp_0536,2026-05-01,46,34525,27356,EMEA,Logistics,Premium,95,45174,68400,Simulated
ACC_0536,BizCorp_0536,2026-06-01,54,27095,22344,EMEA,Logistics,Premium,95,45174,68400,Simulated
ACC_0536,BizCorp_0536,2026-07-01,52,32678,26341,EMEA,Logistics,Premium,95,45174,68400,Simulated
ACC_0536,BizCorp_0536,2026-08-01,52,34406,27558,EMEA,Logistics,Premium,95,45174,68400,Simulated
ACC_0537,BizCorp_0537,2026-03-01,57,143645,126808,EMEA,Technology,Premium,75,192922,54000,Simulated
ACC_0537,BizCorp_0537,2026-04-01,59,148765,122926,EMEA,Technology,Premium,75,192922,54000,Simulated
ACC_0537,BizCorp_0537,2026-05-01,53,160068,136886,EMEA,Technology,Premium,75,192922,54000,Simulated
ACC_0537,BizCorp_0537,2026-06-01,28,72549,63932,EMEA,Technology,Premium,75,192922,54000,Simulated
ACC_0537,BizCorp_0537,2026-07-01,14,37731,31966,EMEA,Technology,Premium,75,192922,54000,Simulated
ACC_0537,BizCorp_0537,2026-08-01,7,19075,15983,EMEA,Technology,Premium,75,192922,54000,Simulated
ACC_0538,BizCorp_0538,2026-03-01,161,65661,53161,AMER,Logistics,Enterprise,309,50464,166860,Simulated
ACC_0538,BizCorp_0538,2026-04-01,153,60543,54188,AMER,Logistics,Enterprise,309,50464,166860,Simulated
ACC_0538,BizCorp_0538,2026-05-01,148,54513,42425,AMER,Logistics,Enterprise,309,50464,166860,Simulated
ACC_0538,BizCorp_0538,2026-06-01,78,29252,23800,AMER,Logistics,Enterprise,309,50464,166860,Simulated
ACC_0538,BizCorp_0538,2026-07-01,39,14162,11900,AMER,Logistics,Enterprise,309,50464,166860,Simulated
ACC_0538,BizCorp_0538,2026-08-01,19,7186,5950,AMER,Logistics,Enterprise,309,50464,166860,Simulated
ACC_0539,BizCorp_0539,2026-03-01,49,17223,15255,AMER,Technology,Premium,96,26752,69120,Simulated
ACC_0539,BizCorp_0539,2026-04-01,43,17305,13856,AMER,Technology,Premium,96,26752,69120,Simulated
ACC_0539,BizCorp_0539,2026-05-01,48,17643,13620,AMER,Technology,Premium,96,26752,69120,Simulated
ACC_0539,BizCorp_0539,2026-06-01,48,17244,14623,AMER,Technology,Premium,96,26752,69120,Simulated
ACC_0539,BizCorp_0539,2026-07-01,48,19272,14847,AMER,Technology,Premium,96,26752,69120,Simulated
ACC_0539,BizCorp_0539,2026-08-01,45,16285,13403,AMER,Technology,Premium,96,26752,69120,Simulated
ACC_0540,BizCorp_0540,2026-03-01,332,169703,136643,EMEA,Retail,Enterprise,577,259828,311580,Simulated
ACC_0540,BizCorp_0540,2026-04-01,344,164193,131737,EMEA,Retail,Enterprise,577,259828,311580,Simulated
ACC_0540,BizCorp_0540,2026-05-01,377,178036,151007,EMEA,Retail,Enterprise,577,259828,311580,Simulated
ACC_0540,BizCorp_0540,2026-06-01,178,91640,74421,EMEA,Retail,Enterprise,577,259828,311580,Simulated
ACC_0540,BizCorp_0540,2026-07-01,89,43854,37210,EMEA,Retail,Enterprise,577,259828,311580,Simulated
ACC_0540,BizCorp_0540,2026-08-01,44,22612,18605,EMEA,Retail,Enterprise,577,259828,311580,Simulated
ACC_0541,BizCorp_0541,2026-03-01,160,240098,212262,EMEA,Retail,Enterprise,357,318878,192780,Simulated
ACC_0541,BizCorp_0541,2026-04-01,176,272196,218941,EMEA,Retail,Enterprise,357,318878,192780,Simulated
ACC_0541,BizCorp_0541,2026-05-01,183,292473,232124,EMEA,Retail,Enterprise,357,318878,192780,Simulated
ACC_0541,BizCorp_0541,2026-06-01,204,292773,244173,EMEA,Retail,Enterprise,357,318878,192780,Simulated
ACC_0541,BizCorp_0541,2026-07-01,244,375978,293008,EMEA,Retail,Enterprise,357,318878,192780,Simulated
ACC_0541,BizCorp_0541,2026-08-01,252,435639,351609,EMEA,Retail,Enterprise,357,318878,192780,Simulated
ACC_0542,BizCorp_0542,2026-03-01,4,6725,6009,APAC,Healthcare,Standard,4,9589,3840,Simulated
ACC_0542,BizCorp_0542,2026-04-01,4,5626,5086,APAC,Healthcare,Standard,4,9589,3840,Simulated
ACC_0542,BizCorp_0542,2026-05-01,4,6746,5375,APAC,Healthcare,Standard,4,9589,3840,Simulated
ACC_0542,BizCorp_0542,2026-06-01,2,3306,2967,APAC,Healthcare,Standard,4,9589,3840,Simulated
ACC_0542,BizCorp_0542,2026-07-01,1,1706,1483,APAC,Healthcare,Standard,4,9589,3840,Simulated
ACC_0542,BizCorp_0542,2026-08-01,1,956,741,APAC,Healthcare,Standard,4,9589,3840,Simulated
ACC_0543,BizCorp_0543,2026-03-01,288,200954,171957,EMEA,Logistics,Enterprise,553,725360,298620,Simulated
ACC_0543,BizCorp_0543,2026-04-01,311,192429,157233,EMEA,Logistics,Enterprise,553,725360,298620,Simulated
ACC_0543,BizCorp_0543,2026-05-01,346,211859,173845,EMEA,Logistics,Enterprise,553,725360,298620,Simulated
ACC_0543,BizCorp_0543,2026-06-01,383,247759,200481,EMEA,Logistics,Enterprise,553,725360,298620,Simulated
ACC_0543,BizCorp_0543,2026-07-01,411,311644,240577,EMEA,Logistics,Enterprise,553,725360,298620,Simulated
ACC_0543,BizCorp_0543,2026-08-01,411,346431,288693,EMEA,Logistics,Enterprise,553,725360,298620,Simulated
ACC_0544,BizCorp_0544,2026-03-01,151,336212,278367,EMEA,Manufacturing,Enterprise,268,419396,144720,Simulated
ACC_0544,BizCorp_0544,2026-04-01,129,373019,304743,EMEA,Manufacturing,Enterprise,268,419396,144720,Simulated
ACC_0544,BizCorp_0544,2026-05-01,136,394415,329211,EMEA,Manufacturing,Enterprise,268,419396,144720,Simulated
ACC_0544,BizCorp_0544,2026-06-01,70,159421,144212,EMEA,Manufacturing,Enterprise,268,419396,144720,Simulated
ACC_0544,BizCorp_0544,2026-07-01,35,79874,72106,EMEA,Manufacturing,Enterprise,268,419396,144720,Simulated
ACC_0544,BizCorp_0544,2026-08-01,17,43173,36053,EMEA,Manufacturing,Enterprise,268,419396,144720,Simulated
ACC_0545,BizCorp_0545,2026-03-01,6,10133,8152,AMER,Manufacturing,Standard,10,19165,9600,Simulated
ACC_0545,BizCorp_0545,2026-04-01,7,9416,7534,AMER,Manufacturing,Standard,10,19165,9600,Simulated
ACC_0545,BizCorp_0545,2026-05-01,6,9681,8747,AMER,Manufacturing,Standard,10,19165,9600,Simulated
ACC_0545,BizCorp_0545,2026-06-01,6,10514,8273,AMER,Manufacturing,Standard,10,19165,9600,Simulated
ACC_0545,BizCorp_0545,2026-07-01,6,8191,7433,AMER,Manufacturing,Standard,10,19165,9600,Simulated
ACC_0545,BizCorp_0545,2026-08-01,6,10638,8469,AMER,Manufacturing,Standard,10,19165,9600,Simulated
ACC_0546,BizCorp_0546,2026-03-01,35,31645,25110,APAC,Technology,Premium,81,59112,58320,Simulated
ACC_0546,BizCorp_0546,2026-04-01,37,30246,26287,APAC,Technology,Premium,81,59112,58320,Simulated
ACC_0546,BizCorp_0546,2026-05-01,34,28089,24753,APAC,Technology,Premium,81,59112,58320,Simulated
ACC_0546,BizCorp_0546,2026-06-01,45,35181,29556,APAC,Technology,Premium,81,59112,58320,Simulated
ACC_0546,BizCorp_0546,2026-07-01,54,45068,35467,APAC,Technology,Premium,81,59112,58320,Simulated
ACC_0546,BizCorp_0546,2026-08-01,65,47154,42560,APAC,Technology,Premium,81,59112,58320,Simulated
ACC_0547,BizCorp_0547,2026-03-01,98,79469,66422,AMER,Manufacturing,Premium,215,216646,154800,Simulated
ACC_0547,BizCorp_0547,2026-04-01,85,91805,73509,AMER,Manufacturing,Premium,215,216646,154800,Simulated
ACC_0547,BizCorp_0547,2026-05-01,92,80746,68700,AMER,Manufacturing,Premium,215,216646,154800,Simulated
ACC_0547,BizCorp_0547,2026-06-01,45,44143,38040,AMER,Manufacturing,Premium,215,216646,154800,Simulated
ACC_0547,BizCorp_0547,2026-07-01,22,21771,19020,AMER,Manufacturing,Premium,215,216646,154800,Simulated
ACC_0547,BizCorp_0547,2026-08-01,11,12107,9510,AMER,Manufacturing,Premium,215,216646,154800,Simulated
ACC_0548,BizCorp_0548,2026-03-01,4,4627,4131,APAC,Financial Services,Standard,8,8084,7680,Simulated
ACC_0548,BizCorp_0548,2026-04-01,4,5082,3942,APAC,Financial Services,Standard,8,8084,7680,Simulated
ACC_0548,BizCorp_0548,2026-05-01,4,4233,3608,APAC,Financial Services,Standard,8,8084,7680,Simulated
ACC_0548,BizCorp_0548,2026-06-01,5,5469,4412,APAC,Financial Services,Standard,8,8084,7680,Simulated
ACC_0548,BizCorp_0548,2026-07-01,6,5846,5295,APAC,Financial Services,Standard,8,8084,7680,Simulated
ACC_0548,BizCorp_0548,2026-08-01,7,7656,6354,APAC,Financial Services,Standard,8,8084,7680,Simulated
ACC_0549,BizCorp_0549,2026-03-01,22,25021,20654,APAC,Financial Services,Premium,26,34319,18720,Simulated
ACC_0549,BizCorp_0549,2026-04-01,22,22169,19235,APAC,Financial Services,Premium,26,34319,18720,Simulated
ACC_0549,BizCorp_0549,2026-05-01,24,24993,21176,APAC,Financial Services,Premium,26,34319,18720,Simulated
ACC_0549,BizCorp_0549,2026-06-01,11,14199,11060,APAC,Financial Services,Premium,26,34319,18720,Simulated
ACC_0549,BizCorp_0549,2026-07-01,5,7085,5530,APAC,Financial Services,Premium,26,34319,18720,Simulated
ACC_0549,BizCorp_0549,2026-08-01,2,3525,2765,APAC,Financial Services,Premium,26,34319,18720,Simulated
ACC_0550,BizCorp_0550,2026-03-01,134,55324,44907,AMER,Logistics,Enterprise,178,172197,96120,Simulated
ACC_0550,BizCorp_0550,2026-04-01,145,60084,50256,AMER,Logistics,Enterprise,178,172197,96120,Simulated
ACC_0550,BizCorp_0550,2026-05-01,157,62915,51722,AMER,Logistics,Enterprise,178,172197,96120,Simulated
ACC_0550,BizCorp_0550,2026-06-01,132,48566,42584,AMER,Logistics,Enterprise,178,172197,96120,Simulated
ACC_0550,BizCorp_0550,2026-07-01,138,62513,53061,AMER,Logistics,Enterprise,178,172197,96120,Simulated
ACC_0550,BizCorp_0550,2026-08-01,140,54633,49557,AMER,Logistics,Enterprise,178,172197,96120,Simulated
ACC_0551,BizCorp_0551,2026-03-01,12,2486,1936,AMER,Retail,Standard,16,4123,15360,Simulated
ACC_0551,BizCorp_0551,2026-04-01,12,2696,2370,AMER,Retail,Standard,16,4123,15360,Simulated
ACC_0551,BizCorp_0551,2026-05-01,11,2417,2159,AMER,Retail,Standard,16,4123,15360,Simulated
ACC_0551,BizCorp_0551,2026-06-01,6,1278,1086,AMER,Retail,Standard,16,4123,15360,Simulated
ACC_0551,BizCorp_0551,2026-07-01,3,666,543,AMER,Retail,Standard,16,4123,15360,Simulated
ACC_0551,BizCorp_0551,2026-08-01,1,327,271,AMER,Retail,Standard,16,4123,15360,Simulated
ACC_0552,BizCorp_0552,2026-03-01,42,10296,9246,APAC,Logistics,Premium,88,17817,63360,Simulated
ACC_0552,BizCorp_0552,2026-04-01,42,11600,9562,APAC,Logistics,Premium,88,17817,63360,Simulated
ACC_0552,BizCorp_0552,2026-05-01,40,11381,8976,APAC,Logistics,Premium,88,17817,63360,Simulated
ACC_0552,BizCorp_0552,2026-06-01,41,8822,7655,APAC,Logistics,Premium,88,17817,63360,Simulated
ACC_0552,BizCorp_0552,2026-07-01,38,10412,8172,APAC,Logistics,Premium,88,17817,63360,Simulated
ACC_0552,BizCorp_0552,2026-08-01,45,8837,7160,APAC,Logistics,Premium,88,17817,63360,Simulated
ACC_0553,BizCorp_0553,2026-03-01,154,314451,279397,APAC,Retail,Enterprise,162,707869,87480,Simulated
ACC_0553,BizCorp_0553,2026-04-01,146,361171,282662,APAC,Retail,Enterprise,162,707869,87480,Simulated
ACC_0553,BizCorp_0553,2026-05-01,147,316727,279929,APAC,Retail,Enterprise,162,707869,87480,Simulated
ACC_0553,BizCorp_0553,2026-06-01,71,158575,130002,APAC,Retail,Enterprise,162,707869,87480,Simulated
ACC_0553,BizCorp_0553,2026-07-01,35,75240,65001,APAC,Retail,Enterprise,162,707869,87480,Simulated
ACC_0553,BizCorp_0553,2026-08-01,17,40775,32500,APAC,Retail,Enterprise,162,707869,87480,Simulated
ACC_0554,BizCorp_0554,2026-03-01,13,42850,34133,AMER,Logistics,Premium,21,64416,15120,Simulated
ACC_0554,BizCorp_0554,2026-04-01,14,32031,27721,AMER,Logistics,Premium,21,64416,15120,Simulated
ACC_0554,BizCorp_0554,2026-05-01,12,43602,33609,AMER,Logistics,Premium,21,64416,15120,Simulated
ACC_0554,BizCorp_0554,2026-06-01,16,45086,38592,AMER,Logistics,Premium,21,64416,15120,Simulated
ACC_0554,BizCorp_0554,2026-07-01,19,58688,46311,AMER,Logistics,Premium,21,64416,15120,Simulated
ACC_0554,BizCorp_0554,2026-08-01,21,67857,55573,AMER,Logistics,Premium,21,64416,15120,Simulated
ACC_0555,BizCorp_0555,2026-03-01,4,7957,6276,APAC,Logistics,Standard,8,5377,7680,Simulated
ACC_0555,BizCorp_0555,2026-04-01,4,7333,5931,APAC,Logistics,Standard,8,5377,7680,Simulated
ACC_0555,BizCorp_0555,2026-05-01,4,7132,6326,APAC,Logistics,Standard,8,5377,7680,Simulated
ACC_0555,BizCorp_0555,2026-06-01,2,3400,2913,APAC,Logistics,Standard,8,5377,7680,Simulated
ACC_0555,BizCorp_0555,2026-07-01,1,1802,1456,APAC,Logistics,Standard,8,5377,7680,Simulated
ACC_0555,BizCorp_0555,2026-08-01,1,942,728,APAC,Logistics,Standard,8,5377,7680,Simulated
ACC_0556,BizCorp_0556,2026-03-01,2,2811,2338,AMER,Financial Services,Standard,3,4748,2880,Simulated
ACC_0556,BizCorp_0556,2026-04-01,2,3588,2800,AMER,Financial Services,Standard,3,4748,2880,Simulated
ACC_0556,BizCorp_0556,2026-05-01,3,2767,2383,AMER,Financial Services,Standard,3,4748,2880,Simulated
ACC_0556,BizCorp_0556,2026-06-01,3,2966,2509,AMER,Financial Services,Standard,3,4748,2880,Simulated
ACC_0556,BizCorp_0556,2026-07-01,2,3004,2439,AMER,Financial Services,Standard,3,4748,2880,Simulated
ACC_0556,BizCorp_0556,2026-08-01,3,3145,2789,AMER,Financial Services,Standard,3,4748,2880,Simulated
ACC_0557,BizCorp_0557,2026-03-01,36,21165,18552,APAC,Technology,Premium,36,28215,25920,Simulated
ACC_0557,BizCorp_0557,2026-04-01,34,20639,18372,APAC,Technology,Premium,36,28215,25920,Simulated
ACC_0557,BizCorp_0557,2026-05-01,36,19677,17120,APAC,Technology,Premium,36,28215,25920,Simulated
ACC_0557,BizCorp_0557,2026-06-01,17,11136,9131,APAC,Technology,Premium,36,28215,25920,Simulated
ACC_0557,BizCorp_0557,2026-07-01,8,5599,4565,APAC,Technology,Premium,36,28215,25920,Simulated
ACC_0557,BizCorp_0557,2026-08-01,4,2664,2282,APAC,Technology,Premium,36,28215,25920,Simulated
ACC_0558,BizCorp_0558,2026-03-01,247,196994,165289,APAC,Healthcare,Enterprise,522,368190,281880,Simulated
ACC_0558,BizCorp_0558,2026-04-01,229,151048,135541,APAC,Healthcare,Enterprise,522,368190,281880,Simulated
ACC_0558,BizCorp_0558,2026-05-01,219,170493,140888,APAC,Healthcare,Enterprise,522,368190,281880,Simulated
ACC_0558,BizCorp_0558,2026-06-01,284,206927,175568,APAC,Healthcare,Enterprise,522,368190,281880,Simulated
ACC_0558,BizCorp_0558,2026-07-01,341,234553,210681,APAC,Healthcare,Enterprise,522,368190,281880,Simulated
ACC_0558,BizCorp_0558,2026-08-01,409,319156,252818,APAC,Healthcare,Enterprise,522,368190,281880,Simulated
ACC_0559,BizCorp_0559,2026-03-01,58,25465,22040,APAC,Logistics,Premium,80,36289,57600,Simulated
ACC_0559,BizCorp_0559,2026-04-01,53,21716,19561,APAC,Logistics,Premium,80,36289,57600,Simulated
ACC_0559,BizCorp_0559,2026-05-01,52,29998,24608,APAC,Logistics,Premium,80,36289,57600,Simulated
ACC_0559,BizCorp_0559,2026-06-01,26,12849,10750,APAC,Logistics,Premium,80,36289,57600,Simulated
ACC_0559,BizCorp_0559,2026-07-01,13,6328,5375,APAC,Logistics,Premium,80,36289,57600,Simulated
ACC_0559,BizCorp_0559,2026-08-01,6,3019,2687,APAC,Logistics,Premium,80,36289,57600,Simulated
ACC_0560,BizCorp_0560,2026-03-01,186,98488,88405,EMEA,Logistics,Enterprise,315,199182,170100,Simulated
ACC_0560,BizCorp_0560,2026-04-01,156,116605,103605,EMEA,Logistics,Enterprise,315,199182,170100,Simulated
ACC_0560,BizCorp_0560,2026-05-01,155,130307,109996,EMEA,Logistics,Enterprise,315,199182,170100,Simulated
ACC_0560,BizCorp_0560,2026-06-01,153,119482,107451,EMEA,Logistics,Enterprise,315,199182,170100,Simulated
ACC_0560,BizCorp_0560,2026-07-01,156,145770,117187,EMEA,Logistics,Enterprise,315,199182,170100,Simulated
ACC_0560,BizCorp_0560,2026-08-01,162,108167,94545,EMEA,Logistics,Enterprise,315,199182,170100,Simulated
ACC_0561,BizCorp_0561,2026-03-01,7,6351,5220,EMEA,Retail,Standard,8,5243,7680,Simulated
ACC_0561,BizCorp_0561,2026-04-01,8,7102,5492,EMEA,Retail,Standard,8,5243,7680,Simulated
ACC_0561,BizCorp_0561,2026-05-01,7,6806,6168,EMEA,Retail,Standard,8,5243,7680,Simulated
ACC_0561,BizCorp_0561,2026-06-01,3,3448,3046,EMEA,Retail,Standard,8,5243,7680,Simulated
ACC_0561,BizCorp_0561,2026-07-01,1,1849,1523,EMEA,Retail,Standard,8,5243,7680,Simulated
ACC_0561,BizCorp_0561,2026-08-01,1,930,761,EMEA,Retail,Standard,8,5243,7680,Simulated
ACC_0562,BizCorp_0562,2026-03-01,8,1974,1719,AMER,Financial Services,Standard,13,2857,12480,Simulated
ACC_0562,BizCorp_0562,2026-04-01,8,2536,1976,AMER,Financial Services,Standard,13,2857,12480,Simulated
ACC_0562,BizCorp_0562,2026-05-01,8,1857,1505,AMER,Financial Services,Standard,13,2857,12480,Simulated
ACC_0562,BizCorp_0562,2026-06-01,4,1049,884,AMER,Financial Services,Standard,13,2857,12480,Simulated
ACC_0562,BizCorp_0562,2026-07-01,2,562,442,AMER,Financial Services,Standard,13,2857,12480,Simulated
ACC_0562,BizCorp_0562,2026-08-01,1,280,221,AMER,Financial Services,Standard,13,2857,12480,Simulated
ACC_0563,BizCorp_0563,2026-03-01,40,20552,17293,EMEA,Technology,Premium,128,43726,92160,Simulated
ACC_0563,BizCorp_0563,2026-04-01,45,19192,15693,EMEA,Technology,Premium,128,43726,92160,Simulated
ACC_0563,BizCorp_0563,2026-05-01,42,18998,16458,EMEA,Technology,Premium,128,43726,92160,Simulated
ACC_0563,BizCorp_0563,2026-06-01,52,24899,19508,EMEA,Technology,Premium,128,43726,92160,Simulated
ACC_0563,BizCorp_0563,2026-07-01,62,28052,23410,EMEA,Technology,Premium,128,43726,92160,Simulated
ACC_0563,BizCorp_0563,2026-08-01,75,35337,28092,EMEA,Technology,Premium,128,43726,92160,Simulated
ACC_0564,BizCorp_0564,2026-03-01,6,8431,6904,EMEA,Technology,Standard,12,14184,11520,Simulated
ACC_0564,BizCorp_0564,2026-04-01,6,8114,6650,EMEA,Technology,Standard,12,14184,11520,Simulated
ACC_0564,BizCorp_0564,2026-05-01,6,7593,6038,EMEA,Technology,Standard,12,14184,11520,Simulated
ACC_0564,BizCorp_0564,2026-06-01,3,3577,3134,EMEA,Technology,Standard,12,14184,11520,Simulated
ACC_0564,BizCorp_0564,2026-07-01,1,1822,1567,EMEA,Technology,Standard,12,14184,11520,Simulated
ACC_0564,BizCorp_0564,2026-08-01,1,924,783,EMEA,Technology,Standard,12,14184,11520,Simulated
ACC_0565,BizCorp_0565,2026-03-01,30,64040,49562,EMEA,Healthcare,Premium,60,126747,43200,Simulated
ACC_0565,BizCorp_0565,2026-04-01,32,55755,45363,EMEA,Healthcare,Premium,60,126747,43200,Simulated
ACC_0565,BizCorp_0565,2026-05-01,28,52306,47363,EMEA,Healthcare,Premium,60,126747,43200,Simulated
ACC_0565,BizCorp_0565,2026-06-01,31,47079,42641,EMEA,Healthcare,Premium,60,126747,43200,Simulated
ACC_0565,BizCorp_0565,2026-07-01,30,51880,43787,EMEA,Healthcare,Premium,60,126747,43200,Simulated
ACC_0565,BizCorp_0565,2026-08-01,30,49027,42491,EMEA,Healthcare,Premium,60,126747,43200,Simulated
ACC_0566,BizCorp_0566,2026-03-01,199,197545,161946,EMEA,Technology,Enterprise,358,296619,193320,Simulated
ACC_0566,BizCorp_0566,2026-04-01,197,221976,171300,EMEA,Technology,Enterprise,358,296619,193320,Simulated
ACC_0566,BizCorp_0566,2026-05-01,181,187077,167333,EMEA,Technology,Enterprise,358,296619,193320,Simulated
ACC_0566,BizCorp_0566,2026-06-01,93,99570,77597,EMEA,Technology,Enterprise,358,296619,193320,Simulated
ACC_0566,BizCorp_0566,2026-07-01,46,43394,38798,EMEA,Technology,Enterprise,358,296619,193320,Simulated
ACC_0566,BizCorp_0566,2026-08-01,23,24036,19399,EMEA,Technology,Enterprise,358,296619,193320,Simulated
ACC_0567,BizCorp_0567,2026-03-01,3,3425,3036,AMER,Logistics,Standard,6,6595,5760,Simulated
ACC_0567,BizCorp_0567,2026-04-01,3,4288,3771,AMER,Logistics,Standard,6,6595,5760,Simulated
ACC_0567,BizCorp_0567,2026-05-01,3,3400,3054,AMER,Logistics,Standard,6,6595,5760,Simulated
ACC_0567,BizCorp_0567,2026-06-01,3,4270,3516,AMER,Logistics,Standard,6,6595,5760,Simulated
ACC_0567,BizCorp_0567,2026-07-01,3,4803,3772,AMER,Logistics,Standard,6,6595,5760,Simulated
ACC_0567,BizCorp_0567,2026-08-01,3,3794,3178,AMER,Logistics,Standard,6,6595,5760,Simulated
ACC_0568,BizCorp_0568,2026-03-01,78,28521,22955,APAC,Logistics,Premium,203,52589,146160,Simulated
ACC_0568,BizCorp_0568,2026-04-01,67,28103,22243,APAC,Logistics,Premium,203,52589,146160,Simulated
ACC_0568,BizCorp_0568,2026-05-01,68,26730,22415,APAC,Logistics,Premium,203,52589,146160,Simulated
ACC_0568,BizCorp_0568,2026-06-01,88,37960,30316,APAC,Logistics,Premium,203,52589,146160,Simulated
ACC_0568,BizCorp_0568,2026-07-01,97,45280,36380,APAC,Logistics,Premium,203,52589,146160,Simulated
ACC_0568,BizCorp_0568,2026-08-01,97,49355,43656,APAC,Logistics,Premium,203,52589,146160,Simulated
ACC_0569,BizCorp_0569,2026-03-01,3,4567,3798,AMER,Financial Services,Standard,6,3417,5760,Simulated
ACC_0569,BizCorp_0569,2026-04-01,2,3914,3522,AMER,Financial Services,Standard,6,3417,5760,Simulated
ACC_0569,BizCorp_0569,2026-05-01,2,3438,3040,AMER,Financial Services,Standard,6,3417,5760,Simulated
ACC_0569,BizCorp_0569,2026-06-01,2,4939,3899,AMER,Financial Services,Standard,6,3417,5760,Simulated
ACC_0569,BizCorp_0569,2026-07-01,3,3773,3284,AMER,Financial Services,Standard,6,3417,5760,Simulated
ACC_0569,BizCorp_0569,2026-08-01,2,3569,3105,AMER,Financial Services,Standard,6,3417,5760,Simulated
ACC_0570,BizCorp_0570,2026-03-01,81,278197,220832,APAC,Healthcare,Premium,149,260577,107280,Simulated
ACC_0570,BizCorp_0570,2026-04-01,93,261503,216424,APAC,Healthcare,Premium,149,260577,107280,Simulated
ACC_0570,BizCorp_0570,2026-05-01,88,290976,225141,APAC,Healthcare,Premium,149,260577,107280,Simulated
ACC_0570,BizCorp_0570,2026-06-01,98,260913,213670,APAC,Healthcare,Premium,149,260577,107280,Simulated
ACC_0570,BizCorp_0570,2026-07-01,94,300300,240178,APAC,Healthcare,Premium,149,260577,107280,Simulated
ACC_0570,BizCorp_0570,2026-08-01,90,260864,217273,APAC,Healthcare,Premium,149,260577,107280,Simulated
ACC_0571,BizCorp_0571,2026-03-01,102,102073,80475,AMER,Manufacturing,Enterprise,240,221256,129600,Simulated
ACC_0571,BizCorp_0571,2026-04-01,103,92439,78571,AMER,Manufacturing,Enterprise,240,221256,129600,Simulated
ACC_0571,BizCorp_0571,2026-05-01,107,71925,60066,AMER,Manufacturing,Enterprise,240,221256,129600,Simulated
ACC_0571,BizCorp_0571,2026-06-01,134,105117,84090,AMER,Manufacturing,Enterprise,240,221256,129600,Simulated
ACC_0571,BizCorp_0571,2026-07-01,161,115349,100908,AMER,Manufacturing,Enterprise,240,221256,129600,Simulated
ACC_0571,BizCorp_0571,2026-08-01,193,151969,121090,AMER,Manufacturing,Enterprise,240,221256,129600,Simulated
ACC_0572,BizCorp_0572,2026-03-01,57,35627,28304,AMER,Financial Services,Premium,99,47642,71280,Simulated
ACC_0572,BizCorp_0572,2026-04-01,53,36262,28328,AMER,Financial Services,Premium,99,47642,71280,Simulated
ACC_0572,BizCorp_0572,2026-05-01,58,34665,29381,AMER,Financial Services,Premium,99,47642,71280,Simulated
ACC_0572,BizCorp_0572,2026-06-01,56,34810,30510,AMER,Financial Services,Premium,99,47642,71280,Simulated
ACC_0572,BizCorp_0572,2026-07-01,50,41490,36108,AMER,Financial Services,Premium,99,47642,71280,Simulated
ACC_0572,BizCorp_0572,2026-08-01,50,37042,33066,AMER,Financial Services,Premium,99,47642,71280,Simulated
ACC_0573,BizCorp_0573,2026-03-01,5,4432,3735,AMER,Retail,Standard,10,3759,9600,Simulated
ACC_0573,BizCorp_0573,2026-04-01,6,4106,3415,AMER,Retail,Standard,10,3759,9600,Simulated
ACC_0573,BizCorp_0573,2026-05-01,5,5139,4035,AMER,Retail,Standard,10,3759,9600,Simulated
ACC_0573,BizCorp_0573,2026-06-01,2,2134,1785,AMER,Retail,Standard,10,3759,9600,Simulated
ACC_0573,BizCorp_0573,2026-07-01,1,1044,892,AMER,Retail,Standard,10,3759,9600,Simulated
ACC_0573,BizCorp_0573,2026-08-01,1,507,446,AMER,Retail,Standard,10,3759,9600,Simulated
ACC_0574,BizCorp_0574,2026-03-01,7,3826,3441,APAC,Healthcare,Standard,15,7946,14400,Simulated
ACC_0574,BizCorp_0574,2026-04-01,7,4122,3511,APAC,Healthcare,Standard,15,7946,14400,Simulated
ACC_0574,BizCorp_0574,2026-05-01,7,3924,3210,APAC,Healthcare,Standard,15,7946,14400,Simulated
ACC_0574,BizCorp_0574,2026-06-01,7,3759,3203,APAC,Healthcare,Standard,15,7946,14400,Simulated
ACC_0574,BizCorp_0574,2026-07-01,7,4423,3465,APAC,Healthcare,Standard,15,7946,14400,Simulated
ACC_0574,BizCorp_0574,2026-08-01,7,3982,3311,APAC,Healthcare,Standard,15,7946,14400,Simulated
ACC_0575,BizCorp_0575,2026-03-01,343,206902,166474,EMEA,Financial Services,Enterprise,486,396336,262440,Simulated
ACC_0575,BizCorp_0575,2026-04-01,337,206034,182527,EMEA,Financial Services,Enterprise,486,396336,262440,Simulated
ACC_0575,BizCorp_0575,2026-05-01,339,195045,159432,EMEA,Financial Services,Enterprise,486,396336,262440,Simulated
ACC_0575,BizCorp_0575,2026-06-01,307,178173,160690,EMEA,Financial Services,Enterprise,486,396336,262440,Simulated
ACC_0575,BizCorp_0575,2026-07-01,290,184766,156096,EMEA,Financial Services,Enterprise,486,396336,262440,Simulated
ACC_0575,BizCorp_0575,2026-08-01,302,244056,191172,EMEA,Financial Services,Enterprise,486,396336,262440,Simulated
ACC_0576,BizCorp_0576,2026-03-01,213,148947,133796,APAC,Healthcare,Enterprise,590,378277,318600,Simulated
ACC_0576,BizCorp_0576,2026-04-01,211,175057,146304,APAC,Healthcare,Enterprise,590,378277,318600,Simulated
ACC_0576,BizCorp_0576,2026-05-01,180,202056,155879,APAC,Healthcare,Enterprise,590,378277,318600,Simulated
ACC_0576,BizCorp_0576,2026-06-01,236,242666,188851,APAC,Healthcare,Enterprise,590,378277,318600,Simulated
ACC_0576,BizCorp_0576,2026-07-01,284,271649,226621,APAC,Healthcare,Enterprise,590,378277,318600,Simulated
ACC_0576,BizCorp_0576,2026-08-01,319,303488,271945,APAC,Healthcare,Enterprise,590,378277,318600,Simulated
ACC_0577,BizCorp_0577,2026-03-01,52,35875,30052,APAC,Manufacturing,Premium,75,45902,54000,Simulated
ACC_0577,BizCorp_0577,2026-04-01,54,38674,31973,APAC,Manufacturing,Premium,75,45902,54000,Simulated
ACC_0577,BizCorp_0577,2026-05-01,54,41106,33521,APAC,Manufacturing,Premium,75,45902,54000,Simulated
ACC_0577,BizCorp_0577,2026-06-01,60,43700,37501,APAC,Manufacturing,Premium,75,45902,54000,Simulated
ACC_0577,BizCorp_0577,2026-07-01,69,50902,45002,APAC,Manufacturing,Premium,75,45902,54000,Simulated
ACC_0577,BizCorp_0577,2026-08-01,69,66767,54002,APAC,Manufacturing,Premium,75,45902,54000,Simulated
ACC_0578,BizCorp_0578,2026-03-01,215,249363,210119,AMER,Retail,Enterprise,514,187236,277560,Simulated
ACC_0578,BizCorp_0578,2026-04-01,216,252114,217319,AMER,Retail,Enterprise,514,187236,277560,Simulated
ACC_0578,BizCorp_0578,2026-05-01,248,244565,220278,AMER,Retail,Enterprise,514,187236,277560,Simulated
ACC_0578,BizCorp_0578,2026-06-01,113,116948,95990,AMER,Retail,Enterprise,514,187236,277560,Simulated
ACC_0578,BizCorp_0578,2026-07-01,56,60489,47995,AMER,Retail,Enterprise,514,187236,277560,Simulated
ACC_0578,BizCorp_0578,2026-08-01,28,27633,23997,AMER,Retail,Enterprise,514,187236,277560,Simulated
ACC_0579,BizCorp_0579,2026-03-01,25,60060,50350,AMER,Logistics,Premium,36,88404,25920,Simulated
ACC_0579,BizCorp_0579,2026-04-01,25,47074,38955,AMER,Logistics,Premium,36,88404,25920,Simulated
ACC_0579,BizCorp_0579,2026-05-01,26,56246,47511,AMER,Logistics,Premium,36,88404,25920,Simulated
ACC_0579,BizCorp_0579,2026-06-01,26,43853,38723,AMER,Logistics,Premium,36,88404,25920,Simulated
ACC_0579,BizCorp_0579,2026-07-01,27,55642,49981,AMER,Logistics,Premium,36,88404,25920,Simulated
ACC_0579,BizCorp_0579,2026-08-01,26,58716,49461,AMER,Logistics,Premium,36,88404,25920,Simulated
ACC_0580,BizCorp_0580,2026-03-01,5,6173,5494,APAC,Manufacturing,Standard,10,15188,9600,Simulated
ACC_0580,BizCorp_0580,2026-04-01,5,6481,5409,APAC,Manufacturing,Standard,10,15188,9600,Simulated
ACC_0580,BizCorp_0580,2026-05-01,6,5887,4985,APAC,Manufacturing,Standard,10,15188,9600,Simulated
ACC_0580,BizCorp_0580,2026-06-01,6,7400,5828,APAC,Manufacturing,Standard,10,15188,9600,Simulated
ACC_0580,BizCorp_0580,2026-07-01,7,8094,6994,APAC,Manufacturing,Standard,10,15188,9600,Simulated
ACC_0580,BizCorp_0580,2026-08-01,9,10255,8392,APAC,Manufacturing,Standard,10,15188,9600,Simulated
ACC_0581,BizCorp_0581,2026-03-01,15,37976,33904,EMEA,Manufacturing,Standard,29,43539,27840,Simulated
ACC_0581,BizCorp_0581,2026-04-01,13,37108,32839,EMEA,Manufacturing,Standard,29,43539,27840,Simulated
ACC_0581,BizCorp_0581,2026-05-01,14,44143,34303,EMEA,Manufacturing,Standard,29,43539,27840,Simulated
ACC_0581,BizCorp_0581,2026-06-01,15,36704,32471,EMEA,Manufacturing,Standard,29,43539,27840,Simulated
ACC_0581,BizCorp_0581,2026-07-01,13,33628,30391,EMEA,Manufacturing,Standard,29,43539,27840,Simulated
ACC_0581,BizCorp_0581,2026-08-01,14,41788,33816,EMEA,Manufacturing,Standard,29,43539,27840,Simulated
ACC_0582,BizCorp_0582,2026-03-01,231,60251,53796,APAC,Logistics,Enterprise,380,88721,205200,Simulated
ACC_0582,BizCorp_0582,2026-04-01,272,55288,49904,APAC,Logistics,Enterprise,380,88721,205200,Simulated
ACC_0582,BizCorp_0582,2026-05-01,223,80864,64285,APAC,Logistics,Enterprise,380,88721,205200,Simulated
ACC_0582,BizCorp_0582,2026-06-01,123,36496,28526,APAC,Logistics,Enterprise,380,88721,205200,Simulated
ACC_0582,BizCorp_0582,2026-07-01,61,18040,14263,APAC,Logistics,Enterprise,380,88721,205200,Simulated
ACC_0582,BizCorp_0582,2026-08-01,30,8543,7131,APAC,Logistics,Enterprise,380,88721,205200,Simulated
ACC_0583,BizCorp_0583,2026-03-01,30,28931,25008,APAC,Logistics,Premium,40,27717,28800,Simulated
ACC_0583,BizCorp_0583,2026-04-01,27,27036,23469,APAC,Logistics,Premium,40,27717,28800,Simulated
ACC_0583,BizCorp_0583,2026-05-01,30,26983,24109,APAC,Logistics,Premium,40,27717,28800,Simulated
ACC_0583,BizCorp_0583,2026-06-01,14,13888,11372,APAC,Logistics,Premium,40,27717,28800,Simulated
ACC_0583,BizCorp_0583,2026-07-01,7,7038,5686,APAC,Logistics,Premium,40,27717,28800,Simulated
ACC_0583,BizCorp_0583,2026-08-01,3,3145,2843,APAC,Logistics,Premium,40,27717,28800,Simulated
ACC_0584,BizCorp_0584,2026-03-01,48,17332,14422,EMEA,Healthcare,Premium,84,26039,60480,Simulated
ACC_0584,BizCorp_0584,2026-04-01,43,18871,15990,EMEA,Healthcare,Premium,84,26039,60480,Simulated
ACC_0584,BizCorp_0584,2026-05-01,48,17980,13864,EMEA,Healthcare,Premium,84,26039,60480,Simulated
ACC_0584,BizCorp_0584,2026-06-01,22,8748,7530,EMEA,Healthcare,Premium,84,26039,60480,Simulated
ACC_0584,BizCorp_0584,2026-07-01,11,4387,3765,EMEA,Healthcare,Premium,84,26039,60480,Simulated
ACC_0584,BizCorp_0584,2026-08-01,5,2160,1882,EMEA,Healthcare,Premium,84,26039,60480,Simulated
ACC_0585,BizCorp_0585,2026-03-01,3,3716,3290,EMEA,Technology,Standard,7,5860,6720,Simulated
ACC_0585,BizCorp_0585,2026-04-01,4,3266,2625,EMEA,Technology,Standard,7,5860,6720,Simulated
ACC_0585,BizCorp_0585,2026-05-01,3,3269,2809,EMEA,Technology,Standard,7,5860,6720,Simulated
ACC_0585,BizCorp_0585,2026-06-01,3,3476,2941,EMEA,Technology,Standard,7,5860,6720,Simulated
ACC_0585,BizCorp_0585,2026-07-01,4,3835,3107,EMEA,Technology,Standard,7,5860,6720,Simulated
ACC_0585,BizCorp_0585,2026-08-01,4,3454,2782,EMEA,Technology,Standard,7,5860,6720,Simulated
ACC_0586,BizCorp_0586,2026-03-01,265,56940,51308,EMEA,Technology,Enterprise,486,184142,262440,Simulated
ACC_0586,BizCorp_0586,2026-04-01,289,69155,58710,EMEA,Technology,Enterprise,486,184142,262440,Simulated
ACC_0586,BizCorp_0586,2026-05-01,287,68829,53220,EMEA,Technology,Enterprise,486,184142,262440,Simulated
ACC_0586,BizCorp_0586,2026-06-01,325,81149,64571,EMEA,Technology,Enterprise,486,184142,262440,Simulated
ACC_0586,BizCorp_0586,2026-07-01,390,98600,77485,EMEA,Technology,Enterprise,486,184142,262440,Simulated
ACC_0586,BizCorp_0586,2026-08-01,409,110641,92982,EMEA,Technology,Enterprise,486,184142,262440,Simulated
ACC_0587,BizCorp_0587,2026-03-01,339,374748,299726,AMER,Technology,Enterprise,698,254767,376920,Simulated
ACC_0587,BizCorp_0587,2026-04-01,353,303847,238530,AMER,Technology,Enterprise,698,254767,376920,Simulated
ACC_0587,BizCorp_0587,2026-05-01,306,272722,243798,AMER,Technology,Enterprise,698,254767,376920,Simulated
ACC_0587,BizCorp_0587,2026-06-01,164,168003,131757,AMER,Technology,Enterprise,698,254767,376920,Simulated
ACC_0587,BizCorp_0587,2026-07-01,82,76873,65878,AMER,Technology,Enterprise,698,254767,376920,Simulated
ACC_0587,BizCorp_0587,2026-08-01,41,36509,32939,AMER,Technology,Enterprise,698,254767,376920,Simulated
ACC_0588,BizCorp_0588,2026-03-01,25,31621,25416,APAC,Manufacturing,Premium,35,22712,25200,Simulated
ACC_0588,BizCorp_0588,2026-04-01,22,30031,24489,APAC,Manufacturing,Premium,35,22712,25200,Simulated
ACC_0588,BizCorp_0588,2026-05-01,24,28998,24688,APAC,Manufacturing,Premium,35,22712,25200,Simulated
ACC_0588,BizCorp_0588,2026-06-01,20,28499,22532,APAC,Manufacturing,Premium,35,22712,25200,Simulated
ACC_0588,BizCorp_0588,2026-07-01,23,24129,20685,APAC,Manufacturing,Premium,35,22712,25200,Simulated
ACC_0588,BizCorp_0588,2026-08-01,24,29131,24256,APAC,Manufacturing,Premium,35,22712,25200,Simulated
ACC_0589,BizCorp_0589,2026-03-01,8,5923,4990,AMER,Manufacturing,Standard,11,19361,10560,Simulated
ACC_0589,BizCorp_0589,2026-04-01,9,6266,5262,AMER,Manufacturing,Standard,11,19361,10560,Simulated
ACC_0589,BizCorp_0589,2026-05-01,8,5913,4896,AMER,Manufacturing,Standard,11,19361,10560,Simulated
ACC_0589,BizCorp_0589,2026-06-01,9,7247,5793,AMER,Manufacturing,Standard,11,19361,10560,Simulated
ACC_0589,BizCorp_0589,2026-07-01,11,7707,6951,AMER,Manufacturing,Standard,11,19361,10560,Simulated
ACC_0589,BizCorp_0589,2026-08-01,11,9731,8342,AMER,Manufacturing,Standard,11,19361,10560,Simulated
ACC_0590,BizCorp_0590,2026-03-01,6,10256,8667,APAC,Healthcare,Standard,14,15545,13440,Simulated
ACC_0590,BizCorp_0590,2026-04-01,6,10682,8797,APAC,Healthcare,Standard,14,15545,13440,Simulated
ACC_0590,BizCorp_0590,2026-05-01,7,9934,8680,APAC,Healthcare,Standard,14,15545,13440,Simulated
ACC_0590,BizCorp_0590,2026-06-01,8,10912,9465,APAC,Healthcare,Standard,14,15545,13440,Simulated
ACC_0590,BizCorp_0590,2026-07-01,10,14518,11358,APAC,Healthcare,Standard,14,15545,13440,Simulated
ACC_0590,BizCorp_0590,2026-08-01,11,17316,13630,APAC,Healthcare,Standard,14,15545,13440,Simulated
ACC_0591,BizCorp_0591,2026-03-01,37,23316,20349,AMER,Financial Services,Premium,41,38738,29520,Simulated
ACC_0591,BizCorp_0591,2026-04-01,35,30082,26209,AMER,Financial Services,Premium,41,38738,29520,Simulated
ACC_0591,BizCorp_0591,2026-05-01,34,23040,20660,AMER,Financial Services,Premium,41,38738,29520,Simulated
ACC_0591,BizCorp_0591,2026-06-01,40,30917,24156,AMER,Financial Services,Premium,41,38738,29520,Simulated
ACC_0591,BizCorp_0591,2026-07-01,41,26028,20435,AMER,Financial Services,Premium,41,38738,29520,Simulated
ACC_0591,BizCorp_0591,2026-08-01,39,32467,25817,AMER,Financial Services,Premium,41,38738,29520,Simulated
ACC_0592,BizCorp_0592,2026-03-01,171,177628,141431,EMEA,Technology,Enterprise,184,405485,99360,Simulated
ACC_0592,BizCorp_0592,2026-04-01,182,184942,157023,EMEA,Technology,Enterprise,184,405485,99360,Simulated
ACC_0592,BizCorp_0592,2026-05-01,177,154839,125761,EMEA,Technology,Enterprise,184,405485,99360,Simulated
ACC_0592,BizCorp_0592,2026-06-01,153,158890,136298,EMEA,Technology,Enterprise,184,405485,99360,Simulated
ACC_0592,BizCorp_0592,2026-07-01,161,154995,138402,EMEA,Technology,Enterprise,184,405485,99360,Simulated
ACC_0592,BizCorp_0592,2026-08-01,184,168816,148894,EMEA,Technology,Enterprise,184,405485,99360,Simulated
ACC_0593,BizCorp_0593,2026-03-01,256,165704,146281,APAC,Technology,Enterprise,315,228307,170100,Simulated
ACC_0593,BizCorp_0593,2026-04-01,218,210680,181324,APAC,Technology,Enterprise,315,228307,170100,Simulated
ACC_0593,BizCorp_0593,2026-05-01,239,181397,162876,APAC,Technology,Enterprise,315,228307,170100,Simulated
ACC_0593,BizCorp_0593,2026-06-01,118,104069,80266,APAC,Technology,Enterprise,315,228307,170100,Simulated
ACC_0593,BizCorp_0593,2026-07-01,59,51155,40133,APAC,Technology,Enterprise,315,228307,170100,Simulated
ACC_0593,BizCorp_0593,2026-08-01,29,25495,20066,APAC,Technology,Enterprise,315,228307,170100,Simulated
ACC_0594,BizCorp_0594,2026-03-01,50,13519,11715,EMEA,Healthcare,Premium,51,10171,36720,Simulated
ACC_0594,BizCorp_0594,2026-04-01,44,13701,11736,EMEA,Healthcare,Premium,51,10171,36720,Simulated
ACC_0594,BizCorp_0594,2026-05-01,47,14441,11966,EMEA,Healthcare,Premium,51,10171,36720,Simulated
ACC_0594,BizCorp_0594,2026-06-01,47,13220,10811,EMEA,Healthcare,Premium,51,10171,36720,Simulated
ACC_0594,BizCorp_0594,2026-07-01,50,11634,10403,EMEA,Healthcare,Premium,51,10171,36720,Simulated
ACC_0594,BizCorp_0594,2026-08-01,44,14353,11872,EMEA,Healthcare,Premium,51,10171,36720,Simulated
ACC_0595,BizCorp_0595,2026-03-01,18,54015,43099,AMER,Financial Services,Standard,23,51719,22080,Simulated
ACC_0595,BizCorp_0595,2026-04-01,19,39669,33951,AMER,Financial Services,Standard,23,51719,22080,Simulated
ACC_0595,BizCorp_0595,2026-05-01,18,45470,39927,AMER,Financial Services,Standard,23,51719,22080,Simulated
ACC_0595,BizCorp_0595,2026-06-01,8,24522,18889,AMER,Financial Services,Standard,23,51719,22080,Simulated
ACC_0595,BizCorp_0595,2026-07-01,4,11818,9444,AMER,Financial Services,Standard,23,51719,22080,Simulated
ACC_0595,BizCorp_0595,2026-08-01,2,5526,4722,AMER,Financial Services,Standard,23,51719,22080,Simulated
ACC_0596,BizCorp_0596,2026-03-01,3,7842,6248,AMER,Logistics,Standard,5,11465,4800,Simulated
ACC_0596,BizCorp_0596,2026-04-01,3,6304,5150,AMER,Logistics,Standard,5,11465,4800,Simulated
ACC_0596,BizCorp_0596,2026-05-01,3,7274,5869,AMER,Logistics,Standard,5,11465,4800,Simulated
ACC_0596,BizCorp_0596,2026-06-01,1,3704,2860,AMER,Logistics,Standard,5,11465,4800,Simulated
ACC_0596,BizCorp_0596,2026-07-01,1,1785,1430,AMER,Logistics,Standard,5,11465,4800,Simulated
ACC_0596,BizCorp_0596,2026-08-01,1,905,715,AMER,Logistics,Standard,5,11465,4800,Simulated
ACC_0597,BizCorp_0597,2026-03-01,281,189473,148027,AMER,Technology,Enterprise,744,302613,401760,Simulated
ACC_0597,BizCorp_0597,2026-04-01,265,169584,139669,AMER,Technology,Enterprise,744,302613,401760,Simulated
ACC_0597,BizCorp_0597,2026-05-01,263,189913,161696,AMER,Technology,Enterprise,744,302613,401760,Simulated
ACC_0597,BizCorp_0597,2026-06-01,350,215923,184906,AMER,Technology,Enterprise,744,302613,401760,Simulated
ACC_0597,BizCorp_0597,2026-07-01,420,277346,221887,AMER,Technology,Enterprise,744,302613,401760,Simulated
ACC_0597,BizCorp_0597,2026-08-01,469,293287,266265,AMER,Technology,Enterprise,744,302613,401760,Simulated
ACC_0598,BizCorp_0598,2026-03-01,11,3651,3012,APAC,Technology,Standard,17,4308,16320,Simulated
ACC_0598,BizCorp_0598,2026-04-01,10,3127,2609,APAC,Technology,Standard,17,4308,16320,Simulated
ACC_0598,BizCorp_0598,2026-05-01,12,3652,3127,APAC,Technology,Standard,17,4308,16320,Simulated
ACC_0598,BizCorp_0598,2026-06-01,5,1793,1464,APAC,Technology,Standard,17,4308,16320,Simulated
ACC_0598,BizCorp_0598,2026-07-01,2,809,732,APAC,Technology,Standard,17,4308,16320,Simulated
ACC_0598,BizCorp_0598,2026-08-01,1,463,366,APAC,Technology,Standard,17,4308,16320,Simulated
ACC_0599,BizCorp_0599,2026-03-01,9,6974,6220,EMEA,Logistics,Standard,14,12407,13440,Simulated
ACC_0599,BizCorp_0599,2026-04-01,10,9845,7575,EMEA,Logistics,Standard,14,12407,13440,Simulated
ACC_0599,BizCorp_0599,2026-05-01,10,10271,7902,EMEA,Logistics,Standard,14,12407,13440,Simulated
ACC_0599,BizCorp_0599,2026-06-01,4,4172,3609,EMEA,Logistics,Standard,14,12407,13440,Simulated
ACC_0599,BizCorp_0599,2026-07-01,2,2290,1804,EMEA,Logistics,Standard,14,12407,13440,Simulated
ACC_0599,BizCorp_0599,2026-08-01,1,1169,902,EMEA,Logistics,Standard,14,12407,13440,Simulated
ACC_0600,BizCorp_0600,2026-03-01,21,32926,25401,APAC,Financial Services,Premium,39,52063,28080,Simulated
ACC_0600,BizCorp_0600,2026-04-01,22,40164,31529,APAC,Financial Services,Premium,39,52063,28080,Simulated
ACC_0600,BizCorp_0600,2026-05-01,24,38822,30561,APAC,Financial Services,Premium,39,52063,28080,Simulated
ACC_0600,BizCorp_0600,2026-06-01,11,17380,14823,APAC,Financial Services,Premium,39,52063,28080,Simulated
ACC_0600,BizCorp_0600,2026-07-01,5,8293,7411,APAC,Financial Services,Premium,39,52063,28080,Simulated
ACC_0600,BizCorp_0600,2026-08-01,2,4271,3705,APAC,Financial Services,Premium,39,52063,28080,Simulated
ACC_0601,BizCorp_0601,2026-03-01,256,142731,127922,APAC,Manufacturing,Enterprise,373,214857,201420,Simulated
ACC_0601,BizCorp_0601,2026-04-01,229,147478,117782,APAC,Manufacturing,Enterprise,373,214857,201420,Simulated
ACC_0601,BizCorp_0601,2026-05-01,265,156575,140309,APAC,Manufacturing,Enterprise,373,214857,201420,Simulated
ACC_0601,BizCorp_0601,2026-06-01,126,77562,62421,APAC,Manufacturing,Enterprise,373,214857,201420,Simulated
ACC_0601,BizCorp_0601,2026-07-01,63,40168,31210,APAC,Manufacturing,Enterprise,373,214857,201420,Simulated
ACC_0601,BizCorp_0601,2026-08-01,31,19881,15605,APAC,Manufacturing,Enterprise,373,214857,201420,Simulated
ACC_0602,BizCorp_0602,2026-03-01,197,132757,103220,AMER,Retail,Enterprise,207,251294,111780,Simulated
ACC_0602,BizCorp_0602,2026-04-01,206,132378,118344,AMER,Retail,Enterprise,207,251294,111780,Simulated
ACC_0602,BizCorp_0602,2026-05-01,207,128498,113980,AMER,Retail,Enterprise,207,251294,111780,Simulated
ACC_0602,BizCorp_0602,2026-06-01,107,59463,53146,AMER,Retail,Enterprise,207,251294,111780,Simulated
ACC_0602,BizCorp_0602,2026-07-01,53,34250,26573,AMER,Retail,Enterprise,207,251294,111780,Simulated
ACC_0602,BizCorp_0602,2026-08-01,26,14625,13286,AMER,Retail,Enterprise,207,251294,111780,Simulated
ACC_0603,BizCorp_0603,2026-03-01,143,122362,108117,AMER,Financial Services,Enterprise,537,416997,289980,Simulated
ACC_0603,BizCorp_0603,2026-04-01,159,157596,137098,AMER,Financial Services,Enterprise,537,416997,289980,Simulated
ACC_0603,BizCorp_0603,2026-05-01,141,142475,110994,AMER,Financial Services,Enterprise,537,416997,289980,Simulated
ACC_0603,BizCorp_0603,2026-06-01,175,182408,147087,AMER,Financial Services,Enterprise,537,416997,289980,Simulated
ACC_0603,BizCorp_0603,2026-07-01,210,197822,176505,AMER,Financial Services,Enterprise,537,416997,289980,Simulated
ACC_0603,BizCorp_0603,2026-08-01,252,267394,211806,AMER,Financial Services,Enterprise,537,416997,289980,Simulated
ACC_0604,BizCorp_0604,2026-03-01,2,5247,4123,APAC,Retail,Standard,8,9782,7680,Simulated
ACC_0604,BizCorp_0604,2026-04-01,2,4578,4158,APAC,Retail,Standard,8,9782,7680,Simulated
ACC_0604,BizCorp_0604,2026-05-01,2,4253,3379,APAC,Retail,Standard,8,9782,7680,Simulated
ACC_0604,BizCorp_0604,2026-06-01,3,5461,4351,APAC,Retail,Standard,8,9782,7680,Simulated
ACC_0604,BizCorp_0604,2026-07-01,4,5938,5221,APAC,Retail,Standard,8,9782,7680,Simulated
ACC_0604,BizCorp_0604,2026-08-01,5,7577,6265,APAC,Retail,Standard,8,9782,7680,Simulated
ACC_0605,BizCorp_0605,2026-03-01,10,5028,4340,APAC,Financial Services,Standard,18,5772,17280,Simulated
ACC_0605,BizCorp_0605,2026-04-01,9,5339,4516,APAC,Financial Services,Standard,18,5772,17280,Simulated
ACC_0605,BizCorp_0605,2026-05-01,10,4501,3680,APAC,Financial Services,Standard,18,5772,17280,Simulated
ACC_0605,BizCorp_0605,2026-06-01,11,4834,4200,APAC,Financial Services,Standard,18,5772,17280,Simulated
ACC_0605,BizCorp_0605,2026-07-01,10,3776,3363,APAC,Financial Services,Standard,18,5772,17280,Simulated
ACC_0605,BizCorp_0605,2026-08-01,10,5258,4247,APAC,Financial Services,Standard,18,5772,17280,Simulated
ACC_0606,BizCorp_0606,2026-03-01,7,3146,2533,APAC,Financial Services,Standard,12,5306,11520,Simulated
ACC_0606,BizCorp_0606,2026-04-01,6,2810,2534,APAC,Financial Services,Standard,12,5306,11520,Simulated
ACC_0606,BizCorp_0606,2026-05-01,5,3430,2653,APAC,Financial Services,Standard,12,5306,11520,Simulated
ACC_0606,BizCorp_0606,2026-06-01,6,2664,2421,APAC,Financial Services,Standard,12,5306,11520,Simulated
ACC_0606,BizCorp_0606,2026-07-01,6,2997,2419,APAC,Financial Services,Standard,12,5306,11520,Simulated
ACC_0606,BizCorp_0606,2026-08-01,6,3103,2609,APAC,Financial Services,Standard,12,5306,11520,Simulated
ACC_0607,BizCorp_0607,2026-03-01,50,16486,13945,AMER,Manufacturing,Premium,77,31322,55440,Simulated
ACC_0607,BizCorp_0607,2026-04-01,48,18440,15513,AMER,Manufacturing,Premium,77,31322,55440,Simulated
ACC_0607,BizCorp_0607,2026-05-01,44,17478,15314,AMER,Manufacturing,Premium,77,31322,55440,Simulated
ACC_0607,BizCorp_0607,2026-06-01,45,20792,16351,AMER,Manufacturing,Premium,77,31322,55440,Simulated
ACC_0607,BizCorp_0607,2026-07-01,48,18925,14673,AMER,Manufacturing,Premium,77,31322,55440,Simulated
ACC_0607,BizCorp_0607,2026-08-01,46,16165,13623,AMER,Manufacturing,Premium,77,31322,55440,Simulated
ACC_0608,BizCorp_0608,2026-03-01,161,264875,228772,EMEA,Retail,Enterprise,240,753188,129600,Simulated
ACC_0608,BizCorp_0608,2026-04-01,173,291214,258137,EMEA,Retail,Enterprise,240,753188,129600,Simulated
ACC_0608,BizCorp_0608,2026-05-01,168,249781,226507,EMEA,Retail,Enterprise,240,753188,129600,Simulated
ACC_0608,BizCorp_0608,2026-06-01,186,284476,233695,EMEA,Retail,Enterprise,240,753188,129600,Simulated
ACC_0608,BizCorp_0608,2026-07-01,171,287547,241663,EMEA,Retail,Enterprise,240,753188,129600,Simulated
ACC_0608,BizCorp_0608,2026-08-01,183,258254,216046,EMEA,Retail,Enterprise,240,753188,129600,Simulated
ACC_0609,BizCorp_0609,2026-03-01,2,7548,6009,AMER,Healthcare,Standard,7,21448,6720,Simulated
ACC_0609,BizCorp_0609,2026-04-01,2,8454,6517,AMER,Healthcare,Standard,7,21448,6720,Simulated
ACC_0609,BizCorp_0609,2026-05-01,2,7946,7039,AMER,Healthcare,Standard,7,21448,6720,Simulated
ACC_0609,BizCorp_0609,2026-06-01,3,9345,8102,AMER,Healthcare,Standard,7,21448,6720,Simulated
ACC_0609,BizCorp_0609,2026-07-01,3,11415,9722,AMER,Healthcare,Standard,7,21448,6720,Simulated
ACC_0609,BizCorp_0609,2026-08-01,4,13427,11666,AMER,Healthcare,Standard,7,21448,6720,Simulated
ACC_0610,BizCorp_0610,2026-03-01,2,9131,8271,AMER,Technology,Standard,3,9355,2880,Simulated
ACC_0610,BizCorp_0610,2026-04-01,2,9864,8591,AMER,Technology,Standard,3,9355,2880,Simulated
ACC_0610,BizCorp_0610,2026-05-01,2,10534,8417,AMER,Technology,Standard,3,9355,2880,Simulated
ACC_0610,BizCorp_0610,2026-06-01,2,9575,7831,AMER,Technology,Standard,3,9355,2880,Simulated
ACC_0610,BizCorp_0610,2026-07-01,2,8832,7771,AMER,Technology,Standard,3,9355,2880,Simulated
ACC_0610,BizCorp_0610,2026-08-01,2,8775,7767,AMER,Technology,Standard,3,9355,2880,Simulated
ACC_0611,BizCorp_0611,2026-03-01,132,70462,64040,EMEA,Manufacturing,Enterprise,143,174532,77220,Simulated
ACC_0611,BizCorp_0611,2026-04-01,123,64320,55388,EMEA,Manufacturing,Enterprise,143,174532,77220,Simulated
ACC_0611,BizCorp_0611,2026-05-01,138,73227,58075,EMEA,Manufacturing,Enterprise,143,174532,77220,Simulated
ACC_0611,BizCorp_0611,2026-06-01,133,80437,65186,EMEA,Manufacturing,Enterprise,143,174532,77220,Simulated
ACC_0611,BizCorp_0611,2026-07-01,143,74954,63988,EMEA,Manufacturing,Enterprise,143,174532,77220,Simulated
ACC_0611,BizCorp_0611,2026-08-01,127,83210,65107,EMEA,Manufacturing,Enterprise,143,174532,77220,Simulated
ACC_0612,BizCorp_0612,2026-03-01,133,90692,77735,APAC,Healthcare,Enterprise,208,161458,112320,Simulated
ACC_0612,BizCorp_0612,2026-04-01,126,105745,95846,APAC,Healthcare,Enterprise,208,161458,112320,Simulated
ACC_0612,BizCorp_0612,2026-05-01,122,96872,85926,APAC,Healthcare,Enterprise,208,161458,112320,Simulated
ACC_0612,BizCorp_0612,2026-06-01,67,49814,42139,APAC,Healthcare,Enterprise,208,161458,112320,Simulated
ACC_0612,BizCorp_0612,2026-07-01,33,23360,21069,APAC,Healthcare,Enterprise,208,161458,112320,Simulated
ACC_0612,BizCorp_0612,2026-08-01,16,12571,10534,APAC,Healthcare,Enterprise,208,161458,112320,Simulated
ACC_0613,BizCorp_0613,2026-03-01,78,192023,167831,AMER,Logistics,Premium,132,293688,95040,Simulated
ACC_0613,BizCorp_0613,2026-04-01,73,167657,151408,AMER,Logistics,Premium,132,293688,95040,Simulated
ACC_0613,BizCorp_0613,2026-05-01,70,181696,161644,AMER,Logistics,Premium,132,293688,95040,Simulated
ACC_0613,BizCorp_0613,2026-06-01,74,192415,161698,AMER,Logistics,Premium,132,293688,95040,Simulated
ACC_0613,BizCorp_0613,2026-07-01,73,172087,149988,AMER,Logistics,Premium,132,293688,95040,Simulated
ACC_0613,BizCorp_0613,2026-08-01,72,216339,171941,AMER,Logistics,Premium,132,293688,95040,Simulated
ACC_0614,BizCorp_0614,2026-03-01,96,213492,172286,EMEA,Healthcare,Premium,142,175344,102240,Simulated
ACC_0614,BizCorp_0614,2026-04-01,86,229189,181405,EMEA,Healthcare,Premium,142,175344,102240,Simulated
ACC_0614,BizCorp_0614,2026-05-01,90,186780,160169,EMEA,Healthcare,Premium,142,175344,102240,Simulated
ACC_0614,BizCorp_0614,2026-06-01,88,216661,168613,EMEA,Healthcare,Premium,142,175344,102240,Simulated
ACC_0614,BizCorp_0614,2026-07-01,91,188247,160924,EMEA,Healthcare,Premium,142,175344,102240,Simulated
ACC_0614,BizCorp_0614,2026-08-01,93,200960,162171,EMEA,Healthcare,Premium,142,175344,102240,Simulated
ACC_0615,BizCorp_0615,2026-03-01,11,9644,8471,APAC,Healthcare,Standard,11,16059,10560,Simulated
ACC_0615,BizCorp_0615,2026-04-01,11,8232,7423,APAC,Healthcare,Standard,11,16059,10560,Simulated
ACC_0615,BizCorp_0615,2026-05-01,10,10093,8858,APAC,Healthcare,Standard,11,16059,10560,Simulated
ACC_0615,BizCorp_0615,2026-06-01,10,8334,7004,APAC,Healthcare,Standard,11,16059,10560,Simulated
ACC_0615,BizCorp_0615,2026-07-01,11,8631,6932,APAC,Healthcare,Standard,11,16059,10560,Simulated
ACC_0615,BizCorp_0615,2026-08-01,11,9688,7743,APAC,Healthcare,Standard,11,16059,10560,Simulated
ACC_0616,BizCorp_0616,2026-03-01,9,5834,5155,APAC,Technology,Standard,12,10660,11520,Simulated
ACC_0616,BizCorp_0616,2026-04-01,8,4676,4224,APAC,Technology,Standard,12,10660,11520,Simulated
ACC_0616,BizCorp_0616,2026-05-01,8,6119,5168,APAC,Technology,Standard,12,10660,11520,Simulated
ACC_0616,BizCorp_0616,2026-06-01,4,2617,2343,APAC,Technology,Standard,12,10660,11520,Simulated
ACC_0616,BizCorp_0616,2026-07-01,2,1324,1171,APAC,Technology,Standard,12,10660,11520,Simulated
ACC_0616,BizCorp_0616,2026-08-01,1,652,585,APAC,Technology,Standard,12,10660,11520,Simulated
ACC_0617,BizCorp_0617,2026-03-01,203,218499,181470,AMER,Manufacturing,Enterprise,595,487512,321300,Simulated
ACC_0617,BizCorp_0617,2026-04-01,194,265136,205533,AMER,Manufacturing,Enterprise,595,487512,321300,Simulated
ACC_0617,BizCorp_0617,2026-05-01,208,280455,218521,AMER,Manufacturing,Enterprise,595,487512,321300,Simulated
ACC_0617,BizCorp_0617,2026-06-01,230,303721,234194,AMER,Manufacturing,Enterprise,595,487512,321300,Simulated
ACC_0617,BizCorp_0617,2026-07-01,276,358957,281033,AMER,Manufacturing,Enterprise,595,487512,321300,Simulated
ACC_0617,BizCorp_0617,2026-08-01,331,381580,337240,AMER,Manufacturing,Enterprise,595,487512,321300,Simulated
ACC_0618,BizCorp_0618,2026-03-01,55,26437,22873,AMER,Retail,Premium,94,50491,67680,Simulated
ACC_0618,BizCorp_0618,2026-04-01,51,23952,19213,AMER,Retail,Premium,94,50491,67680,Simulated
ACC_0618,BizCorp_0618,2026-05-01,56,21247,17989,AMER,Retail,Premium,94,50491,67680,Simulated
ACC_0618,BizCorp_0618,2026-06-01,52,27300,21238,AMER,Retail,Premium,94,50491,67680,Simulated
ACC_0618,BizCorp_0618,2026-07-01,57,23031,18590,AMER,Retail,Premium,94,50491,67680,Simulated
ACC_0618,BizCorp_0618,2026-08-01,58,23946,19311,AMER,Retail,Premium,94,50491,67680,Simulated
ACC_0619,BizCorp_0619,2026-03-01,3,4803,3802,AMER,Manufacturing,Standard,4,3579,3840,Simulated
ACC_0619,BizCorp_0619,2026-04-01,2,4120,3231,AMER,Manufacturing,Standard,4,3579,3840,Simulated
ACC_0619,BizCorp_0619,2026-05-01,3,3659,3296,AMER,Manufacturing,Standard,4,3579,3840,Simulated
ACC_0619,BizCorp_0619,2026-06-01,3,4036,3621,AMER,Manufacturing,Standard,4,3579,3840,Simulated
ACC_0619,BizCorp_0619,2026-07-01,3,3768,3127,AMER,Manufacturing,Standard,4,3579,3840,Simulated
ACC_0619,BizCorp_0619,2026-08-01,2,4014,3318,AMER,Manufacturing,Standard,4,3579,3840,Simulated
ACC_0620,BizCorp_0620,2026-03-01,28,31780,25263,EMEA,Manufacturing,Premium,48,57097,34560,Simulated
ACC_0620,BizCorp_0620,2026-04-01,27,28052,24835,EMEA,Manufacturing,Premium,48,57097,34560,Simulated
ACC_0620,BizCorp_0620,2026-05-01,26,33936,27663,EMEA,Manufacturing,Premium,48,57097,34560,Simulated
ACC_0620,BizCorp_0620,2026-06-01,24,36403,30535,EMEA,Manufacturing,Premium,48,57097,34560,Simulated
ACC_0620,BizCorp_0620,2026-07-01,27,37957,32511,EMEA,Manufacturing,Premium,48,57097,34560,Simulated
ACC_0620,BizCorp_0620,2026-08-01,23,26723,24174,EMEA,Manufacturing,Premium,48,57097,34560,Simulated
ACC_0621,BizCorp_0621,2026-03-01,8,5599,4485,AMER,Financial Services,Standard,10,13293,9600,Simulated
ACC_0621,BizCorp_0621,2026-04-01,9,5394,4359,AMER,Financial Services,Standard,10,13293,9600,Simulated
ACC_0621,BizCorp_0621,2026-05-01,8,6465,5443,AMER,Financial Services,Standard,10,13293,9600,Simulated
ACC_0621,BizCorp_0621,2026-06-01,9,5787,5207,AMER,Financial Services,Standard,10,13293,9600,Simulated
ACC_0621,BizCorp_0621,2026-07-01,9,6285,5687,AMER,Financial Services,Standard,10,13293,9600,Simulated
ACC_0621,BizCorp_0621,2026-08-01,8,5605,4767,AMER,Financial Services,Standard,10,13293,9600,Simulated
ACC_0622,BizCorp_0622,2026-03-01,37,12270,10841,AMER,Retail,Premium,63,24216,45360,Simulated
ACC_0622,BizCorp_0622,2026-04-01,39,12756,10341,AMER,Retail,Premium,63,24216,45360,Simulated
ACC_0622,BizCorp_0622,2026-05-01,39,13036,10824,AMER,Retail,Premium,63,24216,45360,Simulated
ACC_0622,BizCorp_0622,2026-06-01,41,13091,10350,AMER,Retail,Premium,63,24216,45360,Simulated
ACC_0622,BizCorp_0622,2026-07-01,37,13284,11984,AMER,Retail,Premium,63,24216,45360,Simulated
ACC_0622,BizCorp_0622,2026-08-01,38,11831,9968,AMER,Retail,Premium,63,24216,45360,Simulated
ACC_0623,BizCorp_0623,2026-03-01,38,23859,20296,EMEA,Manufacturing,Premium,48,22933,34560,Simulated
ACC_0623,BizCorp_0623,2026-04-01,38,19849,15946,EMEA,Manufacturing,Premium,48,22933,34560,Simulated
ACC_0623,BizCorp_0623,2026-05-01,35,19139,16281,EMEA,Manufacturing,Premium,48,22933,34560,Simulated
ACC_0623,BizCorp_0623,2026-06-01,34,22314,17716,EMEA,Manufacturing,Premium,48,22933,34560,Simulated
ACC_0623,BizCorp_0623,2026-07-01,37,24498,20869,EMEA,Manufacturing,Premium,48,22933,34560,Simulated
ACC_0623,BizCorp_0623,2026-08-01,34,19454,17155,EMEA,Manufacturing,Premium,48,22933,34560,Simulated
ACC_0624,BizCorp_0624,2026-03-01,9,3204,2713,EMEA,Healthcare,Standard,25,9033,24000,Simulated
ACC_0624,BizCorp_0624,2026-04-01,9,3450,2822,EMEA,Healthcare,Standard,25,9033,24000,Simulated
ACC_0624,BizCorp_0624,2026-05-01,10,3404,2619,EMEA,Healthcare,Standard,25,9033,24000,Simulated
ACC_0624,BizCorp_0624,2026-06-01,12,4122,3286,EMEA,Healthcare,Standard,25,9033,24000,Simulated
ACC_0624,BizCorp_0624,2026-07-01,14,4951,3943,EMEA,Healthcare,Standard,25,9033,24000,Simulated
ACC_0624,BizCorp_0624,2026-08-01,15,6107,4732,EMEA,Healthcare,Standard,25,9033,24000,Simulated
ACC_0625,BizCorp_0625,2026-03-01,8,2915,2290,APAC,Financial Services,Standard,16,3888,15360,Simulated
ACC_0625,BizCorp_0625,2026-04-01,7,2616,2047,APAC,Financial Services,Standard,16,3888,15360,Simulated
ACC_0625,BizCorp_0625,2026-05-01,8,2506,2175,APAC,Financial Services,Standard,16,3888,15360,Simulated
ACC_0625,BizCorp_0625,2026-06-01,8,2839,2311,APAC,Financial Services,Standard,16,3888,15360,Simulated
ACC_0625,BizCorp_0625,2026-07-01,7,2568,2013,APAC,Financial Services,Standard,16,3888,15360,Simulated
ACC_0625,BizCorp_0625,2026-08-01,7,2292,1843,APAC,Financial Services,Standard,16,3888,15360,Simulated
ACC_0626,BizCorp_0626,2026-03-01,130,129047,115935,EMEA,Logistics,Enterprise,195,127874,105300,Simulated
ACC_0626,BizCorp_0626,2026-04-01,142,155246,133945,EMEA,Logistics,Enterprise,195,127874,105300,Simulated
ACC_0626,BizCorp_0626,2026-05-01,127,162993,132096,EMEA,Logistics,Enterprise,195,127874,105300,Simulated
ACC_0626,BizCorp_0626,2026-06-01,143,142304,125742,EMEA,Logistics,Enterprise,195,127874,105300,Simulated
ACC_0626,BizCorp_0626,2026-07-01,129,156934,126214,EMEA,Logistics,Enterprise,195,127874,105300,Simulated
ACC_0626,BizCorp_0626,2026-08-01,133,166458,138064,EMEA,Logistics,Enterprise,195,127874,105300,Simulated
ACC_0627,BizCorp_0627,2026-03-01,113,225833,203792,AMER,Logistics,Enterprise,192,232012,103680,Simulated
ACC_0627,BizCorp_0627,2026-04-01,116,286583,233693,AMER,Logistics,Enterprise,192,232012,103680,Simulated
ACC_0627,BizCorp_0627,2026-05-01,111,274576,233735,AMER,Logistics,Enterprise,192,232012,103680,Simulated
ACC_0627,BizCorp_0627,2026-06-01,114,260719,229241,AMER,Logistics,Enterprise,192,232012,103680,Simulated
ACC_0627,BizCorp_0627,2026-07-01,126,258025,219819,AMER,Logistics,Enterprise,192,232012,103680,Simulated
ACC_0627,BizCorp_0627,2026-08-01,120,212623,186785,AMER,Logistics,Enterprise,192,232012,103680,Simulated
ACC_0628,BizCorp_0628,2026-03-01,302,95305,74889,APAC,Manufacturing,Enterprise,340,93768,183600,Simulated
ACC_0628,BizCorp_0628,2026-04-01,315,94504,78357,APAC,Manufacturing,Enterprise,340,93768,183600,Simulated
ACC_0628,BizCorp_0628,2026-05-01,340,67556,58992,APAC,Manufacturing,Enterprise,340,93768,183600,Simulated
ACC_0628,BizCorp_0628,2026-06-01,289,78725,63515,APAC,Manufacturing,Enterprise,340,93768,183600,Simulated
ACC_0628,BizCorp_0628,2026-07-01,315,87418,75681,APAC,Manufacturing,Enterprise,340,93768,183600,Simulated
ACC_0628,BizCorp_0628,2026-08-01,328,74909,61300,APAC,Manufacturing,Enterprise,340,93768,183600,Simulated
ACC_0629,BizCorp_0629,2026-03-01,17,15570,11990,AMER,Financial Services,Standard,20,22568,19200,Simulated
ACC_0629,BizCorp_0629,2026-04-01,17,11992,10490,AMER,Financial Services,Standard,20,22568,19200,Simulated
ACC_0629,BizCorp_0629,2026-05-01,19,14381,12628,AMER,Financial Services,Standard,20,22568,19200,Simulated
ACC_0629,BizCorp_0629,2026-06-01,18,15077,11810,AMER,Financial Services,Standard,20,22568,19200,Simulated
ACC_0629,BizCorp_0629,2026-07-01,16,15511,12298,AMER,Financial Services,Standard,20,22568,19200,Simulated
ACC_0629,BizCorp_0629,2026-08-01,19,12539,10094,AMER,Financial Services,Standard,20,22568,19200,Simulated
ACC_0630,BizCorp_0630,2026-03-01,9,10862,8894,EMEA,Technology,Standard,22,21880,21120,Simulated
ACC_0630,BizCorp_0630,2026-04-01,8,11063,9023,EMEA,Technology,Standard,22,21880,21120,Simulated
ACC_0630,BizCorp_0630,2026-05-01,8,9484,8031,EMEA,Technology,Standard,22,21880,21120,Simulated
ACC_0630,BizCorp_0630,2026-06-01,10,12265,10532,EMEA,Technology,Standard,22,21880,21120,Simulated
ACC_0630,BizCorp_0630,2026-07-01,13,14473,12639,EMEA,Technology,Standard,22,21880,21120,Simulated
ACC_0630,BizCorp_0630,2026-08-01,15,19360,15167,EMEA,Technology,Standard,22,21880,21120,Simulated
ACC_0631,BizCorp_0631,2026-03-01,46,18586,15476,AMER,Technology,Premium,73,33985,52560,Simulated
ACC_0631,BizCorp_0631,2026-04-01,44,16724,14199,AMER,Technology,Premium,73,33985,52560,Simulated
ACC_0631,BizCorp_0631,2026-05-01,42,17694,14977,AMER,Technology,Premium,73,33985,52560,Simulated
ACC_0631,BizCorp_0631,2026-06-01,43,21232,16609,AMER,Technology,Premium,73,33985,52560,Simulated
ACC_0631,BizCorp_0631,2026-07-01,38,17138,13558,AMER,Technology,Premium,73,33985,52560,Simulated
ACC_0631,BizCorp_0631,2026-08-01,46,14420,12860,AMER,Technology,Premium,73,33985,52560,Simulated
ACC_0632,BizCorp_0632,2026-03-01,37,15894,13835,EMEA,Logistics,Premium,97,45207,69840,Simulated
ACC_0632,BizCorp_0632,2026-04-01,36,15098,12171,EMEA,Logistics,Premium,97,45207,69840,Simulated
ACC_0632,BizCorp_0632,2026-05-01,35,14870,11476,EMEA,Logistics,Premium,97,45207,69840,Simulated
ACC_0632,BizCorp_0632,2026-06-01,44,16553,14728,EMEA,Logistics,Premium,97,45207,69840,Simulated
ACC_0632,BizCorp_0632,2026-07-01,53,22002,17673,EMEA,Logistics,Premium,97,45207,69840,Simulated
ACC_0632,BizCorp_0632,2026-08-01,63,25091,21208,EMEA,Logistics,Premium,97,45207,69840,Simulated
ACC_0633,BizCorp_0633,2026-03-01,55,22224,19009,AMER,Technology,Premium,61,52128,43920,Simulated
ACC_0633,BizCorp_0633,2026-04-01,61,19609,16064,AMER,Technology,Premium,61,52128,43920,Simulated
ACC_0633,BizCorp_0633,2026-05-01,60,25110,20451,AMER,Technology,Premium,61,52128,43920,Simulated
ACC_0633,BizCorp_0633,2026-06-01,58,18817,16244,AMER,Technology,Premium,61,52128,43920,Simulated
ACC_0633,BizCorp_0633,2026-07-01,54,21698,18568,AMER,Technology,Premium,61,52128,43920,Simulated
ACC_0633,BizCorp_0633,2026-08-01,51,21325,16412,AMER,Technology,Premium,61,52128,43920,Simulated
ACC_0634,BizCorp_0634,2026-03-01,150,105844,88118,EMEA,Healthcare,Enterprise,183,200855,98820,Simulated
ACC_0634,BizCorp_0634,2026-04-01,126,98195,84141,EMEA,Healthcare,Enterprise,183,200855,98820,Simulated
ACC_0634,BizCorp_0634,2026-05-01,135,96433,74943,EMEA,Healthcare,Enterprise,183,200855,98820,Simulated
ACC_0634,BizCorp_0634,2026-06-01,143,109553,94541,EMEA,Healthcare,Enterprise,183,200855,98820,Simulated
ACC_0634,BizCorp_0634,2026-07-01,138,103717,83012,EMEA,Healthcare,Enterprise,183,200855,98820,Simulated
ACC_0634,BizCorp_0634,2026-08-01,147,111410,88731,EMEA,Healthcare,Enterprise,183,200855,98820,Simulated
ACC_0635,BizCorp_0635,2026-03-01,3,6087,4875,EMEA,Retail,Standard,7,5479,6720,Simulated
ACC_0635,BizCorp_0635,2026-04-01,3,4694,3758,EMEA,Retail,Standard,7,5479,6720,Simulated
ACC_0635,BizCorp_0635,2026-05-01,3,6080,4722,EMEA,Retail,Standard,7,5479,6720,Simulated
ACC_0635,BizCorp_0635,2026-06-01,1,2755,2138,EMEA,Retail,Standard,7,5479,6720,Simulated
ACC_0635,BizCorp_0635,2026-07-01,1,1362,1069,EMEA,Retail,Standard,7,5479,6720,Simulated
ACC_0635,BizCorp_0635,2026-08-01,1,593,534,EMEA,Retail,Standard,7,5479,6720,Simulated
ACC_0636,BizCorp_0636,2026-03-01,22,43136,34439,AMER,Healthcare,Premium,39,67948,28080,Simulated
ACC_0636,BizCorp_0636,2026-04-01,21,36982,33182,AMER,Healthcare,Premium,39,67948,28080,Simulated
ACC_0636,BizCorp_0636,2026-05-01,23,37077,28730,AMER,Healthcare,Premium,39,67948,28080,Simulated
ACC_0636,BizCorp_0636,2026-06-01,22,34012,29118,AMER,Healthcare,Premium,39,67948,28080,Simulated
ACC_0636,BizCorp_0636,2026-07-01,19,37240,30776,AMER,Healthcare,Premium,39,67948,28080,Simulated
ACC_0636,BizCorp_0636,2026-08-01,21,33998,27748,AMER,Healthcare,Premium,39,67948,28080,Simulated
ACC_0637,BizCorp_0637,2026-03-01,20,18326,14132,APAC,Healthcare,Premium,56,36699,40320,Simulated
ACC_0637,BizCorp_0637,2026-04-01,20,16518,12779,APAC,Healthcare,Premium,56,36699,40320,Simulated
ACC_0637,BizCorp_0637,2026-05-01,17,15540,12834,APAC,Healthcare,Premium,56,36699,40320,Simulated
ACC_0637,BizCorp_0637,2026-06-01,23,20598,16364,APAC,Healthcare,Premium,56,36699,40320,Simulated
ACC_0637,BizCorp_0637,2026-07-01,27,25468,19636,APAC,Healthcare,Premium,56,36699,40320,Simulated
ACC_0637,BizCorp_0637,2026-08-01,33,29597,23564,APAC,Healthcare,Premium,56,36699,40320,Simulated
ACC_0638,BizCorp_0638,2026-03-01,35,44523,34818,EMEA,Healthcare,Premium,56,77780,40320,Simulated
ACC_0638,BizCorp_0638,2026-04-01,32,33978,29630,EMEA,Healthcare,Premium,56,77780,40320,Simulated
ACC_0638,BizCorp_0638,2026-05-01,33,40655,36604,EMEA,Healthcare,Premium,56,77780,40320,Simulated
ACC_0638,BizCorp_0638,2026-06-01,17,21152,17150,EMEA,Healthcare,Premium,56,77780,40320,Simulated
ACC_0638,BizCorp_0638,2026-07-01,8,10206,8575,EMEA,Healthcare,Premium,56,77780,40320,Simulated
ACC_0638,BizCorp_0638,2026-08-01,4,5310,4287,EMEA,Healthcare,Premium,56,77780,40320,Simulated
ACC_0639,BizCorp_0639,2026-03-01,4,5664,4892,AMER,Logistics,Standard,5,11050,4800,Simulated
ACC_0639,BizCorp_0639,2026-04-01,4,7906,6361,AMER,Logistics,Standard,5,11050,4800,Simulated
ACC_0639,BizCorp_0639,2026-05-01,4,6576,5213,AMER,Logistics,Standard,5,11050,4800,Simulated
ACC_0639,BizCorp_0639,2026-06-01,4,7034,5792,AMER,Logistics,Standard,5,11050,4800,Simulated
ACC_0639,BizCorp_0639,2026-07-01,4,6728,5493,AMER,Logistics,Standard,5,11050,4800,Simulated
ACC_0639,BizCorp_0639,2026-08-01,4,7695,6250,AMER,Logistics,Standard,5,11050,4800,Simulated
ACC_0640,BizCorp_0640,2026-03-01,155,247506,203566,APAC,Healthcare,Enterprise,689,457728,372060,Simulated
ACC_0640,BizCorp_0640,2026-04-01,172,216252,191478,APAC,Healthcare,Enterprise,689,457728,372060,Simulated
ACC_0640,BizCorp_0640,2026-05-01,169,220831,176037,APAC,Healthcare,Enterprise,689,457728,372060,Simulated
ACC_0640,BizCorp_0640,2026-06-01,201,287596,225130,APAC,Healthcare,Enterprise,689,457728,372060,Simulated
ACC_0640,BizCorp_0640,2026-07-01,241,327941,270156,APAC,Healthcare,Enterprise,689,457728,372060,Simulated
ACC_0640,BizCorp_0640,2026-08-01,289,407976,324187,APAC,Healthcare,Enterprise,689,457728,372060,Simulated
ACC_0641,BizCorp_0641,2026-03-01,5,9846,7806,APAC,Retail,Standard,8,23307,7680,Simulated
ACC_0641,BizCorp_0641,2026-04-01,5,9642,7682,APAC,Retail,Standard,8,23307,7680,Simulated
ACC_0641,BizCorp_0641,2026-05-01,5,9330,7221,APAC,Retail,Standard,8,23307,7680,Simulated
ACC_0641,BizCorp_0641,2026-06-01,4,8113,7345,APAC,Retail,Standard,8,23307,7680,Simulated
ACC_0641,BizCorp_0641,2026-07-01,5,7800,6352,APAC,Retail,Standard,8,23307,7680,Simulated
ACC_0641,BizCorp_0641,2026-08-01,5,8833,6910,APAC,Retail,Standard,8,23307,7680,Simulated
ACC_0642,BizCorp_0642,2026-03-01,193,137292,119841,EMEA,Technology,Enterprise,390,271687,210600,Simulated
ACC_0642,BizCorp_0642,2026-04-01,195,121895,98900,EMEA,Technology,Enterprise,390,271687,210600,Simulated
ACC_0642,BizCorp_0642,2026-05-01,206,139559,109056,EMEA,Technology,Enterprise,390,271687,210600,Simulated
ACC_0642,BizCorp_0642,2026-06-01,229,150776,125225,EMEA,Technology,Enterprise,390,271687,210600,Simulated
ACC_0642,BizCorp_0642,2026-07-01,275,185050,150270,EMEA,Technology,Enterprise,390,271687,210600,Simulated
ACC_0642,BizCorp_0642,2026-08-01,330,218594,180324,EMEA,Technology,Enterprise,390,271687,210600,Simulated
ACC_0643,BizCorp_0643,2026-03-01,57,45465,35190,APAC,Financial Services,Premium,93,84193,66960,Simulated
ACC_0643,BizCorp_0643,2026-04-01,57,31414,27838,APAC,Financial Services,Premium,93,84193,66960,Simulated
ACC_0643,BizCorp_0643,2026-05-01,55,37946,32481,APAC,Financial Services,Premium,93,84193,66960,Simulated
ACC_0643,BizCorp_0643,2026-06-01,54,39231,34735,APAC,Financial Services,Premium,93,84193,66960,Simulated
ACC_0643,BizCorp_0643,2026-07-01,54,37195,30110,APAC,Financial Services,Premium,93,84193,66960,Simulated
ACC_0643,BizCorp_0643,2026-08-01,52,36741,29236,APAC,Financial Services,Premium,93,84193,66960,Simulated
ACC_0644,BizCorp_0644,2026-03-01,145,225626,197342,AMER,Technology,Enterprise,581,579974,313740,Simulated
ACC_0644,BizCorp_0644,2026-04-01,143,214207,191316,AMER,Technology,Enterprise,581,579974,313740,Simulated
ACC_0644,BizCorp_0644,2026-05-01,150,244617,195179,AMER,Technology,Enterprise,581,579974,313740,Simulated
ACC_0644,BizCorp_0644,2026-06-01,169,265051,210117,AMER,Technology,Enterprise,581,579974,313740,Simulated
ACC_0644,BizCorp_0644,2026-07-01,203,293174,252141,AMER,Technology,Enterprise,581,579974,313740,Simulated
ACC_0644,BizCorp_0644,2026-08-01,225,353210,302569,AMER,Technology,Enterprise,581,579974,313740,Simulated
ACC_0645,BizCorp_0645,2026-03-01,140,82725,72053,APAC,Healthcare,Enterprise,181,175864,97740,Simulated
ACC_0645,BizCorp_0645,2026-04-01,156,80673,67127,APAC,Healthcare,Enterprise,181,175864,97740,Simulated
ACC_0645,BizCorp_0645,2026-05-01,151,67855,61358,APAC,Healthcare,Enterprise,181,175864,97740,Simulated
ACC_0645,BizCorp_0645,2026-06-01,161,80941,70707,APAC,Healthcare,Enterprise,181,175864,97740,Simulated
ACC_0645,BizCorp_0645,2026-07-01,133,93389,78687,APAC,Healthcare,Enterprise,181,175864,97740,Simulated
ACC_0645,BizCorp_0645,2026-08-01,144,88326,79393,APAC,Healthcare,Enterprise,181,175864,97740,Simulated
ACC_0646,BizCorp_0646,2026-03-01,24,36791,32960,AMER,Logistics,Premium,39,79060,28080,Simulated
ACC_0646,BizCorp_0646,2026-04-01,23,47314,37411,AMER,Logistics,Premium,39,79060,28080,Simulated
ACC_0646,BizCorp_0646,2026-05-01,26,40016,31043,AMER,Logistics,Premium,39,79060,28080,Simulated
ACC_0646,BizCorp_0646,2026-06-01,23,38579,31374,AMER,Logistics,Premium,39,79060,28080,Simulated
ACC_0646,BizCorp_0646,2026-07-01,22,41916,37606,AMER,Logistics,Premium,39,79060,28080,Simulated
ACC_0646,BizCorp_0646,2026-08-01,25,37048,31356,AMER,Logistics,Premium,39,79060,28080,Simulated
ACC_0647,BizCorp_0647,2026-03-01,14,6751,5496,AMER,Technology,Standard,23,11160,22080,Simulated
ACC_0647,BizCorp_0647,2026-04-01,13,4917,4190,AMER,Technology,Standard,23,11160,22080,Simulated
ACC_0647,BizCorp_0647,2026-05-01,13,5767,4509,AMER,Technology,Standard,23,11160,22080,Simulated
ACC_0647,BizCorp_0647,2026-06-01,13,5875,4987,AMER,Technology,Standard,23,11160,22080,Simulated
ACC_0647,BizCorp_0647,2026-07-01,12,7007,5487,AMER,Technology,Standard,23,11160,22080,Simulated
ACC_0647,BizCorp_0647,2026-08-01,14,6177,5225,AMER,Technology,Standard,23,11160,22080,Simulated
ACC_0648,BizCorp_0648,2026-03-01,19,21383,16778,AMER,Manufacturing,Premium,36,28247,25920,Simulated
ACC_0648,BizCorp_0648,2026-04-01,20,26959,20987,AMER,Manufacturing,Premium,36,28247,25920,Simulated
ACC_0648,BizCorp_0648,2026-05-01,20,26544,21882,AMER,Manufacturing,Premium,36,28247,25920,Simulated
ACC_0648,BizCorp_0648,2026-06-01,20,20883,16633,AMER,Manufacturing,Premium,36,28247,25920,Simulated
ACC_0648,BizCorp_0648,2026-07-01,17,26700,21621,AMER,Manufacturing,Premium,36,28247,25920,Simulated
ACC_0648,BizCorp_0648,2026-08-01,18,24862,21815,AMER,Manufacturing,Premium,36,28247,25920,Simulated
ACC_0649,BizCorp_0649,2026-03-01,226,285119,229383,AMER,Healthcare,Enterprise,724,859855,390960,Simulated
ACC_0649,BizCorp_0649,2026-04-01,193,299285,231609,AMER,Healthcare,Enterprise,724,859855,390960,Simulated
ACC_0649,BizCorp_0649,2026-05-01,191,274695,246180,AMER,Healthcare,Enterprise,724,859855,390960,Simulated
ACC_0649,BizCorp_0649,2026-06-01,248,321280,291509,AMER,Healthcare,Enterprise,724,859855,390960,Simulated
ACC_0649,BizCorp_0649,2026-07-01,298,444228,349811,AMER,Healthcare,Enterprise,724,859855,390960,Simulated
ACC_0649,BizCorp_0649,2026-08-01,358,537235,419773,AMER,Healthcare,Enterprise,724,859855,390960,Simulated
ACC_0650,BizCorp_0650,2026-03-01,11,2467,2157,EMEA,Financial Services,Standard,34,2125,32640,Simulated
ACC_0650,BizCorp_0650,2026-04-01,12,3182,2456,EMEA,Financial Services,Standard,34,2125,32640,Simulated
ACC_0650,BizCorp_0650,2026-05-01,12,2679,2216,EMEA,Financial Services,Standard,34,2125,32640,Simulated
ACC_0650,BizCorp_0650,2026-06-01,13,2451,2154,EMEA,Financial Services,Standard,34,2125,32640,Simulated
ACC_0650,BizCorp_0650,2026-07-01,12,3022,2500,EMEA,Financial Services,Standard,34,2125,32640,Simulated
ACC_0650,BizCorp_0650,2026-08-01,12,2863,2300,EMEA,Financial Services,Standard,34,2125,32640,Simulated
ACC_0651,BizCorp_0651,2026-03-01,11,5218,4341,EMEA,Healthcare,Standard,16,5212,15360,Simulated
ACC_0651,BizCorp_0651,2026-04-01,13,4546,3936,EMEA,Healthcare,Standard,16,5212,15360,Simulated
ACC_0651,BizCorp_0651,2026-05-01,13,4708,4127,EMEA,Healthcare,Standard,16,5212,15360,Simulated
ACC_0651,BizCorp_0651,2026-06-01,12,4711,3946,EMEA,Healthcare,Standard,16,5212,15360,Simulated
ACC_0651,BizCorp_0651,2026-07-01,11,4770,4000,EMEA,Healthcare,Standard,16,5212,15360,Simulated
ACC_0651,BizCorp_0651,2026-08-01,13,5338,4707,EMEA,Healthcare,Standard,16,5212,15360,Simulated
ACC_0652,BizCorp_0652,2026-03-01,34,37834,29585,APAC,Healthcare,Premium,56,51136,40320,Simulated
ACC_0652,BizCorp_0652,2026-04-01,33,32694,29179,APAC,Healthcare,Premium,56,51136,40320,Simulated
ACC_0652,BizCorp_0652,2026-05-01,31,34601,26725,APAC,Healthcare,Premium,56,51136,40320,Simulated
ACC_0652,BizCorp_0652,2026-06-01,30,33589,26938,APAC,Healthcare,Premium,56,51136,40320,Simulated
ACC_0652,BizCorp_0652,2026-07-01,33,34700,28413,APAC,Healthcare,Premium,56,51136,40320,Simulated
ACC_0652,BizCorp_0652,2026-08-01,31,32871,25980,APAC,Healthcare,Premium,56,51136,40320,Simulated
ACC_0653,BizCorp_0653,2026-03-01,119,201987,173575,APAC,Healthcare,Enterprise,243,282527,131220,Simulated
ACC_0653,BizCorp_0653,2026-04-01,115,189036,151223,APAC,Healthcare,Enterprise,243,282527,131220,Simulated
ACC_0653,BizCorp_0653,2026-05-01,139,177316,141050,APAC,Healthcare,Enterprise,243,282527,131220,Simulated
ACC_0653,BizCorp_0653,2026-06-01,129,208018,175434,APAC,Healthcare,Enterprise,243,282527,131220,Simulated
ACC_0653,BizCorp_0653,2026-07-01,132,225079,189029,APAC,Healthcare,Enterprise,243,282527,131220,Simulated
ACC_0653,BizCorp_0653,2026-08-01,132,205768,159803,APAC,Healthcare,Enterprise,243,282527,131220,Simulated
ACC_0654,BizCorp_0654,2026-03-01,163,217728,197380,AMER,Retail,Enterprise,163,227549,88020,Simulated
ACC_0654,BizCorp_0654,2026-04-01,162,193594,171516,AMER,Retail,Enterprise,163,227549,88020,Simulated
ACC_0654,BizCorp_0654,2026-05-01,159,183795,160551,AMER,Retail,Enterprise,163,227549,88020,Simulated
ACC_0654,BizCorp_0654,2026-06-01,149,209402,187429,AMER,Retail,Enterprise,163,227549,88020,Simulated
ACC_0654,BizCorp_0654,2026-07-01,151,232405,198094,AMER,Retail,Enterprise,163,227549,88020,Simulated
ACC_0654,BizCorp_0654,2026-08-01,162,214368,180224,AMER,Retail,Enterprise,163,227549,88020,Simulated
ACC_0655,BizCorp_0655,2026-03-01,38,19374,15748,EMEA,Technology,Premium,64,25256,46080,Simulated
ACC_0655,BizCorp_0655,2026-04-01,44,19118,15747,EMEA,Technology,Premium,64,25256,46080,Simulated
ACC_0655,BizCorp_0655,2026-05-01,39,20860,17510,EMEA,Technology,Premium,64,25256,46080,Simulated
ACC_0655,BizCorp_0655,2026-06-01,41,18962,15567,EMEA,Technology,Premium,64,25256,46080,Simulated
ACC_0655,BizCorp_0655,2026-07-01,43,19934,16808,EMEA,Technology,Premium,64,25256,46080,Simulated
ACC_0655,BizCorp_0655,2026-08-01,42,20459,16918,EMEA,Technology,Premium,64,25256,46080,Simulated
ACC_0656,BizCorp_0656,2026-03-01,298,196275,155814,AMER,Retail,Enterprise,536,185093,289440,Simulated
ACC_0656,BizCorp_0656,2026-04-01,299,170846,149086,AMER,Retail,Enterprise,536,185093,289440,Simulated
ACC_0656,BizCorp_0656,2026-05-01,293,171833,138148,AMER,Retail,Enterprise,536,185093,289440,Simulated
ACC_0656,BizCorp_0656,2026-06-01,286,168757,130434,AMER,Retail,Enterprise,536,185093,289440,Simulated
ACC_0656,BizCorp_0656,2026-07-01,283,161722,132438,AMER,Retail,Enterprise,536,185093,289440,Simulated
ACC_0656,BizCorp_0656,2026-08-01,294,176298,145616,AMER,Retail,Enterprise,536,185093,289440,Simulated
ACC_0657,BizCorp_0657,2026-03-01,36,36708,30807,AMER,Healthcare,Premium,62,29032,44640,Simulated
ACC_0657,BizCorp_0657,2026-04-01,39,42319,34155,AMER,Healthcare,Premium,62,29032,44640,Simulated
ACC_0657,BizCorp_0657,2026-05-01,36,33036,29086,AMER,Healthcare,Premium,62,29032,44640,Simulated
ACC_0657,BizCorp_0657,2026-06-01,39,34745,29493,AMER,Healthcare,Premium,62,29032,44640,Simulated
ACC_0657,BizCorp_0657,2026-07-01,34,40442,32844,AMER,Healthcare,Premium,62,29032,44640,Simulated
ACC_0657,BizCorp_0657,2026-08-01,33,36317,31444,AMER,Healthcare,Premium,62,29032,44640,Simulated
ACC_0658,BizCorp_0658,2026-03-01,8,6550,5463,AMER,Manufacturing,Standard,13,6843,12480,Simulated
ACC_0658,BizCorp_0658,2026-04-01,8,5218,4618,AMER,Manufacturing,Standard,13,6843,12480,Simulated
ACC_0658,BizCorp_0658,2026-05-01,8,6462,5380,AMER,Manufacturing,Standard,13,6843,12480,Simulated
ACC_0658,BizCorp_0658,2026-06-01,9,5430,4287,AMER,Manufacturing,Standard,13,6843,12480,Simulated
ACC_0658,BizCorp_0658,2026-07-01,8,5866,4894,AMER,Manufacturing,Standard,13,6843,12480,Simulated
ACC_0658,BizCorp_0658,2026-08-01,9,6274,5201,AMER,Manufacturing,Standard,13,6843,12480,Simulated
ACC_0659,BizCorp_0659,2026-03-01,283,148791,134001,APAC,Technology,Enterprise,435,339521,234900,Simulated
ACC_0659,BizCorp_0659,2026-04-01,263,159795,124943,APAC,Technology,Enterprise,435,339521,234900,Simulated
ACC_0659,BizCorp_0659,2026-05-01,268,196464,167035,APAC,Technology,Enterprise,435,339521,234900,Simulated
ACC_0659,BizCorp_0659,2026-06-01,282,186393,153557,APAC,Technology,Enterprise,435,339521,234900,Simulated
ACC_0659,BizCorp_0659,2026-07-01,250,149211,129085,APAC,Technology,Enterprise,435,339521,234900,Simulated
ACC_0659,BizCorp_0659,2026-08-01,278,184165,157605,APAC,Technology,Enterprise,435,339521,234900,Simulated
ACC_0660,BizCorp_0660,2026-03-01,23,21176,17964,EMEA,Logistics,Premium,31,38735,22320,Simulated
ACC_0660,BizCorp_0660,2026-04-01,22,24395,19959,EMEA,Logistics,Premium,31,38735,22320,Simulated
ACC_0660,BizCorp_0660,2026-05-01,22,21673,16797,EMEA,Logistics,Premium,31,38735,22320,Simulated
ACC_0660,BizCorp_0660,2026-06-01,11,11240,9089,EMEA,Logistics,Premium,31,38735,22320,Simulated
ACC_0660,BizCorp_0660,2026-07-01,5,5670,4544,EMEA,Logistics,Premium,31,38735,22320,Simulated
ACC_0660,BizCorp_0660,2026-08-01,2,2883,2272,EMEA,Logistics,Premium,31,38735,22320,Simulated
ACC_0661,BizCorp_0661,2026-03-01,14,6652,5196,AMER,Healthcare,Standard,33,19827,31680,Simulated
ACC_0661,BizCorp_0661,2026-04-01,13,5332,4515,AMER,Healthcare,Standard,33,19827,31680,Simulated
ACC_0661,BizCorp_0661,2026-05-01,12,6940,5409,AMER,Healthcare,Standard,33,19827,31680,Simulated
ACC_0661,BizCorp_0661,2026-06-01,15,6994,6150,AMER,Healthcare,Standard,33,19827,31680,Simulated
ACC_0661,BizCorp_0661,2026-07-01,18,9241,7380,AMER,Healthcare,Standard,33,19827,31680,Simulated
ACC_0661,BizCorp_0661,2026-08-01,18,11021,8856,AMER,Healthcare,Standard,33,19827,31680,Simulated
ACC_0662,BizCorp_0662,2026-03-01,23,32070,28272,APAC,Financial Services,Premium,48,73142,34560,Simulated
ACC_0662,BizCorp_0662,2026-04-01,26,28144,22717,APAC,Financial Services,Premium,48,73142,34560,Simulated
ACC_0662,BizCorp_0662,2026-05-01,23,31662,25590,APAC,Financial Services,Premium,48,73142,34560,Simulated
ACC_0662,BizCorp_0662,2026-06-01,28,33326,29744,APAC,Financial Services,Premium,48,73142,34560,Simulated
ACC_0662,BizCorp_0662,2026-07-01,34,45404,35693,APAC,Financial Services,Premium,48,73142,34560,Simulated
ACC_0662,BizCorp_0662,2026-08-01,41,55164,42832,APAC,Financial Services,Premium,48,73142,34560,Simulated
ACC_0663,BizCorp_0663,2026-03-01,192,184819,154283,EMEA,Retail,Enterprise,263,136223,142020,Simulated
ACC_0663,BizCorp_0663,2026-04-01,188,166675,131238,EMEA,Retail,Enterprise,263,136223,142020,Simulated
ACC_0663,BizCorp_0663,2026-05-01,190,175609,140353,EMEA,Retail,Enterprise,263,136223,142020,Simulated
ACC_0663,BizCorp_0663,2026-06-01,208,146582,127204,EMEA,Retail,Enterprise,263,136223,142020,Simulated
ACC_0663,BizCorp_0663,2026-07-01,178,156742,127991,EMEA,Retail,Enterprise,263,136223,142020,Simulated
ACC_0663,BizCorp_0663,2026-08-01,212,192168,151928,EMEA,Retail,Enterprise,263,136223,142020,Simulated
ACC_0664,BizCorp_0664,2026-03-01,265,154499,139267,APAC,Retail,Enterprise,410,188908,221400,Simulated
ACC_0664,BizCorp_0664,2026-04-01,267,180660,148521,APAC,Retail,Enterprise,410,188908,221400,Simulated
ACC_0664,BizCorp_0664,2026-05-01,254,152785,120521,APAC,Retail,Enterprise,410,188908,221400,Simulated
ACC_0664,BizCorp_0664,2026-06-01,251,153612,131851,APAC,Retail,Enterprise,410,188908,221400,Simulated
ACC_0664,BizCorp_0664,2026-07-01,264,154617,132656,APAC,Retail,Enterprise,410,188908,221400,Simulated
ACC_0664,BizCorp_0664,2026-08-01,245,175441,149538,APAC,Retail,Enterprise,410,188908,221400,Simulated
ACC_0665,BizCorp_0665,2026-03-01,353,181007,157723,EMEA,Healthcare,Enterprise,564,349388,304560,Simulated
ACC_0665,BizCorp_0665,2026-04-01,325,191977,173084,EMEA,Healthcare,Enterprise,564,349388,304560,Simulated
ACC_0665,BizCorp_0665,2026-05-01,361,184772,145568,EMEA,Healthcare,Enterprise,564,349388,304560,Simulated
ACC_0665,BizCorp_0665,2026-06-01,343,183195,163302,EMEA,Healthcare,Enterprise,564,349388,304560,Simulated
ACC_0665,BizCorp_0665,2026-07-01,360,188537,170308,EMEA,Healthcare,Enterprise,564,349388,304560,Simulated
ACC_0665,BizCorp_0665,2026-08-01,321,189017,154534,EMEA,Healthcare,Enterprise,564,349388,304560,Simulated
ACC_0666,BizCorp_0666,2026-03-01,61,39229,30963,EMEA,Retail,Premium,111,34287,79920,Simulated
ACC_0666,BizCorp_0666,2026-04-01,63,29978,25575,EMEA,Retail,Premium,111,34287,79920,Simulated
ACC_0666,BizCorp_0666,2026-05-01,57,36522,30145,EMEA,Retail,Premium,111,34287,79920,Simulated
ACC_0666,BizCorp_0666,2026-06-01,63,37236,29136,EMEA,Retail,Premium,111,34287,79920,Simulated
ACC_0666,BizCorp_0666,2026-07-01,65,39160,30533,EMEA,Retail,Premium,111,34287,79920,Simulated
ACC_0666,BizCorp_0666,2026-08-01,63,37779,29261,EMEA,Retail,Premium,111,34287,79920,Simulated
ACC_0667,BizCorp_0667,2026-03-01,8,5528,4877,AMER,Manufacturing,Standard,14,10098,13440,Simulated
ACC_0667,BizCorp_0667,2026-04-01,8,5764,4938,AMER,Manufacturing,Standard,14,10098,13440,Simulated
ACC_0667,BizCorp_0667,2026-05-01,9,6589,5454,AMER,Manufacturing,Standard,14,10098,13440,Simulated
ACC_0667,BizCorp_0667,2026-06-01,10,7273,6228,AMER,Manufacturing,Standard,14,10098,13440,Simulated
ACC_0667,BizCorp_0667,2026-07-01,12,9100,7474,AMER,Manufacturing,Standard,14,10098,13440,Simulated
ACC_0667,BizCorp_0667,2026-08-01,12,11596,8969,AMER,Manufacturing,Standard,14,10098,13440,Simulated
ACC_0668,BizCorp_0668,2026-03-01,84,292323,251806,EMEA,Technology,Premium,104,441747,74880,Simulated
ACC_0668,BizCorp_0668,2026-04-01,89,248847,222863,EMEA,Technology,Premium,104,441747,74880,Simulated
ACC_0668,BizCorp_0668,2026-05-01,91,318591,288297,EMEA,Technology,Premium,104,441747,74880,Simulated
ACC_0668,BizCorp_0668,2026-06-01,43,161877,125826,EMEA,Technology,Premium,104,441747,74880,Simulated
ACC_0668,BizCorp_0668,2026-07-01,21,69283,62913,EMEA,Technology,Premium,104,441747,74880,Simulated
ACC_0668,BizCorp_0668,2026-08-01,10,34849,31456,EMEA,Technology,Premium,104,441747,74880,Simulated
ACC_0669,BizCorp_0669,2026-03-01,207,265856,231902,EMEA,Technology,Enterprise,239,541023,129060,Simulated
ACC_0669,BizCorp_0669,2026-04-01,239,251917,197509,EMEA,Technology,Enterprise,239,541023,129060,Simulated
ACC_0669,BizCorp_0669,2026-05-01,236,307251,243877,EMEA,Technology,Enterprise,239,541023,129060,Simulated
ACC_0669,BizCorp_0669,2026-06-01,235,212940,193386,EMEA,Technology,Enterprise,239,541023,129060,Simulated
ACC_0669,BizCorp_0669,2026-07-01,212,217923,191024,EMEA,Technology,Enterprise,239,541023,129060,Simulated
ACC_0669,BizCorp_0669,2026-08-01,225,256589,225786,EMEA,Technology,Enterprise,239,541023,129060,Simulated
ACC_0670,BizCorp_0670,2026-03-01,2,3333,2832,AMER,Financial Services,Standard,2,3954,1920,Simulated
ACC_0670,BizCorp_0670,2026-04-01,2,3289,2914,AMER,Financial Services,Standard,2,3954,1920,Simulated
ACC_0670,BizCorp_0670,2026-05-01,2,3724,2893,AMER,Financial Services,Standard,2,3954,1920,Simulated
ACC_0670,BizCorp_0670,2026-06-01,2,3853,3064,AMER,Financial Services,Standard,2,3954,1920,Simulated
ACC_0670,BizCorp_0670,2026-07-01,2,3034,2566,AMER,Financial Services,Standard,2,3954,1920,Simulated
ACC_0670,BizCorp_0670,2026-08-01,2,3086,2432,AMER,Financial Services,Standard,2,3954,1920,Simulated
ACC_0671,BizCorp_0671,2026-03-01,404,153824,134499,AMER,Technology,Enterprise,439,273625,237060,Simulated
ACC_0671,BizCorp_0671,2026-04-01,394,206966,164058,AMER,Technology,Enterprise,439,273625,237060,Simulated
ACC_0671,BizCorp_0671,2026-05-01,341,174211,137470,AMER,Technology,Enterprise,439,273625,237060,Simulated
ACC_0671,BizCorp_0671,2026-06-01,343,203325,159379,AMER,Technology,Enterprise,439,273625,237060,Simulated
ACC_0671,BizCorp_0671,2026-07-01,381,196363,160321,AMER,Technology,Enterprise,439,273625,237060,Simulated
ACC_0671,BizCorp_0671,2026-08-01,338,211335,165481,AMER,Technology,Enterprise,439,273625,237060,Simulated
ACC_0672,BizCorp_0672,2026-03-01,210,127107,108732,APAC,Retail,Enterprise,444,128305,239760,Simulated
ACC_0672,BizCorp_0672,2026-04-01,225,136512,115610,APAC,Retail,Enterprise,444,128305,239760,Simulated
ACC_0672,BizCorp_0672,2026-05-01,232,127551,112342,APAC,Retail,Enterprise,444,128305,239760,Simulated
ACC_0672,BizCorp_0672,2026-06-01,209,121938,102224,APAC,Retail,Enterprise,444,128305,239760,Simulated
ACC_0672,BizCorp_0672,2026-07-01,212,148199,122236,APAC,Retail,Enterprise,444,128305,239760,Simulated
ACC_0672,BizCorp_0672,2026-08-01,213,107823,95339,APAC,Retail,Enterprise,444,128305,239760,Simulated
ACC_0673,BizCorp_0673,2026-03-01,42,51644,41853,APAC,Logistics,Premium,86,86716,61920,Simulated
ACC_0673,BizCorp_0673,2026-04-01,42,52417,43293,APAC,Logistics,Premium,86,86716,61920,Simulated
ACC_0673,BizCorp_0673,2026-05-01,44,45262,37411,APAC,Logistics,Premium,86,86716,61920,Simulated
ACC_0673,BizCorp_0673,2026-06-01,39,42670,37957,APAC,Logistics,Premium,86,86716,61920,Simulated
ACC_0673,BizCorp_0673,2026-07-01,42,41571,33593,APAC,Logistics,Premium,86,86716,61920,Simulated
ACC_0673,BizCorp_0673,2026-08-01,39,52304,41989,APAC,Logistics,Premium,86,86716,61920,Simulated
ACC_0674,BizCorp_0674,2026-03-01,269,131544,108238,EMEA,Healthcare,Enterprise,467,217294,252180,Simulated
ACC_0674,BizCorp_0674,2026-04-01,283,154981,124164,EMEA,Healthcare,Enterprise,467,217294,252180,Simulated
ACC_0674,BizCorp_0674,2026-05-01,300,170063,136426,EMEA,Healthcare,Enterprise,467,217294,252180,Simulated
ACC_0674,BizCorp_0674,2026-06-01,296,152971,125692,EMEA,Healthcare,Enterprise,467,217294,252180,Simulated
ACC_0674,BizCorp_0674,2026-07-01,287,133759,110533,EMEA,Healthcare,Enterprise,467,217294,252180,Simulated
ACC_0674,BizCorp_0674,2026-08-01,264,132940,108023,EMEA,Healthcare,Enterprise,467,217294,252180,Simulated
ACC_0675,BizCorp_0675,2026-03-01,24,30803,23917,AMER,Healthcare,Premium,42,45435,30240,Simulated
ACC_0675,BizCorp_0675,2026-04-01,23,27905,22415,AMER,Healthcare,Premium,42,45435,30240,Simulated
ACC_0675,BizCorp_0675,2026-05-01,24,32516,27128,AMER,Healthcare,Premium,42,45435,30240,Simulated
ACC_0675,BizCorp_0675,2026-06-01,22,28125,24469,AMER,Healthcare,Premium,42,45435,30240,Simulated
ACC_0675,BizCorp_0675,2026-07-01,21,30568,24011,AMER,Healthcare,Premium,42,45435,30240,Simulated
ACC_0675,BizCorp_0675,2026-08-01,24,34449,28717,AMER,Healthcare,Premium,42,45435,30240,Simulated
ACC_0676,BizCorp_0676,2026-03-01,4,6746,5680,APAC,Technology,Standard,7,6249,6720,Simulated
ACC_0676,BizCorp_0676,2026-04-01,3,5151,4624,APAC,Technology,Standard,7,6249,6720,Simulated
ACC_0676,BizCorp_0676,2026-05-01,3,6061,4735,APAC,Technology,Standard,7,6249,6720,Simulated
ACC_0676,BizCorp_0676,2026-06-01,4,6198,5167,APAC,Technology,Standard,7,6249,6720,Simulated
ACC_0676,BizCorp_0676,2026-07-01,3,6536,5110,APAC,Technology,Standard,7,6249,6720,Simulated
ACC_0676,BizCorp_0676,2026-08-01,4,6358,5248,APAC,Technology,Standard,7,6249,6720,Simulated
ACC_0677,BizCorp_0677,2026-03-01,22,21682,19240,APAC,Financial Services,Premium,35,16354,25200,Simulated
ACC_0677,BizCorp_0677,2026-04-01,20,22428,18012,APAC,Financial Services,Premium,35,16354,25200,Simulated
ACC_0677,BizCorp_0677,2026-05-01,19,16920,15278,APAC,Financial Services,Premium,35,16354,25200,Simulated
ACC_0677,BizCorp_0677,2026-06-01,19,21767,18173,APAC,Financial Services,Premium,35,16354,25200,Simulated
ACC_0677,BizCorp_0677,2026-07-01,22,21229,17793,APAC,Financial Services,Premium,35,16354,25200,Simulated
ACC_0677,BizCorp_0677,2026-08-01,21,22198,18691,APAC,Financial Services,Premium,35,16354,25200,Simulated
ACC_0678,BizCorp_0678,2026-03-01,24,35289,30124,AMER,Healthcare,Premium,31,27472,22320,Simulated
ACC_0678,BizCorp_0678,2026-04-01,21,37241,28985,AMER,Healthcare,Premium,31,27472,22320,Simulated
ACC_0678,BizCorp_0678,2026-05-01,23,40660,32320,AMER,Healthcare,Premium,31,27472,22320,Simulated
ACC_0678,BizCorp_0678,2026-06-01,23,27287,24729,AMER,Healthcare,Premium,31,27472,22320,Simulated
ACC_0678,BizCorp_0678,2026-07-01,24,31104,26414,AMER,Healthcare,Premium,31,27472,22320,Simulated
ACC_0678,BizCorp_0678,2026-08-01,20,36895,29309,AMER,Healthcare,Premium,31,27472,22320,Simulated
ACC_0679,BizCorp_0679,2026-03-01,28,8180,7163,APAC,Logistics,Premium,55,16525,39600,Simulated
ACC_0679,BizCorp_0679,2026-04-01,28,11361,8921,APAC,Logistics,Premium,55,16525,39600,Simulated
ACC_0679,BizCorp_0679,2026-05-01,24,8666,7130,APAC,Logistics,Premium,55,16525,39600,Simulated
ACC_0679,BizCorp_0679,2026-06-01,13,5003,3984,APAC,Logistics,Premium,55,16525,39600,Simulated
ACC_0679,BizCorp_0679,2026-07-01,6,2481,1992,APAC,Logistics,Premium,55,16525,39600,Simulated
ACC_0679,BizCorp_0679,2026-08-01,3,1212,996,APAC,Logistics,Premium,55,16525,39600,Simulated
ACC_0680,BizCorp_0680,2026-03-01,99,44790,35169,APAC,Technology,Enterprise,203,113834,109620,Simulated
ACC_0680,BizCorp_0680,2026-04-01,106,41323,32676,APAC,Technology,Enterprise,203,113834,109620,Simulated
ACC_0680,BizCorp_0680,2026-05-01,114,50059,38554,APAC,Technology,Enterprise,203,113834,109620,Simulated
ACC_0680,BizCorp_0680,2026-06-01,52,21039,18844,APAC,Technology,Enterprise,203,113834,109620,Simulated
ACC_0680,BizCorp_0680,2026-07-01,26,11658,9422,APAC,Technology,Enterprise,203,113834,109620,Simulated
ACC_0680,BizCorp_0680,2026-08-01,13,5653,4711,APAC,Technology,Enterprise,203,113834,109620,Simulated
ACC_0681,BizCorp_0681,2026-03-01,4,2935,2572,APAC,Financial Services,Standard,7,7063,6720,Simulated
ACC_0681,BizCorp_0681,2026-04-01,4,3762,3034,APAC,Financial Services,Standard,7,7063,6720,Simulated
ACC_0681,BizCorp_0681,2026-05-01,4,3503,2844,APAC,Financial Services,Standard,7,7063,6720,Simulated
ACC_0681,BizCorp_0681,2026-06-01,4,3702,2964,APAC,Financial Services,Standard,7,7063,6720,Simulated
ACC_0681,BizCorp_0681,2026-07-01,4,2997,2539,APAC,Financial Services,Standard,7,7063,6720,Simulated
ACC_0681,BizCorp_0681,2026-08-01,4,2919,2597,APAC,Financial Services,Standard,7,7063,6720,Simulated
ACC_0682,BizCorp_0682,2026-03-01,108,227535,181739,APAC,Logistics,Enterprise,225,401690,121500,Simulated
ACC_0682,BizCorp_0682,2026-04-01,114,179477,146561,APAC,Logistics,Enterprise,225,401690,121500,Simulated
ACC_0682,BizCorp_0682,2026-05-01,110,168531,138780,APAC,Logistics,Enterprise,225,401690,121500,Simulated
ACC_0682,BizCorp_0682,2026-06-01,103,185067,153299,APAC,Logistics,Enterprise,225,401690,121500,Simulated
ACC_0682,BizCorp_0682,2026-07-01,108,202792,159006,APAC,Logistics,Enterprise,225,401690,121500,Simulated
ACC_0682,BizCorp_0682,2026-08-01,111,195612,174541,APAC,Logistics,Enterprise,225,401690,121500,Simulated
ACC_0683,BizCorp_0683,2026-03-01,21,29136,24714,EMEA,Technology,Premium,30,41910,21600,Simulated
ACC_0683,BizCorp_0683,2026-04-01,23,34804,27363,EMEA,Technology,Premium,30,41910,21600,Simulated
ACC_0683,BizCorp_0683,2026-05-01,23,25948,23026,EMEA,Technology,Premium,30,41910,21600,Simulated
ACC_0683,BizCorp_0683,2026-06-01,11,14806,12144,EMEA,Technology,Premium,30,41910,21600,Simulated
ACC_0683,BizCorp_0683,2026-07-01,5,7135,6072,EMEA,Technology,Premium,30,41910,21600,Simulated
ACC_0683,BizCorp_0683,2026-08-01,2,3349,3036,EMEA,Technology,Premium,30,41910,21600,Simulated
ACC_0684,BizCorp_0684,2026-03-01,7,7295,5754,AMER,Retail,Standard,7,8454,6720,Simulated
ACC_0684,BizCorp_0684,2026-04-01,6,7123,5787,AMER,Retail,Standard,7,8454,6720,Simulated
ACC_0684,BizCorp_0684,2026-05-01,7,6085,4934,AMER,Retail,Standard,7,8454,6720,Simulated
ACC_0684,BizCorp_0684,2026-06-01,6,5939,4794,AMER,Retail,Standard,7,8454,6720,Simulated
ACC_0684,BizCorp_0684,2026-07-01,6,5165,4614,AMER,Retail,Standard,7,8454,6720,Simulated
ACC_0684,BizCorp_0684,2026-08-01,7,5519,4778,AMER,Retail,Standard,7,8454,6720,Simulated
ACC_0685,BizCorp_0685,2026-03-01,323,128003,102197,APAC,Technology,Enterprise,944,312057,509760,Simulated
ACC_0685,BizCorp_0685,2026-04-01,297,134493,116761,APAC,Technology,Enterprise,944,312057,509760,Simulated
ACC_0685,BizCorp_0685,2026-05-01,293,128361,113470,APAC,Technology,Enterprise,944,312057,509760,Simulated
ACC_0685,BizCorp_0685,2026-06-01,385,143192,126925,APAC,Technology,Enterprise,944,312057,509760,Simulated
ACC_0685,BizCorp_0685,2026-07-01,415,182219,152310,APAC,Technology,Enterprise,944,312057,509760,Simulated
ACC_0685,BizCorp_0685,2026-08-01,415,203016,182772,APAC,Technology,Enterprise,944,312057,509760,Simulated
ACC_0686,BizCorp_0686,2026-03-01,36,8218,7390,EMEA,Financial Services,Premium,76,14337,54720,Simulated
ACC_0686,BizCorp_0686,2026-04-01,38,7994,6428,EMEA,Financial Services,Premium,76,14337,54720,Simulated
ACC_0686,BizCorp_0686,2026-05-01,41,9223,7249,EMEA,Financial Services,Premium,76,14337,54720,Simulated
ACC_0686,BizCorp_0686,2026-06-01,34,7649,6798,EMEA,Financial Services,Premium,76,14337,54720,Simulated
ACC_0686,BizCorp_0686,2026-07-01,36,9902,7735,EMEA,Financial Services,Premium,76,14337,54720,Simulated
ACC_0686,BizCorp_0686,2026-08-01,36,8745,6871,EMEA,Financial Services,Premium,76,14337,54720,Simulated
ACC_0687,BizCorp_0687,2026-03-01,6,3661,3255,APAC,Retail,Standard,11,7522,10560,Simulated
ACC_0687,BizCorp_0687,2026-04-01,6,4665,3950,APAC,Retail,Standard,11,7522,10560,Simulated
ACC_0687,BizCorp_0687,2026-05-01,6,4857,3956,APAC,Retail,Standard,11,7522,10560,Simulated
ACC_0687,BizCorp_0687,2026-06-01,6,4569,3934,APAC,Retail,Standard,11,7522,10560,Simulated
ACC_0687,BizCorp_0687,2026-07-01,5,4273,3459,APAC,Retail,Standard,11,7522,10560,Simulated
ACC_0687,BizCorp_0687,2026-08-01,6,4010,3384,APAC,Retail,Standard,11,7522,10560,Simulated
ACC_0688,BizCorp_0688,2026-03-01,162,131413,104130,AMER,Manufacturing,Enterprise,388,176530,209520,Simulated
ACC_0688,BizCorp_0688,2026-04-01,151,110248,99428,AMER,Manufacturing,Enterprise,388,176530,209520,Simulated
ACC_0688,BizCorp_0688,2026-05-01,139,130054,103487,AMER,Manufacturing,Enterprise,388,176530,209520,Simulated
ACC_0688,BizCorp_0688,2026-06-01,141,134442,106597,AMER,Manufacturing,Enterprise,388,176530,209520,Simulated
ACC_0688,BizCorp_0688,2026-07-01,159,130406,113796,AMER,Manufacturing,Enterprise,388,176530,209520,Simulated
ACC_0688,BizCorp_0688,2026-08-01,151,140480,109014,AMER,Manufacturing,Enterprise,388,176530,209520,Simulated
ACC_0689,BizCorp_0689,2026-03-01,16,23902,18933,APAC,Logistics,Premium,55,55550,39600,Simulated
ACC_0689,BizCorp_0689,2026-04-01,16,20946,18543,APAC,Logistics,Premium,55,55550,39600,Simulated
ACC_0689,BizCorp_0689,2026-05-01,14,26000,20080,APAC,Logistics,Premium,55,55550,39600,Simulated
ACC_0689,BizCorp_0689,2026-06-01,19,28050,22606,APAC,Logistics,Premium,55,55550,39600,Simulated
ACC_0689,BizCorp_0689,2026-07-01,23,32354,27127,APAC,Logistics,Premium,55,55550,39600,Simulated
ACC_0689,BizCorp_0689,2026-08-01,28,37081,32553,APAC,Logistics,Premium,55,55550,39600,Simulated
ACC_0690,BizCorp_0690,2026-03-01,219,111727,95786,AMER,Healthcare,Enterprise,263,256624,142020,Simulated
ACC_0690,BizCorp_0690,2026-04-01,263,114014,98497,AMER,Healthcare,Enterprise,263,256624,142020,Simulated
ACC_0690,BizCorp_0690,2026-05-01,263,122600,102303,AMER,Healthcare,Enterprise,263,256624,142020,Simulated
ACC_0690,BizCorp_0690,2026-06-01,226,98089,87358,AMER,Healthcare,Enterprise,263,256624,142020,Simulated
ACC_0690,BizCorp_0690,2026-07-01,226,91408,77007,AMER,Healthcare,Enterprise,263,256624,142020,Simulated
ACC_0690,BizCorp_0690,2026-08-01,233,123219,99751,AMER,Healthcare,Enterprise,263,256624,142020,Simulated
ACC_0691,BizCorp_0691,2026-03-01,163,185739,165234,AMER,Technology,Enterprise,338,282565,182520,Simulated
ACC_0691,BizCorp_0691,2026-04-01,154,215991,175004,AMER,Technology,Enterprise,338,282565,182520,Simulated
ACC_0691,BizCorp_0691,2026-05-01,184,206690,175085,AMER,Technology,Enterprise,338,282565,182520,Simulated
ACC_0691,BizCorp_0691,2026-06-01,206,291917,230853,AMER,Technology,Enterprise,338,282565,182520,Simulated
ACC_0691,BizCorp_0691,2026-07-01,247,355668,277024,AMER,Technology,Enterprise,338,282565,182520,Simulated
ACC_0691,BizCorp_0691,2026-08-01,296,394890,332429,AMER,Technology,Enterprise,338,282565,182520,Simulated
ACC_0692,BizCorp_0692,2026-03-01,57,41528,35475,AMER,Financial Services,Premium,81,63863,58320,Simulated
ACC_0692,BizCorp_0692,2026-04-01,53,41232,36565,AMER,Financial Services,Premium,81,63863,58320,Simulated
ACC_0692,BizCorp_0692,2026-05-01,62,37713,33930,AMER,Financial Services,Premium,81,63863,58320,Simulated
ACC_0692,BizCorp_0692,2026-06-01,29,22863,19826,AMER,Financial Services,Premium,81,63863,58320,Simulated
ACC_0692,BizCorp_0692,2026-07-01,14,11726,9913,AMER,Financial Services,Premium,81,63863,58320,Simulated
ACC_0692,BizCorp_0692,2026-08-01,7,5550,4956,AMER,Financial Services,Premium,81,63863,58320,Simulated
ACC_0693,BizCorp_0693,2026-03-01,150,137734,115803,EMEA,Healthcare,Enterprise,315,304360,170100,Simulated
ACC_0693,BizCorp_0693,2026-04-01,164,166220,129578,EMEA,Healthcare,Enterprise,315,304360,170100,Simulated
ACC_0693,BizCorp_0693,2026-05-01,149,162088,140636,EMEA,Healthcare,Enterprise,315,304360,170100,Simulated
ACC_0693,BizCorp_0693,2026-06-01,82,75060,65430,EMEA,Healthcare,Enterprise,315,304360,170100,Simulated
ACC_0693,BizCorp_0693,2026-07-01,41,41013,32715,EMEA,Healthcare,Enterprise,315,304360,170100,Simulated
ACC_0693,BizCorp_0693,2026-08-01,20,19798,16357,EMEA,Healthcare,Enterprise,315,304360,170100,Simulated
ACC_0694,BizCorp_0694,2026-03-01,109,139096,119567,APAC,Technology,Enterprise,109,190862,58860,Simulated
ACC_0694,BizCorp_0694,2026-04-01,99,127428,104298,APAC,Technology,Enterprise,109,190862,58860,Simulated
ACC_0694,BizCorp_0694,2026-05-01,96,142084,115580,APAC,Technology,Enterprise,109,190862,58860,Simulated
ACC_0694,BizCorp_0694,2026-06-01,53,68633,56276,APAC,Technology,Enterprise,109,190862,58860,Simulated
ACC_0694,BizCorp_0694,2026-07-01,26,33748,28138,APAC,Technology,Enterprise,109,190862,58860,Simulated
ACC_0694,BizCorp_0694,2026-08-01,13,18043,14069,APAC,Technology,Enterprise,109,190862,58860,Simulated
ACC_0695,BizCorp_0695,2026-03-01,21,22732,18377,APAC,Technology,Premium,51,40797,36720,Simulated
ACC_0695,BizCorp_0695,2026-04-01,24,20907,17260,APAC,Technology,Premium,51,40797,36720,Simulated
ACC_0695,BizCorp_0695,2026-05-01,21,20485,17414,APAC,Technology,Premium,51,40797,36720,Simulated
ACC_0695,BizCorp_0695,2026-06-01,27,24045,21471,APAC,Technology,Premium,51,40797,36720,Simulated
ACC_0695,BizCorp_0695,2026-07-01,33,29456,25765,APAC,Technology,Premium,51,40797,36720,Simulated
ACC_0695,BizCorp_0695,2026-08-01,35,35782,30918,APAC,Technology,Premium,51,40797,36720,Simulated
ACC_0696,BizCorp_0696,2026-03-01,9,8621,6884,AMER,Logistics,Standard,18,14258,17280,Simulated
ACC_0696,BizCorp_0696,2026-04-01,9,7078,5719,AMER,Logistics,Standard,18,14258,17280,Simulated
ACC_0696,BizCorp_0696,2026-05-01,10,7448,6433,AMER,Logistics,Standard,18,14258,17280,Simulated
ACC_0696,BizCorp_0696,2026-06-01,10,6766,5537,AMER,Logistics,Standard,18,14258,17280,Simulated
ACC_0696,BizCorp_0696,2026-07-01,10,6890,5449,AMER,Logistics,Standard,18,14258,17280,Simulated
ACC_0696,BizCorp_0696,2026-08-01,9,8865,6983,AMER,Logistics,Standard,18,14258,17280,Simulated
ACC_0697,BizCorp_0697,2026-03-01,122,207451,171716,EMEA,Technology,Enterprise,136,150622,73440,Simulated
ACC_0697,BizCorp_0697,2026-04-01,113,152610,137365,EMEA,Technology,Enterprise,136,150622,73440,Simulated
ACC_0697,BizCorp_0697,2026-05-01,113,181803,164456,EMEA,Technology,Enterprise,136,150622,73440,Simulated
ACC_0697,BizCorp_0697,2026-06-01,129,182051,162689,EMEA,Technology,Enterprise,136,150622,73440,Simulated
ACC_0697,BizCorp_0697,2026-07-01,132,228367,177202,EMEA,Technology,Enterprise,136,150622,73440,Simulated
ACC_0697,BizCorp_0697,2026-08-01,129,178402,144237,EMEA,Technology,Enterprise,136,150622,73440,Simulated
ACC_0698,BizCorp_0698,2026-03-01,262,331768,300384,APAC,Logistics,Enterprise,746,1353557,402840,Simulated
ACC_0698,BizCorp_0698,2026-04-01,305,372331,305809,APAC,Logistics,Enterprise,746,1353557,402840,Simulated
ACC_0698,BizCorp_0698,2026-05-01,273,354256,320273,APAC,Logistics,Enterprise,746,1353557,402840,Simulated
ACC_0698,BizCorp_0698,2026-06-01,343,463368,366569,APAC,Logistics,Enterprise,746,1353557,402840,Simulated
ACC_0698,BizCorp_0698,2026-07-01,376,490083,439883,APAC,Logistics,Enterprise,746,1353557,402840,Simulated
ACC_0698,BizCorp_0698,2026-08-01,376,638353,527860,APAC,Logistics,Enterprise,746,1353557,402840,Simulated
ACC_0699,BizCorp_0699,2026-03-01,130,192869,162040,APAC,Technology,Enterprise,253,510495,136620,Simulated
ACC_0699,BizCorp_0699,2026-04-01,151,173071,143911,APAC,Technology,Enterprise,253,510495,136620,Simulated
ACC_0699,BizCorp_0699,2026-05-01,152,182504,153614,APAC,Technology,Enterprise,253,510495,136620,Simulated
ACC_0699,BizCorp_0699,2026-06-01,169,216831,180487,APAC,Technology,Enterprise,253,510495,136620,Simulated
ACC_0699,BizCorp_0699,2026-07-01,186,257201,216585,APAC,Technology,Enterprise,253,510495,136620,Simulated
ACC_0699,BizCorp_0699,2026-08-01,186,286491,259902,APAC,Technology,Enterprise,253,510495,136620,Simulated
ACC_0700,BizCorp_0700,2026-03-01,6,4365,3750,APAC,Financial Services,Standard,12,6278,11520,Simulated
ACC_0700,BizCorp_0700,2026-04-01,6,4797,4223,APAC,Financial Services,Standard,12,6278,11520,Simulated
ACC_0700,BizCorp_0700,2026-05-01,5,4543,3917,APAC,Financial Services,Standard,12,6278,11520,Simulated
ACC_0700,BizCorp_0700,2026-06-01,6,5118,4149,APAC,Financial Services,Standard,12,6278,11520,Simulated
ACC_0700,BizCorp_0700,2026-07-01,6,4626,3856,APAC,Financial Services,Standard,12,6278,11520,Simulated
ACC_0700,BizCorp_0700,2026-08-01,6,4055,3579,APAC,Financial Services,Standard,12,6278,11520,Simulated
ACC_0701,BizCorp_0701,2026-03-01,13,33968,27941,AMER,Technology,Premium,24,70421,17280,Simulated
ACC_0701,BizCorp_0701,2026-04-01,15,35060,29329,AMER,Technology,Premium,24,70421,17280,Simulated
ACC_0701,BizCorp_0701,2026-05-01,14,29422,24161,AMER,Technology,Premium,24,70421,17280,Simulated
ACC_0701,BizCorp_0701,2026-06-01,16,35717,31171,AMER,Technology,Premium,24,70421,17280,Simulated
ACC_0701,BizCorp_0701,2026-07-01,19,42028,37406,AMER,Technology,Premium,24,70421,17280,Simulated
ACC_0701,BizCorp_0701,2026-08-01,22,57497,44887,AMER,Technology,Premium,24,70421,17280,Simulated
ACC_0702,BizCorp_0702,2026-03-01,63,27550,21525,EMEA,Financial Services,Premium,97,22410,69840,Simulated
ACC_0702,BizCorp_0702,2026-04-01,67,26051,22520,EMEA,Financial Services,Premium,97,22410,69840,Simulated
ACC_0702,BizCorp_0702,2026-05-01,71,31944,26365,EMEA,Financial Services,Premium,97,22410,69840,Simulated
ACC_0702,BizCorp_0702,2026-06-01,63,26934,24019,EMEA,Financial Services,Premium,97,22410,69840,Simulated
ACC_0702,BizCorp_0702,2026-07-01,71,32485,25543,EMEA,Financial Services,Premium,97,22410,69840,Simulated
ACC_0702,BizCorp_0702,2026-08-01,67,29537,25993,EMEA,Financial Services,Premium,97,22410,69840,Simulated
ACC_0703,BizCorp_0703,2026-03-01,65,36183,29611,AMER,Retail,Premium,104,50065,74880,Simulated
ACC_0703,BizCorp_0703,2026-04-01,61,33763,29284,AMER,Retail,Premium,104,50065,74880,Simulated
ACC_0703,BizCorp_0703,2026-05-01,63,32342,27165,AMER,Retail,Premium,104,50065,74880,Simulated
ACC_0703,BizCorp_0703,2026-06-01,60,30354,27537,AMER,Retail,Premium,104,50065,74880,Simulated
ACC_0703,BizCorp_0703,2026-07-01,63,31475,27892,AMER,Retail,Premium,104,50065,74880,Simulated
ACC_0703,BizCorp_0703,2026-08-01,68,37935,30300,AMER,Retail,Premium,104,50065,74880,Simulated
ACC_0704,BizCorp_0704,2026-03-01,19,19423,15033,EMEA,Retail,Premium,37,32248,26640,Simulated
ACC_0704,BizCorp_0704,2026-04-01,22,14463,12257,EMEA,Retail,Premium,37,32248,26640,Simulated
ACC_0704,BizCorp_0704,2026-05-01,22,13417,12107,EMEA,Retail,Premium,37,32248,26640,Simulated
ACC_0704,BizCorp_0704,2026-06-01,25,18781,15820,EMEA,Retail,Premium,37,32248,26640,Simulated
ACC_0704,BizCorp_0704,2026-07-01,30,24622,18984,EMEA,Retail,Premium,37,32248,26640,Simulated
ACC_0704,BizCorp_0704,2026-08-01,37,26858,22780,EMEA,Retail,Premium,37,32248,26640,Simulated
ACC_0705,BizCorp_0705,2026-03-01,11,4032,3403,APAC,Technology,Standard,12,7648,11520,Simulated
ACC_0705,BizCorp_0705,2026-04-01,11,3353,2891,APAC,Technology,Standard,12,7648,11520,Simulated
ACC_0705,BizCorp_0705,2026-05-01,10,4450,3656,APAC,Technology,Standard,12,7648,11520,Simulated
ACC_0705,BizCorp_0705,2026-06-01,11,4160,3551,APAC,Technology,Standard,12,7648,11520,Simulated
ACC_0705,BizCorp_0705,2026-07-01,11,4326,3426,APAC,Technology,Standard,12,7648,11520,Simulated
ACC_0705,BizCorp_0705,2026-08-01,12,4597,3699,APAC,Technology,Standard,12,7648,11520,Simulated
ACC_0706,BizCorp_0706,2026-03-01,120,89164,78399,APAC,Technology,Enterprise,133,216753,71820,Simulated
ACC_0706,BizCorp_0706,2026-04-01,116,120842,103795,APAC,Technology,Enterprise,133,216753,71820,Simulated
ACC_0706,BizCorp_0706,2026-05-01,122,112371,89471,APAC,Technology,Enterprise,133,216753,71820,Simulated
ACC_0706,BizCorp_0706,2026-06-01,127,121383,103564,APAC,Technology,Enterprise,133,216753,71820,Simulated
ACC_0706,BizCorp_0706,2026-07-01,133,118892,99150,APAC,Technology,Enterprise,133,216753,71820,Simulated
ACC_0706,BizCorp_0706,2026-08-01,116,113167,95437,APAC,Technology,Enterprise,133,216753,71820,Simulated
ACC_0707,BizCorp_0707,2026-03-01,354,267605,226156,AMER,Retail,Enterprise,460,249728,248400,Simulated
ACC_0707,BizCorp_0707,2026-04-01,397,257497,206317,AMER,Retail,Enterprise,460,249728,248400,Simulated
ACC_0707,BizCorp_0707,2026-05-01,401,261714,235129,AMER,Retail,Enterprise,460,249728,248400,Simulated
ACC_0707,BizCorp_0707,2026-06-01,372,269002,220691,AMER,Retail,Enterprise,460,249728,248400,Simulated
ACC_0707,BizCorp_0707,2026-07-01,377,233976,211100,AMER,Retail,Enterprise,460,249728,248400,Simulated
ACC_0707,BizCorp_0707,2026-08-01,374,257139,233642,AMER,Retail,Enterprise,460,249728,248400,Simulated
ACC_0708,BizCorp_0708,2026-03-01,4,4928,4270,AMER,Healthcare,Standard,10,17089,9600,Simulated
ACC_0708,BizCorp_0708,2026-04-01,4,7056,5612,AMER,Healthcare,Standard,10,17089,9600,Simulated
ACC_0708,BizCorp_0708,2026-05-01,4,6503,5066,AMER,Healthcare,Standard,10,17089,9600,Simulated
ACC_0708,BizCorp_0708,2026-06-01,5,7184,5863,AMER,Healthcare,Standard,10,17089,9600,Simulated
ACC_0708,BizCorp_0708,2026-07-01,6,9072,7036,AMER,Healthcare,Standard,10,17089,9600,Simulated
ACC_0708,BizCorp_0708,2026-08-01,8,10210,8444,AMER,Healthcare,Standard,10,17089,9600,Simulated
ACC_0709,BizCorp_0709,2026-03-01,344,76545,65856,APAC,Technology,Enterprise,586,94255,316440,Simulated
ACC_0709,BizCorp_0709,2026-04-01,332,81938,66200,APAC,Technology,Enterprise,586,94255,316440,Simulated
ACC_0709,BizCorp_0709,2026-05-01,355,74923,61530,APAC,Technology,Enterprise,586,94255,316440,Simulated
ACC_0709,BizCorp_0709,2026-06-01,363,78579,70801,APAC,Technology,Enterprise,586,94255,316440,Simulated
ACC_0709,BizCorp_0709,2026-07-01,306,70482,57781,APAC,Technology,Enterprise,586,94255,316440,Simulated
ACC_0709,BizCorp_0709,2026-08-01,310,89949,71604,APAC,Technology,Enterprise,586,94255,316440,Simulated
ACC_0710,BizCorp_0710,2026-03-01,113,210163,187198,APAC,Retail,Enterprise,131,189613,70740,Simulated
ACC_0710,BizCorp_0710,2026-04-01,105,263809,211786,APAC,Retail,Enterprise,131,189613,70740,Simulated
ACC_0710,BizCorp_0710,2026-05-01,99,278963,223074,APAC,Retail,Enterprise,131,189613,70740,Simulated
ACC_0710,BizCorp_0710,2026-06-01,52,131294,108414,APAC,Retail,Enterprise,131,189613,70740,Simulated
ACC_0710,BizCorp_0710,2026-07-01,26,63908,54207,APAC,Retail,Enterprise,131,189613,70740,Simulated
ACC_0710,BizCorp_0710,2026-08-01,13,32096,27103,APAC,Retail,Enterprise,131,189613,70740,Simulated
ACC_0711,BizCorp_0711,2026-03-01,253,155194,134720,AMER,Retail,Enterprise,278,193823,150120,Simulated
ACC_0711,BizCorp_0711,2026-04-01,266,139170,116256,AMER,Retail,Enterprise,278,193823,150120,Simulated
ACC_0711,BizCorp_0711,2026-05-01,249,169674,137917,AMER,Retail,Enterprise,278,193823,150120,Simulated
ACC_0711,BizCorp_0711,2026-06-01,262,144100,119479,AMER,Retail,Enterprise,278,193823,150120,Simulated
ACC_0711,BizCorp_0711,2026-07-01,278,140441,121210,AMER,Retail,Enterprise,278,193823,150120,Simulated
ACC_0711,BizCorp_0711,2026-08-01,266,164351,129102,AMER,Retail,Enterprise,278,193823,150120,Simulated
ACC_0712,BizCorp_0712,2026-03-01,29,22085,19504,AMER,Manufacturing,Premium,53,31178,38160,Simulated
ACC_0712,BizCorp_0712,2026-04-01,32,26121,22461,AMER,Manufacturing,Premium,53,31178,38160,Simulated
ACC_0712,BizCorp_0712,2026-05-01,33,23567,19828,AMER,Manufacturing,Premium,53,31178,38160,Simulated
ACC_0712,BizCorp_0712,2026-06-01,37,28817,23865,AMER,Manufacturing,Premium,53,31178,38160,Simulated
ACC_0712,BizCorp_0712,2026-07-01,44,31668,28638,AMER,Manufacturing,Premium,53,31178,38160,Simulated
ACC_0712,BizCorp_0712,2026-08-01,53,40898,34365,AMER,Manufacturing,Premium,53,31178,38160,Simulated
ACC_0713,BizCorp_0713,2026-03-01,7,7083,5798,EMEA,Manufacturing,Standard,10,7841,9600,Simulated
ACC_0713,BizCorp_0713,2026-04-01,8,6709,5340,EMEA,Manufacturing,Standard,10,7841,9600,Simulated
ACC_0713,BizCorp_0713,2026-05-01,8,6611,5621,EMEA,Manufacturing,Standard,10,7841,9600,Simulated
ACC_0713,BizCorp_0713,2026-06-01,4,3257,2893,EMEA,Manufacturing,Standard,10,7841,9600,Simulated
ACC_0713,BizCorp_0713,2026-07-01,2,1773,1446,EMEA,Manufacturing,Standard,10,7841,9600,Simulated
ACC_0713,BizCorp_0713,2026-08-01,1,906,723,EMEA,Manufacturing,Standard,10,7841,9600,Simulated
ACC_0714,BizCorp_0714,2026-03-01,186,176485,144465,APAC,Technology,Enterprise,197,223285,106380,Simulated
ACC_0714,BizCorp_0714,2026-04-01,180,163146,131680,APAC,Technology,Enterprise,197,223285,106380,Simulated
ACC_0714,BizCorp_0714,2026-05-01,197,155294,136541,APAC,Technology,Enterprise,197,223285,106380,Simulated
ACC_0714,BizCorp_0714,2026-06-01,95,86279,76018,APAC,Technology,Enterprise,197,223285,106380,Simulated
ACC_0714,BizCorp_0714,2026-07-01,47,44045,38009,APAC,Technology,Enterprise,197,223285,106380,Simulated
ACC_0714,BizCorp_0714,2026-08-01,23,24565,19004,APAC,Technology,Enterprise,197,223285,106380,Simulated
ACC_0715,BizCorp_0715,2026-03-01,24,46138,39092,AMER,Financial Services,Premium,64,158199,46080,Simulated
ACC_0715,BizCorp_0715,2026-04-01,25,47991,40739,AMER,Financial Services,Premium,64,158199,46080,Simulated
ACC_0715,BizCorp_0715,2026-05-01,22,44185,35581,AMER,Financial Services,Premium,64,158199,46080,Simulated
ACC_0715,BizCorp_0715,2026-06-01,28,52952,47280,AMER,Financial Services,Premium,64,158199,46080,Simulated
ACC_0715,BizCorp_0715,2026-07-01,34,66636,56736,AMER,Financial Services,Premium,64,158199,46080,Simulated
ACC_0715,BizCorp_0715,2026-08-01,41,88133,68084,AMER,Financial Services,Premium,64,158199,46080,Simulated
ACC_0716,BizCorp_0716,2026-03-01,3,7898,6308,APAC,Technology,Standard,6,19026,5760,Simulated
ACC_0716,BizCorp_0716,2026-04-01,4,7420,6210,APAC,Technology,Standard,6,19026,5760,Simulated
ACC_0716,BizCorp_0716,2026-05-01,3,8746,7041,APAC,Technology,Standard,6,19026,5760,Simulated
ACC_0716,BizCorp_0716,2026-06-01,1,4716,3633,APAC,Technology,Standard,6,19026,5760,Simulated
ACC_0716,BizCorp_0716,2026-07-01,1,2044,1816,APAC,Technology,Standard,6,19026,5760,Simulated
ACC_0716,BizCorp_0716,2026-08-01,1,1157,908,APAC,Technology,Standard,6,19026,5760,Simulated
ACC_0717,BizCorp_0717,2026-03-01,59,52178,40782,AMER,Logistics,Premium,73,71628,52560,Simulated
ACC_0717,BizCorp_0717,2026-04-01,66,37931,33658,AMER,Logistics,Premium,73,71628,52560,Simulated
ACC_0717,BizCorp_0717,2026-05-01,63,49913,39285,AMER,Logistics,Premium,73,71628,52560,Simulated
ACC_0717,BizCorp_0717,2026-06-01,62,39872,35302,AMER,Logistics,Premium,73,71628,52560,Simulated
ACC_0717,BizCorp_0717,2026-07-01,56,37053,32481,AMER,Logistics,Premium,73,71628,52560,Simulated
ACC_0717,BizCorp_0717,2026-08-01,58,49372,38666,AMER,Logistics,Premium,73,71628,52560,Simulated
ACC_0718,BizCorp_0718,2026-03-01,124,133224,106536,EMEA,Technology,Enterprise,140,207620,75600,Simulated
ACC_0718,BizCorp_0718,2026-04-01,111,145145,112104,EMEA,Technology,Enterprise,140,207620,75600,Simulated
ACC_0718,BizCorp_0718,2026-05-01,126,122167,105961,EMEA,Technology,Enterprise,140,207620,75600,Simulated
ACC_0718,BizCorp_0718,2026-06-01,61,66342,55156,EMEA,Technology,Enterprise,140,207620,75600,Simulated
ACC_0718,BizCorp_0718,2026-07-01,30,32044,27578,EMEA,Technology,Enterprise,140,207620,75600,Simulated
ACC_0718,BizCorp_0718,2026-08-01,15,15508,13789,EMEA,Technology,Enterprise,140,207620,75600,Simulated
ACC_0719,BizCorp_0719,2026-03-01,261,135535,105066,AMER,Technology,Enterprise,442,211618,238680,Simulated
ACC_0719,BizCorp_0719,2026-04-01,245,121930,102821,AMER,Technology,Enterprise,442,211618,238680,Simulated
ACC_0719,BizCorp_0719,2026-05-01,258,115396,93785,AMER,Technology,Enterprise,442,211618,238680,Simulated
ACC_0719,BizCorp_0719,2026-06-01,260,99451,87287,AMER,Technology,Enterprise,442,211618,238680,Simulated
ACC_0719,BizCorp_0719,2026-07-01,289,111209,86283,AMER,Technology,Enterprise,442,211618,238680,Simulated
ACC_0719,BizCorp_0719,2026-08-01,250,123598,103909,AMER,Technology,Enterprise,442,211618,238680,Simulated
ACC_0720,BizCorp_0720,2026-03-01,9,4034,3397,APAC,Financial Services,Standard,24,21003,23040,Simulated
ACC_0720,BizCorp_0720,2026-04-01,9,4810,4188,APAC,Financial Services,Standard,24,21003,23040,Simulated
ACC_0720,BizCorp_0720,2026-05-01,8,5049,4045,APAC,Financial Services,Standard,24,21003,23040,Simulated
ACC_0720,BizCorp_0720,2026-06-01,10,5578,4657,APAC,Financial Services,Standard,24,21003,23040,Simulated
ACC_0720,BizCorp_0720,2026-07-01,12,6181,5588,APAC,Financial Services,Standard,24,21003,23040,Simulated
ACC_0720,BizCorp_0720,2026-08-01,13,8540,6706,APAC,Financial Services,Standard,24,21003,23040,Simulated
ACC_0721,BizCorp_0721,2026-03-01,6,6801,6169,AMER,Manufacturing,Standard,17,23976,16320,Simulated
ACC_0721,BizCorp_0721,2026-04-01,6,7833,7035,AMER,Manufacturing,Standard,17,23976,16320,Simulated
ACC_0721,BizCorp_0721,2026-05-01,6,9296,7347,AMER,Manufacturing,Standard,17,23976,16320,Simulated
ACC_0721,BizCorp_0721,2026-06-01,7,8912,7743,AMER,Manufacturing,Standard,17,23976,16320,Simulated
ACC_0721,BizCorp_0721,2026-07-01,8,11548,9291,AMER,Manufacturing,Standard,17,23976,16320,Simulated
ACC_0721,BizCorp_0721,2026-08-01,9,12697,11149,AMER,Manufacturing,Standard,17,23976,16320,Simulated
ACC_0722,BizCorp_0722,2026-03-01,50,23150,19282,AMER,Financial Services,Premium,143,38917,102960,Simulated
ACC_0722,BizCorp_0722,2026-04-01,49,21503,18766,AMER,Financial Services,Premium,143,38917,102960,Simulated
ACC_0722,BizCorp_0722,2026-05-01,57,22223,20160,AMER,Financial Services,Premium,143,38917,102960,Simulated
ACC_0722,BizCorp_0722,2026-06-01,64,27605,21710,AMER,Financial Services,Premium,143,38917,102960,Simulated
ACC_0722,BizCorp_0722,2026-07-01,76,33156,26053,AMER,Financial Services,Premium,143,38917,102960,Simulated
ACC_0722,BizCorp_0722,2026-08-01,83,39315,31263,AMER,Financial Services,Premium,143,38917,102960,Simulated
ACC_0723,BizCorp_0723,2026-03-01,43,30007,25928,APAC,Retail,Premium,92,39405,66240,Simulated
ACC_0723,BizCorp_0723,2026-04-01,48,33687,28816,APAC,Retail,Premium,92,39405,66240,Simulated
ACC_0723,BizCorp_0723,2026-05-01,41,31061,24203,APAC,Retail,Premium,92,39405,66240,Simulated
ACC_0723,BizCorp_0723,2026-06-01,48,28762,24262,APAC,Retail,Premium,92,39405,66240,Simulated
ACC_0723,BizCorp_0723,2026-07-01,47,28798,23859,APAC,Retail,Premium,92,39405,66240,Simulated
ACC_0723,BizCorp_0723,2026-08-01,43,27740,22728,APAC,Retail,Premium,92,39405,66240,Simulated
ACC_0724,BizCorp_0724,2026-03-01,264,117124,95209,AMER,Healthcare,Enterprise,312,102370,168480,Simulated
ACC_0724,BizCorp_0724,2026-04-01,310,113519,97517,AMER,Healthcare,Enterprise,312,102370,168480,Simulated
ACC_0724,BizCorp_0724,2026-05-01,294,97799,81005,AMER,Healthcare,Enterprise,312,102370,168480,Simulated
ACC_0724,BizCorp_0724,2026-06-01,312,105517,91667,AMER,Healthcare,Enterprise,312,102370,168480,Simulated
ACC_0724,BizCorp_0724,2026-07-01,288,107995,88201,AMER,Healthcare,Enterprise,312,102370,168480,Simulated
ACC_0724,BizCorp_0724,2026-08-01,291,126218,104699,AMER,Healthcare,Enterprise,312,102370,168480,Simulated
ACC_0725,BizCorp_0725,2026-03-01,186,343507,264836,AMER,Logistics,Enterprise,244,410610,131760,Simulated
ACC_0725,BizCorp_0725,2026-04-01,182,378130,298327,AMER,Logistics,Enterprise,244,410610,131760,Simulated
ACC_0725,BizCorp_0725,2026-05-01,168,383045,309856,AMER,Logistics,Enterprise,244,410610,131760,Simulated
ACC_0725,BizCorp_0725,2026-06-01,174,326407,258634,AMER,Logistics,Enterprise,244,410610,131760,Simulated
ACC_0725,BizCorp_0725,2026-07-01,196,389289,322236,AMER,Logistics,Enterprise,244,410610,131760,Simulated
ACC_0725,BizCorp_0725,2026-08-01,200,339311,298951,AMER,Logistics,Enterprise,244,410610,131760,Simulated
ACC_0726,BizCorp_0726,2026-03-01,48,42811,37801,AMER,Manufacturing,Premium,91,72007,65520,Simulated
ACC_0726,BizCorp_0726,2026-04-01,44,42059,37532,AMER,Manufacturing,Premium,91,72007,65520,Simulated
ACC_0726,BizCorp_0726,2026-05-01,51,51908,42137,AMER,Manufacturing,Premium,91,72007,65520,Simulated
ACC_0726,BizCorp_0726,2026-06-01,47,44962,35589,AMER,Manufacturing,Premium,91,72007,65520,Simulated
ACC_0726,BizCorp_0726,2026-07-01,51,48646,37516,AMER,Manufacturing,Premium,91,72007,65520,Simulated
ACC_0726,BizCorp_0726,2026-08-01,47,41003,36944,AMER,Manufacturing,Premium,91,72007,65520,Simulated
ACC_0727,BizCorp_0727,2026-03-01,9,3708,3236,EMEA,Financial Services,Standard,15,7788,14400,Simulated
ACC_0727,BizCorp_0727,2026-04-01,9,4008,3237,EMEA,Financial Services,Standard,15,7788,14400,Simulated
ACC_0727,BizCorp_0727,2026-05-01,8,4168,3712,EMEA,Financial Services,Standard,15,7788,14400,Simulated
ACC_0727,BizCorp_0727,2026-06-01,9,4654,3796,EMEA,Financial Services,Standard,15,7788,14400,Simulated
ACC_0727,BizCorp_0727,2026-07-01,9,4856,3853,EMEA,Financial Services,Standard,15,7788,14400,Simulated
ACC_0727,BizCorp_0727,2026-08-01,8,4031,3658,EMEA,Financial Services,Standard,15,7788,14400,Simulated
ACC_0728,BizCorp_0728,2026-03-01,34,17668,15884,EMEA,Manufacturing,Premium,36,36788,25920,Simulated
ACC_0728,BizCorp_0728,2026-04-01,36,23450,20253,EMEA,Manufacturing,Premium,36,36788,25920,Simulated
ACC_0728,BizCorp_0728,2026-05-01,33,21526,16704,EMEA,Manufacturing,Premium,36,36788,25920,Simulated
ACC_0728,BizCorp_0728,2026-06-01,35,24489,19479,EMEA,Manufacturing,Premium,36,36788,25920,Simulated
ACC_0728,BizCorp_0728,2026-07-01,33,24602,19630,EMEA,Manufacturing,Premium,36,36788,25920,Simulated
ACC_0728,BizCorp_0728,2026-08-01,35,18758,16130,EMEA,Manufacturing,Premium,36,36788,25920,Simulated
ACC_0729,BizCorp_0729,2026-03-01,49,47865,43240,APAC,Financial Services,Premium,139,83537,100080,Simulated
ACC_0729,BizCorp_0729,2026-04-01,43,47486,43037,APAC,Financial Services,Premium,139,83537,100080,Simulated
ACC_0729,BizCorp_0729,2026-05-01,49,43908,38636,APAC,Financial Services,Premium,139,83537,100080,Simulated
ACC_0729,BizCorp_0729,2026-06-01,55,56040,47734,APAC,Financial Services,Premium,139,83537,100080,Simulated
ACC_0729,BizCorp_0729,2026-07-01,62,72352,57281,APAC,Financial Services,Premium,139,83537,100080,Simulated
ACC_0729,BizCorp_0729,2026-08-01,62,88580,68737,APAC,Financial Services,Premium,139,83537,100080,Simulated
ACC_0730,BizCorp_0730,2026-03-01,205,69703,58713,EMEA,Manufacturing,Enterprise,574,157183,309960,Simulated
ACC_0730,BizCorp_0730,2026-04-01,249,69134,58370,EMEA,Manufacturing,Enterprise,574,157183,309960,Simulated
ACC_0730,BizCorp_0730,2026-05-01,209,58331,47445,EMEA,Manufacturing,Enterprise,574,157183,309960,Simulated
ACC_0730,BizCorp_0730,2026-06-01,273,85559,66675,EMEA,Manufacturing,Enterprise,574,157183,309960,Simulated
ACC_0730,BizCorp_0730,2026-07-01,327,92797,80010,EMEA,Manufacturing,Enterprise,574,157183,309960,Simulated
ACC_0730,BizCorp_0730,2026-08-01,393,107275,96012,EMEA,Manufacturing,Enterprise,574,157183,309960,Simulated
ACC_0731,BizCorp_0731,2026-03-01,20,19054,17317,APAC,Logistics,Premium,42,29417,30240,Simulated
ACC_0731,BizCorp_0731,2026-04-01,18,16885,14313,APAC,Logistics,Premium,42,29417,30240,Simulated
ACC_0731,BizCorp_0731,2026-05-01,19,19611,16998,APAC,Logistics,Premium,42,29417,30240,Simulated
ACC_0731,BizCorp_0731,2026-06-01,18,15941,13034,APAC,Logistics,Premium,42,29417,30240,Simulated
ACC_0731,BizCorp_0731,2026-07-01,17,17528,15390,APAC,Logistics,Premium,42,29417,30240,Simulated
ACC_0731,BizCorp_0731,2026-08-01,18,16661,13761,APAC,Logistics,Premium,42,29417,30240,Simulated
ACC_0732,BizCorp_0732,2026-03-01,14,16261,13314,EMEA,Financial Services,Premium,42,32826,30240,Simulated
ACC_0732,BizCorp_0732,2026-04-01,14,18064,14954,EMEA,Financial Services,Premium,42,32826,30240,Simulated
ACC_0732,BizCorp_0732,2026-05-01,14,18306,14919,EMEA,Financial Services,Premium,42,32826,30240,Simulated
ACC_0732,BizCorp_0732,2026-06-01,16,19996,17796,EMEA,Financial Services,Premium,42,32826,30240,Simulated
ACC_0732,BizCorp_0732,2026-07-01,20,25750,21355,EMEA,Financial Services,Premium,42,32826,30240,Simulated
ACC_0732,BizCorp_0732,2026-08-01,23,31685,25627,EMEA,Financial Services,Premium,42,32826,30240,Simulated
ACC_0733,BizCorp_0733,2026-03-01,13,20444,17242,APAC,Logistics,Premium,31,23216,22320,Simulated
ACC_0733,BizCorp_0733,2026-04-01,14,21166,17437,APAC,Logistics,Premium,31,23216,22320,Simulated
ACC_0733,BizCorp_0733,2026-05-01,16,16511,13546,APAC,Logistics,Premium,31,23216,22320,Simulated
ACC_0733,BizCorp_0733,2026-06-01,17,21344,18968,APAC,Logistics,Premium,31,23216,22320,Simulated
ACC_0733,BizCorp_0733,2026-07-01,21,29331,22761,APAC,Logistics,Premium,31,23216,22320,Simulated
ACC_0733,BizCorp_0733,2026-08-01,21,30769,27313,APAC,Logistics,Premium,31,23216,22320,Simulated
ACC_0734,BizCorp_0734,2026-03-01,8,6758,5303,AMER,Manufacturing,Standard,14,10322,13440,Simulated
ACC_0734,BizCorp_0734,2026-04-01,7,5470,4903,AMER,Manufacturing,Standard,14,10322,13440,Simulated
ACC_0734,BizCorp_0734,2026-05-01,8,7282,5619,AMER,Manufacturing,Standard,14,10322,13440,Simulated
ACC_0734,BizCorp_0734,2026-06-01,4,3163,2605,AMER,Manufacturing,Standard,14,10322,13440,Simulated
ACC_0734,BizCorp_0734,2026-07-01,2,1675,1302,AMER,Manufacturing,Standard,14,10322,13440,Simulated
ACC_0734,BizCorp_0734,2026-08-01,1,838,651,AMER,Manufacturing,Standard,14,10322,13440,Simulated
ACC_0735,BizCorp_0735,2026-03-01,169,123608,103237,APAC,Financial Services,Enterprise,533,444445,287820,Simulated
ACC_0735,BizCorp_0735,2026-04-01,148,127799,102273,APAC,Financial Services,Enterprise,533,444445,287820,Simulated
ACC_0735,BizCorp_0735,2026-05-01,154,128010,112589,APAC,Financial Services,Enterprise,533,444445,287820,Simulated
ACC_0735,BizCorp_0735,2026-06-01,186,156011,139930,APAC,Financial Services,Enterprise,533,444445,287820,Simulated
ACC_0735,BizCorp_0735,2026-07-01,223,202904,167917,APAC,Financial Services,Enterprise,533,444445,287820,Simulated
ACC_0735,BizCorp_0735,2026-08-01,268,253778,201500,APAC,Financial Services,Enterprise,533,444445,287820,Simulated
ACC_0736,BizCorp_0736,2026-03-01,225,136400,114898,EMEA,Retail,Enterprise,438,175918,236520,Simulated
ACC_0736,BizCorp_0736,2026-04-01,207,116703,90566,EMEA,Retail,Enterprise,438,175918,236520,Simulated
ACC_0736,BizCorp_0736,2026-05-01,214,123946,104169,EMEA,Retail,Enterprise,438,175918,236520,Simulated
ACC_0736,BizCorp_0736,2026-06-01,235,145099,113122,EMEA,Retail,Enterprise,438,175918,236520,Simulated
ACC_0736,BizCorp_0736,2026-07-01,211,125185,108547,EMEA,Retail,Enterprise,438,175918,236520,Simulated
ACC_0736,BizCorp_0736,2026-08-01,205,130199,111346,EMEA,Retail,Enterprise,438,175918,236520,Simulated
ACC_0737,BizCorp_0737,2026-03-01,128,358535,298491,AMER,Healthcare,Enterprise,240,667528,129600,Simulated
ACC_0737,BizCorp_0737,2026-04-01,127,350563,311538,AMER,Healthcare,Enterprise,240,667528,129600,Simulated
ACC_0737,BizCorp_0737,2026-05-01,151,334554,304137,AMER,Healthcare,Enterprise,240,667528,129600,Simulated
ACC_0737,BizCorp_0737,2026-06-01,70,184918,152208,AMER,Healthcare,Enterprise,240,667528,129600,Simulated
ACC_0737,BizCorp_0737,2026-07-01,35,97992,76104,AMER,Healthcare,Enterprise,240,667528,129600,Simulated
ACC_0737,BizCorp_0737,2026-08-01,17,42236,38052,AMER,Healthcare,Enterprise,240,667528,129600,Simulated
ACC_0738,BizCorp_0738,2026-03-01,15,39827,35862,AMER,Manufacturing,Premium,40,165454,28800,Simulated
ACC_0738,BizCorp_0738,2026-04-01,14,48807,42232,AMER,Manufacturing,Premium,40,165454,28800,Simulated
ACC_0738,BizCorp_0738,2026-05-01,16,52984,44131,AMER,Manufacturing,Premium,40,165454,28800,Simulated
ACC_0738,BizCorp_0738,2026-06-01,18,59249,46148,AMER,Manufacturing,Premium,40,165454,28800,Simulated
ACC_0738,BizCorp_0738,2026-07-01,22,67683,55378,AMER,Manufacturing,Premium,40,165454,28800,Simulated
ACC_0738,BizCorp_0738,2026-08-01,26,84892,66453,AMER,Manufacturing,Premium,40,165454,28800,Simulated
ACC_0739,BizCorp_0739,2026-03-01,8,3015,2387,APAC,Manufacturing,Standard,12,6398,11520,Simulated
ACC_0739,BizCorp_0739,2026-04-01,7,2766,2225,APAC,Manufacturing,Standard,12,6398,11520,Simulated
ACC_0739,BizCorp_0739,2026-05-01,7,2221,1876,APAC,Manufacturing,Standard,12,6398,11520,Simulated
ACC_0739,BizCorp_0739,2026-06-01,4,1240,1053,APAC,Manufacturing,Standard,12,6398,11520,Simulated
ACC_0739,BizCorp_0739,2026-07-01,2,676,526,APAC,Manufacturing,Standard,12,6398,11520,Simulated
ACC_0739,BizCorp_0739,2026-08-01,1,337,263,APAC,Manufacturing,Standard,12,6398,11520,Simulated
ACC_0740,BizCorp_0740,2026-03-01,8,2338,1904,AMER,Technology,Standard,12,1618,11520,Simulated
ACC_0740,BizCorp_0740,2026-04-01,8,1637,1458,AMER,Technology,Standard,12,1618,11520,Simulated
ACC_0740,BizCorp_0740,2026-05-01,7,1622,1429,AMER,Technology,Standard,12,1618,11520,Simulated
ACC_0740,BizCorp_0740,2026-06-01,3,1001,840,AMER,Technology,Standard,12,1618,11520,Simulated
ACC_0740,BizCorp_0740,2026-07-01,1,529,420,AMER,Technology,Standard,12,1618,11520,Simulated
ACC_0740,BizCorp_0740,2026-08-01,1,272,210,AMER,Technology,Standard,12,1618,11520,Simulated
ACC_0741,BizCorp_0741,2026-03-01,19,22722,19379,AMER,Healthcare,Premium,30,37233,21600,Simulated
ACC_0741,BizCorp_0741,2026-04-01,20,29575,24893,AMER,Healthcare,Premium,30,37233,21600,Simulated
ACC_0741,BizCorp_0741,2026-05-01,20,22177,20002,AMER,Healthcare,Premium,30,37233,21600,Simulated
ACC_0741,BizCorp_0741,2026-06-01,18,29906,24539,AMER,Healthcare,Premium,30,37233,21600,Simulated
ACC_0741,BizCorp_0741,2026-07-01,19,22877,19116,AMER,Healthcare,Premium,30,37233,21600,Simulated
ACC_0741,BizCorp_0741,2026-08-01,20,30369,24676,AMER,Healthcare,Premium,30,37233,21600,Simulated
ACC_0742,BizCorp_0742,2026-03-01,17,18601,16488,AMER,Financial Services,Standard,38,33440,36480,Simulated
ACC_0742,BizCorp_0742,2026-04-01,18,18204,14939,AMER,Financial Services,Standard,38,33440,36480,Simulated
ACC_0742,BizCorp_0742,2026-05-01,19,19787,16735,AMER,Financial Services,Standard,38,33440,36480,Simulated
ACC_0742,BizCorp_0742,2026-06-01,9,8493,7541,AMER,Financial Services,Standard,38,33440,36480,Simulated
ACC_0742,BizCorp_0742,2026-07-01,4,4340,3770,AMER,Financial Services,Standard,38,33440,36480,Simulated
ACC_0742,BizCorp_0742,2026-08-01,2,2434,1885,AMER,Financial Services,Standard,38,33440,36480,Simulated
ACC_0743,BizCorp_0743,2026-03-01,94,119610,99432,EMEA,Technology,Premium,135,226218,97200,Simulated
ACC_0743,BizCorp_0743,2026-04-01,80,114353,90688,EMEA,Technology,Premium,135,226218,97200,Simulated
ACC_0743,BizCorp_0743,2026-05-01,91,102368,79954,EMEA,Technology,Premium,135,226218,97200,Simulated
ACC_0743,BizCorp_0743,2026-06-01,90,91695,79627,EMEA,Technology,Premium,135,226218,97200,Simulated
ACC_0743,BizCorp_0743,2026-07-01,78,105874,87334,EMEA,Technology,Premium,135,226218,97200,Simulated
ACC_0743,BizCorp_0743,2026-08-01,88,95214,83769,EMEA,Technology,Premium,135,226218,97200,Simulated
ACC_0744,BizCorp_0744,2026-03-01,30,22134,18886,EMEA,Financial Services,Premium,67,61452,48240,Simulated
ACC_0744,BizCorp_0744,2026-04-01,27,23710,18747,EMEA,Financial Services,Premium,67,61452,48240,Simulated
ACC_0744,BizCorp_0744,2026-05-01,27,23152,19552,EMEA,Financial Services,Premium,67,61452,48240,Simulated
ACC_0744,BizCorp_0744,2026-06-01,34,23181,20845,EMEA,Financial Services,Premium,67,61452,48240,Simulated
ACC_0744,BizCorp_0744,2026-07-01,38,31829,25015,EMEA,Financial Services,Premium,67,61452,48240,Simulated
ACC_0744,BizCorp_0744,2026-08-01,38,38897,30018,EMEA,Financial Services,Premium,67,61452,48240,Simulated
ACC_0745,BizCorp_0745,2026-03-01,67,84380,65011,EMEA,Manufacturing,Enterprise,171,236234,92340,Simulated
ACC_0745,BizCorp_0745,2026-04-01,79,92098,71606,EMEA,Manufacturing,Enterprise,171,236234,92340,Simulated
ACC_0745,BizCorp_0745,2026-05-01,72,84074,64996,EMEA,Manufacturing,Enterprise,171,236234,92340,Simulated
ACC_0745,BizCorp_0745,2026-06-01,86,89487,76907,EMEA,Manufacturing,Enterprise,171,236234,92340,Simulated
ACC_0745,BizCorp_0745,2026-07-01,104,105722,92288,EMEA,Manufacturing,Enterprise,171,236234,92340,Simulated
ACC_0745,BizCorp_0745,2026-08-01,124,142223,110746,EMEA,Manufacturing,Enterprise,171,236234,92340,Simulated
ACC_0746,BizCorp_0746,2026-03-01,5,4899,4120,EMEA,Financial Services,Standard,7,12629,6720,Simulated
ACC_0746,BizCorp_0746,2026-04-01,5,4491,4046,EMEA,Financial Services,Standard,7,12629,6720,Simulated
ACC_0746,BizCorp_0746,2026-05-01,5,5257,4492,EMEA,Financial Services,Standard,7,12629,6720,Simulated
ACC_0746,BizCorp_0746,2026-06-01,2,2542,2168,EMEA,Financial Services,Standard,7,12629,6720,Simulated
ACC_0746,BizCorp_0746,2026-07-01,1,1278,1084,EMEA,Financial Services,Standard,7,12629,6720,Simulated
ACC_0746,BizCorp_0746,2026-08-01,1,618,542,EMEA,Financial Services,Standard,7,12629,6720,Simulated
ACC_0747,BizCorp_0747,2026-03-01,5,5169,4037,AMER,Manufacturing,Standard,6,6623,5760,Simulated
ACC_0747,BizCorp_0747,2026-04-01,6,3774,3079,AMER,Manufacturing,Standard,6,6623,5760,Simulated
ACC_0747,BizCorp_0747,2026-05-01,5,3975,3063,AMER,Manufacturing,Standard,6,6623,5760,Simulated
ACC_0747,BizCorp_0747,2026-06-01,5,4235,3283,AMER,Manufacturing,Standard,6,6623,5760,Simulated
ACC_0747,BizCorp_0747,2026-07-01,6,4240,3529,AMER,Manufacturing,Standard,6,6623,5760,Simulated
ACC_0747,BizCorp_0747,2026-08-01,6,4549,3677,AMER,Manufacturing,Standard,6,6623,5760,Simulated
ACC_0748,BizCorp_0748,2026-03-01,27,12573,11319,EMEA,Logistics,Premium,45,18078,32400,Simulated
ACC_0748,BizCorp_0748,2026-04-01,26,10677,9665,EMEA,Logistics,Premium,45,18078,32400,Simulated
ACC_0748,BizCorp_0748,2026-05-01,26,11832,10318,EMEA,Logistics,Premium,45,18078,32400,Simulated
ACC_0748,BizCorp_0748,2026-06-01,27,15031,12125,EMEA,Logistics,Premium,45,18078,32400,Simulated
ACC_0748,BizCorp_0748,2026-07-01,23,10664,9694,EMEA,Logistics,Premium,45,18078,32400,Simulated
ACC_0748,BizCorp_0748,2026-08-01,23,11351,9559,EMEA,Logistics,Premium,45,18078,32400,Simulated
ACC_0749,BizCorp_0749,2026-03-01,11,8910,8085,APAC,Financial Services,Standard,27,20371,25920,Simulated
ACC_0749,BizCorp_0749,2026-04-01,13,9490,7654,APAC,Financial Services,Standard,27,20371,25920,Simulated
ACC_0749,BizCorp_0749,2026-05-01,11,7840,6716,APAC,Financial Services,Standard,27,20371,25920,Simulated
ACC_0749,BizCorp_0749,2026-06-01,6,4517,3550,APAC,Financial Services,Standard,27,20371,25920,Simulated
ACC_0749,BizCorp_0749,2026-07-01,3,2282,1775,APAC,Financial Services,Standard,27,20371,25920,Simulated
ACC_0749,BizCorp_0749,2026-08-01,1,1136,887,APAC,Financial Services,Standard,27,20371,25920,Simulated
ACC_0750,BizCorp_0750,2026-03-01,9,6099,4972,EMEA,Retail,Standard,21,14035,20160,Simulated
ACC_0750,BizCorp_0750,2026-04-01,9,5326,4606,EMEA,Retail,Standard,21,14035,20160,Simulated
ACC_0750,BizCorp_0750,2026-05-01,10,6698,5346,EMEA,Retail,Standard,21,14035,20160,Simulated
ACC_0750,BizCorp_0750,2026-06-01,4,3324,2679,EMEA,Retail,Standard,21,14035,20160,Simulated
ACC_0750,BizCorp_0750,2026-07-01,2,1699,1339,EMEA,Retail,Standard,21,14035,20160,Simulated
ACC_0750,BizCorp_0750,2026-08-01,1,797,669,EMEA,Retail,Standard,21,14035,20160,Simulated
ACC_0751,BizCorp_0751,2026-03-01,11,3366,3045,EMEA,Logistics,Standard,18,7027,17280,Simulated
ACC_0751,BizCorp_0751,2026-04-01,10,3796,3411,EMEA,Logistics,Standard,18,7027,17280,Simulated
ACC_0751,BizCorp_0751,2026-05-01,9,3964,3070,EMEA,Logistics,Standard,18,7027,17280,Simulated
ACC_0751,BizCorp_0751,2026-06-01,11,4540,3619,EMEA,Logistics,Standard,18,7027,17280,Simulated
ACC_0751,BizCorp_0751,2026-07-01,9,4076,3353,EMEA,Logistics,Standard,18,7027,17280,Simulated
ACC_0751,BizCorp_0751,2026-08-01,9,3898,3028,EMEA,Logistics,Standard,18,7027,17280,Simulated
ACC_0752,BizCorp_0752,2026-03-01,6,6884,6186,AMER,Healthcare,Standard,15,13508,14400,Simulated
ACC_0752,BizCorp_0752,2026-04-01,6,7636,5957,AMER,Healthcare,Standard,15,13508,14400,Simulated
ACC_0752,BizCorp_0752,2026-05-01,6,7684,6583,AMER,Healthcare,Standard,15,13508,14400,Simulated
ACC_0752,BizCorp_0752,2026-06-01,6,8285,6413,AMER,Healthcare,Standard,15,13508,14400,Simulated
ACC_0752,BizCorp_0752,2026-07-01,6,7106,6186,AMER,Healthcare,Standard,15,13508,14400,Simulated
ACC_0752,BizCorp_0752,2026-08-01,6,6610,5854,AMER,Healthcare,Standard,15,13508,14400,Simulated
ACC_0753,BizCorp_0753,2026-03-01,6,5268,4090,APAC,Retail,Standard,11,8804,10560,Simulated
ACC_0753,BizCorp_0753,2026-04-01,6,4266,3514,APAC,Retail,Standard,11,8804,10560,Simulated
ACC_0753,BizCorp_0753,2026-05-01,7,5575,4610,APAC,Retail,Standard,11,8804,10560,Simulated
ACC_0753,BizCorp_0753,2026-06-01,3,2288,2053,APAC,Retail,Standard,11,8804,10560,Simulated
ACC_0753,BizCorp_0753,2026-07-01,1,1207,1026,APAC,Retail,Standard,11,8804,10560,Simulated
ACC_0753,BizCorp_0753,2026-08-01,1,609,513,APAC,Retail,Standard,11,8804,10560,Simulated
ACC_0754,BizCorp_0754,2026-03-01,7,9760,8462,APAC,Logistics,Standard,17,22265,16320,Simulated
ACC_0754,BizCorp_0754,2026-04-01,8,11711,9070,APAC,Logistics,Standard,17,22265,16320,Simulated
ACC_0754,BizCorp_0754,2026-05-01,8,10068,8696,APAC,Logistics,Standard,17,22265,16320,Simulated
ACC_0754,BizCorp_0754,2026-06-01,4,5178,4258,APAC,Logistics,Standard,17,22265,16320,Simulated
ACC_0754,BizCorp_0754,2026-07-01,2,2752,2129,APAC,Logistics,Standard,17,22265,16320,Simulated
ACC_0754,BizCorp_0754,2026-08-01,1,1250,1064,APAC,Logistics,Standard,17,22265,16320,Simulated
ACC_0755,BizCorp_0755,2026-03-01,6,6366,5016,AMER,Manufacturing,Standard,11,9465,10560,Simulated
ACC_0755,BizCorp_0755,2026-04-01,6,4492,3968,AMER,Manufacturing,Standard,11,9465,10560,Simulated
ACC_0755,BizCorp_0755,2026-05-01,6,4761,3972,AMER,Manufacturing,Standard,11,9465,10560,Simulated
ACC_0755,BizCorp_0755,2026-06-01,7,4947,4394,AMER,Manufacturing,Standard,11,9465,10560,Simulated
ACC_0755,BizCorp_0755,2026-07-01,6,5191,4356,AMER,Manufacturing,Standard,11,9465,10560,Simulated
ACC_0755,BizCorp_0755,2026-08-01,6,5844,4769,AMER,Manufacturing,Standard,11,9465,10560,Simulated
ACC_0756,BizCorp_0756,2026-03-01,148,109787,99531,EMEA,Logistics,Enterprise,255,312961,137700,Simulated
ACC_0756,BizCorp_0756,2026-04-01,162,142166,115711,EMEA,Logistics,Enterprise,255,312961,137700,Simulated
ACC_0756,BizCorp_0756,2026-05-01,166,138444,124806,EMEA,Logistics,Enterprise,255,312961,137700,Simulated
ACC_0756,BizCorp_0756,2026-06-01,146,152369,117950,EMEA,Logistics,Enterprise,255,312961,137700,Simulated
ACC_0756,BizCorp_0756,2026-07-01,155,126990,110364,EMEA,Logistics,Enterprise,255,312961,137700,Simulated
ACC_0756,BizCorp_0756,2026-08-01,139,142010,126419,EMEA,Logistics,Enterprise,255,312961,137700,Simulated
ACC_0757,BizCorp_0757,2026-03-01,10,3134,2711,EMEA,Manufacturing,Standard,23,11991,22080,Simulated
ACC_0757,BizCorp_0757,2026-04-01,11,3511,2733,EMEA,Manufacturing,Standard,23,11991,22080,Simulated
ACC_0757,BizCorp_0757,2026-05-01,11,3359,2586,EMEA,Manufacturing,Standard,23,11991,22080,Simulated
ACC_0757,BizCorp_0757,2026-06-01,13,3493,2884,EMEA,Manufacturing,Standard,23,11991,22080,Simulated
ACC_0757,BizCorp_0757,2026-07-01,16,4486,3461,EMEA,Manufacturing,Standard,23,11991,22080,Simulated
ACC_0757,BizCorp_0757,2026-08-01,19,4943,4153,EMEA,Manufacturing,Standard,23,11991,22080,Simulated
ACC_0758,BizCorp_0758,2026-03-01,2,5531,4880,APAC,Retail,Standard,2,7078,1920,Simulated
ACC_0758,BizCorp_0758,2026-04-01,1,6514,5674,APAC,Retail,Standard,2,7078,1920,Simulated
ACC_0758,BizCorp_0758,2026-05-01,2,7011,5567,APAC,Retail,Standard,2,7078,1920,Simulated
ACC_0758,BizCorp_0758,2026-06-01,2,5232,4457,APAC,Retail,Standard,2,7078,1920,Simulated
ACC_0758,BizCorp_0758,2026-07-01,2,5201,4362,APAC,Retail,Standard,2,7078,1920,Simulated
ACC_0758,BizCorp_0758,2026-08-01,2,5220,4282,APAC,Retail,Standard,2,7078,1920,Simulated
ACC_0759,BizCorp_0759,2026-03-01,13,5806,5071,EMEA,Healthcare,Standard,14,11517,13440,Simulated
ACC_0759,BizCorp_0759,2026-04-01,13,4456,3917,EMEA,Healthcare,Standard,14,11517,13440,Simulated
ACC_0759,BizCorp_0759,2026-05-01,13,5090,4141,EMEA,Healthcare,Standard,14,11517,13440,Simulated
ACC_0759,BizCorp_0759,2026-06-01,13,5367,4820,EMEA,Healthcare,Standard,14,11517,13440,Simulated
ACC_0759,BizCorp_0759,2026-07-01,14,5211,4633,EMEA,Healthcare,Standard,14,11517,13440,Simulated
ACC_0759,BizCorp_0759,2026-08-01,13,5045,4583,EMEA,Healthcare,Standard,14,11517,13440,Simulated
ACC_0760,BizCorp_0760,2026-03-01,235,172051,150620,AMER,Technology,Enterprise,345,276867,186300,Simulated
ACC_0760,BizCorp_0760,2026-04-01,217,170513,152747,AMER,Technology,Enterprise,345,276867,186300,Simulated
ACC_0760,BizCorp_0760,2026-05-01,227,177531,142034,AMER,Technology,Enterprise,345,276867,186300,Simulated
ACC_0760,BizCorp_0760,2026-06-01,111,93149,75239,AMER,Technology,Enterprise,345,276867,186300,Simulated
ACC_0760,BizCorp_0760,2026-07-01,55,44920,37619,AMER,Technology,Enterprise,345,276867,186300,Simulated
ACC_0760,BizCorp_0760,2026-08-01,27,23338,18809,AMER,Technology,Enterprise,345,276867,186300,Simulated
ACC_0761,BizCorp_0761,2026-03-01,17,42359,33763,AMER,Logistics,Standard,20,55364,19200,Simulated
ACC_0761,BizCorp_0761,2026-04-01,18,39102,31204,AMER,Logistics,Standard,20,55364,19200,Simulated
ACC_0761,BizCorp_0761,2026-05-01,17,38722,34778,AMER,Logistics,Standard,20,55364,19200,Simulated
ACC_0761,BizCorp_0761,2026-06-01,18,36673,32428,AMER,Logistics,Standard,20,55364,19200,Simulated
ACC_0761,BizCorp_0761,2026-07-01,18,35409,31212,AMER,Logistics,Standard,20,55364,19200,Simulated
ACC_0761,BizCorp_0761,2026-08-01,17,38060,29818,AMER,Logistics,Standard,20,55364,19200,Simulated
ACC_0762,BizCorp_0762,2026-03-01,110,218528,182815,AMER,Retail,Enterprise,130,393609,70200,Simulated
ACC_0762,BizCorp_0762,2026-04-01,106,176905,154807,AMER,Retail,Enterprise,130,393609,70200,Simulated
ACC_0762,BizCorp_0762,2026-05-01,113,195662,152228,AMER,Retail,Enterprise,130,393609,70200,Simulated
ACC_0762,BizCorp_0762,2026-06-01,130,196754,152629,AMER,Retail,Enterprise,130,393609,70200,Simulated
ACC_0762,BizCorp_0762,2026-07-01,108,173632,150234,AMER,Retail,Enterprise,130,393609,70200,Simulated
ACC_0762,BizCorp_0762,2026-08-01,130,223501,179342,AMER,Retail,Enterprise,130,393609,70200,Simulated
ACC_0763,BizCorp_0763,2026-03-01,5,6611,5323,APAC,Healthcare,Standard,5,7630,4800,Simulated
ACC_0763,BizCorp_0763,2026-04-01,4,6825,5473,APAC,Healthcare,Standard,5,7630,4800,Simulated
ACC_0763,BizCorp_0763,2026-05-01,4,5669,4621,APAC,Healthcare,Standard,5,7630,4800,Simulated
ACC_0763,BizCorp_0763,2026-06-01,5,6032,4854,APAC,Healthcare,Standard,5,7630,4800,Simulated
ACC_0763,BizCorp_0763,2026-07-01,4,6477,5752,APAC,Healthcare,Standard,5,7630,4800,Simulated
ACC_0763,BizCorp_0763,2026-08-01,4,6408,4983,APAC,Healthcare,Standard,5,7630,4800,Simulated
ACC_0764,BizCorp_0764,2026-03-01,43,44090,39152,APAC,Logistics,Premium,60,105823,43200,Simulated
ACC_0764,BizCorp_0764,2026-04-01,43,38124,34365,APAC,Logistics,Premium,60,105823,43200,Simulated
ACC_0764,BizCorp_0764,2026-05-01,45,40634,32864,APAC,Logistics,Premium,60,105823,43200,Simulated
ACC_0764,BizCorp_0764,2026-06-01,50,43374,34462,APAC,Logistics,Premium,60,105823,43200,Simulated
ACC_0764,BizCorp_0764,2026-07-01,45,47307,39708,APAC,Logistics,Premium,60,105823,43200,Simulated
ACC_0764,BizCorp_0764,2026-08-01,46,45350,40521,APAC,Logistics,Premium,60,105823,43200,Simulated
ACC_0765,BizCorp_0765,2026-03-01,54,94521,77499,AMER,Technology,Premium,136,174672,97920,Simulated
ACC_0765,BizCorp_0765,2026-04-01,59,118976,96169,AMER,Technology,Premium,136,174672,97920,Simulated
ACC_0765,BizCorp_0765,2026-05-01,63,100472,85463,AMER,Technology,Premium,136,174672,97920,Simulated
ACC_0765,BizCorp_0765,2026-06-01,61,108177,95578,AMER,Technology,Premium,136,174672,97920,Simulated
ACC_0765,BizCorp_0765,2026-07-01,63,97828,87046,AMER,Technology,Premium,136,174672,97920,Simulated
ACC_0765,BizCorp_0765,2026-08-01,64,101641,80132,AMER,Technology,Premium,136,174672,97920,Simulated
ACC_0766,BizCorp_0766,2026-03-01,88,76237,60492,APAC,Healthcare,Premium,194,151618,139680,Simulated
ACC_0766,BizCorp_0766,2026-04-01,89,62869,52506,APAC,Healthcare,Premium,194,151618,139680,Simulated
ACC_0766,BizCorp_0766,2026-05-01,95,68959,56924,APAC,Healthcare,Premium,194,151618,139680,Simulated
ACC_0766,BizCorp_0766,2026-06-01,47,34795,29646,APAC,Healthcare,Premium,194,151618,139680,Simulated
ACC_0766,BizCorp_0766,2026-07-01,23,18799,14823,APAC,Healthcare,Premium,194,151618,139680,Simulated
ACC_0766,BizCorp_0766,2026-08-01,11,9399,7411,APAC,Healthcare,Premium,194,151618,139680,Simulated
ACC_0767,BizCorp_0767,2026-03-01,22,35766,28842,APAC,Healthcare,Premium,54,59787,38880,Simulated
ACC_0767,BizCorp_0767,2026-04-01,22,31455,26160,APAC,Healthcare,Premium,54,59787,38880,Simulated
ACC_0767,BizCorp_0767,2026-05-01,20,33251,28649,APAC,Healthcare,Premium,54,59787,38880,Simulated
ACC_0767,BizCorp_0767,2026-06-01,24,41512,35867,APAC,Healthcare,Premium,54,59787,38880,Simulated
ACC_0767,BizCorp_0767,2026-07-01,29,53913,43041,APAC,Healthcare,Premium,54,59787,38880,Simulated
ACC_0767,BizCorp_0767,2026-08-01,35,59445,51649,APAC,Healthcare,Premium,54,59787,38880,Simulated
ACC_0768,BizCorp_0768,2026-03-01,8,4797,3929,APAC,Retail,Standard,16,9809,15360,Simulated
ACC_0768,BizCorp_0768,2026-04-01,7,4041,3415,APAC,Retail,Standard,16,9809,15360,Simulated
ACC_0768,BizCorp_0768,2026-05-01,7,4568,3887,APAC,Retail,Standard,16,9809,15360,Simulated
ACC_0768,BizCorp_0768,2026-06-01,7,3750,3308,APAC,Retail,Standard,16,9809,15360,Simulated
ACC_0768,BizCorp_0768,2026-07-01,7,4661,4149,APAC,Retail,Standard,16,9809,15360,Simulated
ACC_0768,BizCorp_0768,2026-08-01,7,3804,3328,APAC,Retail,Standard,16,9809,15360,Simulated
ACC_0769,BizCorp_0769,2026-03-01,119,428353,353730,AMER,Manufacturing,Enterprise,302,743992,163080,Simulated
ACC_0769,BizCorp_0769,2026-04-01,109,368208,328675,AMER,Manufacturing,Enterprise,302,743992,163080,Simulated
ACC_0769,BizCorp_0769,2026-05-01,114,400616,313654,AMER,Manufacturing,Enterprise,302,743992,163080,Simulated
ACC_0769,BizCorp_0769,2026-06-01,136,415331,374896,AMER,Manufacturing,Enterprise,302,743992,163080,Simulated
ACC_0769,BizCorp_0769,2026-07-01,164,560989,449875,AMER,Manufacturing,Enterprise,302,743992,163080,Simulated
ACC_0769,BizCorp_0769,2026-08-01,171,696314,539850,AMER,Manufacturing,Enterprise,302,743992,163080,Simulated
ACC_0770,BizCorp_0770,2026-03-01,42,39091,33635,APAC,Logistics,Premium,55,49102,39600,Simulated
ACC_0770,BizCorp_0770,2026-04-01,48,38963,31933,APAC,Logistics,Premium,55,49102,39600,Simulated
ACC_0770,BizCorp_0770,2026-05-01,46,38644,33893,APAC,Logistics,Premium,55,49102,39600,Simulated
ACC_0770,BizCorp_0770,2026-06-01,43,37890,33627,APAC,Logistics,Premium,55,49102,39600,Simulated
ACC_0770,BizCorp_0770,2026-07-01,49,53942,41834,APAC,Logistics,Premium,55,49102,39600,Simulated
ACC_0770,BizCorp_0770,2026-08-01,49,38771,33050,APAC,Logistics,Premium,55,49102,39600,Simulated
ACC_0771,BizCorp_0771,2026-03-01,21,25609,19854,APAC,Technology,Premium,50,28143,36000,Simulated
ACC_0771,BizCorp_0771,2026-04-01,20,20626,18491,APAC,Technology,Premium,50,28143,36000,Simulated
ACC_0771,BizCorp_0771,2026-05-01,23,20716,16792,APAC,Technology,Premium,50,28143,36000,Simulated
ACC_0771,BizCorp_0771,2026-06-01,22,19465,15019,APAC,Technology,Premium,50,28143,36000,Simulated
ACC_0771,BizCorp_0771,2026-07-01,21,24366,19405,APAC,Technology,Premium,50,28143,36000,Simulated
ACC_0771,BizCorp_0771,2026-08-01,22,22839,18493,APAC,Technology,Premium,50,28143,36000,Simulated
ACC_0772,BizCorp_0772,2026-03-01,19,47848,37990,APAC,Technology,Premium,36,49890,25920,Simulated
ACC_0772,BizCorp_0772,2026-04-01,18,47036,36739,APAC,Technology,Premium,36,49890,25920,Simulated
ACC_0772,BizCorp_0772,2026-05-01,19,45150,38521,APAC,Technology,Premium,36,49890,25920,Simulated
ACC_0772,BizCorp_0772,2026-06-01,22,46790,40759,APAC,Technology,Premium,36,49890,25920,Simulated
ACC_0772,BizCorp_0772,2026-07-01,27,57428,48911,APAC,Technology,Premium,36,49890,25920,Simulated
ACC_0772,BizCorp_0772,2026-08-01,33,70106,58694,APAC,Technology,Premium,36,49890,25920,Simulated
ACC_0773,BizCorp_0773,2026-03-01,31,47259,36566,EMEA,Healthcare,Premium,47,50379,33840,Simulated
ACC_0773,BizCorp_0773,2026-04-01,27,38545,33342,EMEA,Healthcare,Premium,47,50379,33840,Simulated
ACC_0773,BizCorp_0773,2026-05-01,28,40875,34818,EMEA,Healthcare,Premium,47,50379,33840,Simulated
ACC_0773,BizCorp_0773,2026-06-01,15,22051,18268,EMEA,Healthcare,Premium,47,50379,33840,Simulated
ACC_0773,BizCorp_0773,2026-07-01,7,11706,9134,EMEA,Healthcare,Premium,47,50379,33840,Simulated
ACC_0773,BizCorp_0773,2026-08-01,3,5546,4567,EMEA,Healthcare,Premium,47,50379,33840,Simulated
ACC_0774,BizCorp_0774,2026-03-01,223,293855,260390,AMER,Retail,Enterprise,360,514547,194400,Simulated
ACC_0774,BizCorp_0774,2026-04-01,252,303642,258143,AMER,Retail,Enterprise,360,514547,194400,Simulated
ACC_0774,BizCorp_0774,2026-05-01,229,296608,264223,AMER,Retail,Enterprise,360,514547,194400,Simulated
ACC_0774,BizCorp_0774,2026-06-01,119,172459,134259,AMER,Retail,Enterprise,360,514547,194400,Simulated
ACC_0774,BizCorp_0774,2026-07-01,59,74023,67129,AMER,Retail,Enterprise,360,514547,194400,Simulated
ACC_0774,BizCorp_0774,2026-08-01,29,42761,33564,AMER,Retail,Enterprise,360,514547,194400,Simulated
ACC_0775,BizCorp_0775,2026-03-01,40,25769,22347,AMER,Logistics,Premium,58,20429,41760,Simulated
ACC_0775,BizCorp_0775,2026-04-01,38,25492,22030,AMER,Logistics,Premium,58,20429,41760,Simulated
ACC_0775,BizCorp_0775,2026-05-01,42,27247,22150,AMER,Logistics,Premium,58,20429,41760,Simulated
ACC_0775,BizCorp_0775,2026-06-01,19,11860,9748,AMER,Logistics,Premium,58,20429,41760,Simulated
ACC_0775,BizCorp_0775,2026-07-01,9,5602,4874,AMER,Logistics,Premium,58,20429,41760,Simulated
ACC_0775,BizCorp_0775,2026-08-01,4,3118,2437,AMER,Logistics,Premium,58,20429,41760,Simulated
ACC_0776,BizCorp_0776,2026-03-01,130,144300,116027,EMEA,Healthcare,Enterprise,250,329820,135000,Simulated
ACC_0776,BizCorp_0776,2026-04-01,123,143618,125540,EMEA,Healthcare,Enterprise,250,329820,135000,Simulated
ACC_0776,BizCorp_0776,2026-05-01,142,145973,112964,EMEA,Healthcare,Enterprise,250,329820,135000,Simulated
ACC_0776,BizCorp_0776,2026-06-01,162,182574,147698,EMEA,Healthcare,Enterprise,250,329820,135000,Simulated
ACC_0776,BizCorp_0776,2026-07-01,186,195601,177237,EMEA,Healthcare,Enterprise,250,329820,135000,Simulated
ACC_0776,BizCorp_0776,2026-08-01,186,256674,212685,EMEA,Healthcare,Enterprise,250,329820,135000,Simulated
ACC_0777,BizCorp_0777,2026-03-01,4,5185,4031,AMER,Healthcare,Standard,9,12205,8640,Simulated
ACC_0777,BizCorp_0777,2026-04-01,4,5693,4787,AMER,Healthcare,Standard,9,12205,8640,Simulated
ACC_0777,BizCorp_0777,2026-05-01,5,5300,4555,AMER,Healthcare,Standard,9,12205,8640,Simulated
ACC_0777,BizCorp_0777,2026-06-01,4,6037,4902,AMER,Healthcare,Standard,9,12205,8640,Simulated
ACC_0777,BizCorp_0777,2026-07-01,5,5166,4043,AMER,Healthcare,Standard,9,12205,8640,Simulated
ACC_0777,BizCorp_0777,2026-08-01,4,5103,4425,AMER,Healthcare,Standard,9,12205,8640,Simulated
ACC_0778,BizCorp_0778,2026-03-01,2,2867,2332,AMER,Logistics,Standard,6,8522,5760,Simulated
ACC_0778,BizCorp_0778,2026-04-01,2,2682,2225,AMER,Logistics,Standard,6,8522,5760,Simulated
ACC_0778,BizCorp_0778,2026-05-01,2,3648,2886,AMER,Logistics,Standard,6,8522,5760,Simulated
ACC_0778,BizCorp_0778,2026-06-01,3,3562,3113,AMER,Logistics,Standard,6,8522,5760,Simulated
ACC_0778,BizCorp_0778,2026-07-01,3,4441,3736,AMER,Logistics,Standard,6,8522,5760,Simulated
ACC_0778,BizCorp_0778,2026-08-01,4,5337,4483,AMER,Logistics,Standard,6,8522,5760,Simulated
ACC_0779,BizCorp_0779,2026-03-01,35,21532,19186,APAC,Manufacturing,Premium,64,65266,46080,Simulated
ACC_0779,BizCorp_0779,2026-04-01,40,22429,20219,APAC,Manufacturing,Premium,64,65266,46080,Simulated
ACC_0779,BizCorp_0779,2026-05-01,39,25938,20536,APAC,Manufacturing,Premium,64,65266,46080,Simulated
ACC_0779,BizCorp_0779,2026-06-01,45,29354,23247,APAC,Manufacturing,Premium,64,65266,46080,Simulated
ACC_0779,BizCorp_0779,2026-07-01,54,35887,27896,APAC,Manufacturing,Premium,64,65266,46080,Simulated
ACC_0779,BizCorp_0779,2026-08-01,64,37243,33475,APAC,Manufacturing,Premium,64,65266,46080,Simulated
ACC_0780,BizCorp_0780,2026-03-01,10,4869,3792,AMER,Manufacturing,Standard,19,6135,18240,Simulated
ACC_0780,BizCorp_0780,2026-04-01,9,5788,4646,AMER,Manufacturing,Standard,19,6135,18240,Simulated
ACC_0780,BizCorp_0780,2026-05-01,8,4758,3990,AMER,Manufacturing,Standard,19,6135,18240,Simulated
ACC_0780,BizCorp_0780,2026-06-01,4,2795,2202,AMER,Manufacturing,Standard,19,6135,18240,Simulated
ACC_0780,BizCorp_0780,2026-07-01,2,1254,1101,AMER,Manufacturing,Standard,19,6135,18240,Simulated
ACC_0780,BizCorp_0780,2026-08-01,1,651,550,AMER,Manufacturing,Standard,19,6135,18240,Simulated
ACC_0781,BizCorp_0781,2026-03-01,31,24719,21617,AMER,Healthcare,Premium,31,34245,22320,Simulated
ACC_0781,BizCorp_0781,2026-04-01,29,27053,21838,AMER,Healthcare,Premium,31,34245,22320,Simulated
ACC_0781,BizCorp_0781,2026-05-01,29,19913,17988,AMER,Healthcare,Premium,31,34245,22320,Simulated
ACC_0781,BizCorp_0781,2026-06-01,14,11243,10000,AMER,Healthcare,Premium,31,34245,22320,Simulated
ACC_0781,BizCorp_0781,2026-07-01,7,5878,5000,AMER,Healthcare,Premium,31,34245,22320,Simulated
ACC_0781,BizCorp_0781,2026-08-01,3,2922,2500,AMER,Healthcare,Premium,31,34245,22320,Simulated
ACC_0782,BizCorp_0782,2026-03-01,23,25454,20712,AMER,Retail,Premium,23,30692,16560,Simulated
ACC_0782,BizCorp_0782,2026-04-01,22,30028,25088,AMER,Retail,Premium,23,30692,16560,Simulated
ACC_0782,BizCorp_0782,2026-05-01,20,25189,21443,AMER,Retail,Premium,23,30692,16560,Simulated
ACC_0782,BizCorp_0782,2026-06-01,22,33717,26508,AMER,Retail,Premium,23,30692,16560,Simulated
ACC_0782,BizCorp_0782,2026-07-01,22,30618,27104,AMER,Retail,Premium,23,30692,16560,Simulated
ACC_0782,BizCorp_0782,2026-08-01,20,32252,25538,AMER,Retail,Premium,23,30692,16560,Simulated
ACC_0783,BizCorp_0783,2026-03-01,8,5744,5221,EMEA,Retail,Standard,17,12844,16320,Simulated
ACC_0783,BizCorp_0783,2026-04-01,7,6214,5017,EMEA,Retail,Standard,17,12844,16320,Simulated
ACC_0783,BizCorp_0783,2026-05-01,8,6985,5560,EMEA,Retail,Standard,17,12844,16320,Simulated
ACC_0783,BizCorp_0783,2026-06-01,7,5502,4642,EMEA,Retail,Standard,17,12844,16320,Simulated
ACC_0783,BizCorp_0783,2026-07-01,8,6892,5773,EMEA,Retail,Standard,17,12844,16320,Simulated
ACC_0783,BizCorp_0783,2026-08-01,7,5664,4373,EMEA,Retail,Standard,17,12844,16320,Simulated
ACC_0784,BizCorp_0784,2026-03-01,11,6251,4990,APAC,Logistics,Standard,20,6117,19200,Simulated
ACC_0784,BizCorp_0784,2026-04-01,12,5493,4819,APAC,Logistics,Standard,20,6117,19200,Simulated
ACC_0784,BizCorp_0784,2026-05-01,10,4214,3746,APAC,Logistics,Standard,20,6117,19200,Simulated
ACC_0784,BizCorp_0784,2026-06-01,11,5321,4193,APAC,Logistics,Standard,20,6117,19200,Simulated
ACC_0784,BizCorp_0784,2026-07-01,12,5697,4456,APAC,Logistics,Standard,20,6117,19200,Simulated
ACC_0784,BizCorp_0784,2026-08-01,11,5769,4464,APAC,Logistics,Standard,20,6117,19200,Simulated
ACC_0785,BizCorp_0785,2026-03-01,15,3404,2650,AMER,Healthcare,Standard,30,6867,28800,Simulated
ACC_0785,BizCorp_0785,2026-04-01,15,2966,2576,AMER,Healthcare,Standard,30,6867,28800,Simulated
ACC_0785,BizCorp_0785,2026-05-01,14,2758,2321,AMER,Healthcare,Standard,30,6867,28800,Simulated
ACC_0785,BizCorp_0785,2026-06-01,14,2953,2279,AMER,Healthcare,Standard,30,6867,28800,Simulated
ACC_0785,BizCorp_0785,2026-07-01,16,3784,2919,AMER,Healthcare,Standard,30,6867,28800,Simulated
ACC_0785,BizCorp_0785,2026-08-01,13,2846,2291,AMER,Healthcare,Standard,30,6867,28800,Simulated
ACC_0786,BizCorp_0786,2026-03-01,58,57738,49382,APAC,Retail,Premium,110,41975,79200,Simulated
ACC_0786,BizCorp_0786,2026-04-01,66,57735,47589,APAC,Retail,Premium,110,41975,79200,Simulated
ACC_0786,BizCorp_0786,2026-05-01,63,55791,45100,APAC,Retail,Premium,110,41975,79200,Simulated
ACC_0786,BizCorp_0786,2026-06-01,65,50154,38829,APAC,Retail,Premium,110,41975,79200,Simulated
ACC_0786,BizCorp_0786,2026-07-01,59,52321,41387,APAC,Retail,Premium,110,41975,79200,Simulated
ACC_0786,BizCorp_0786,2026-08-01,62,56344,49329,APAC,Retail,Premium,110,41975,79200,Simulated
ACC_0787,BizCorp_0787,2026-03-01,184,177083,148093,AMER,Technology,Enterprise,276,309306,149040,Simulated
ACC_0787,BizCorp_0787,2026-04-01,181,145722,118517,AMER,Technology,Enterprise,276,309306,149040,Simulated
ACC_0787,BizCorp_0787,2026-05-01,172,156930,126891,AMER,Technology,Enterprise,276,309306,149040,Simulated
ACC_0787,BizCorp_0787,2026-06-01,170,137746,120065,AMER,Technology,Enterprise,276,309306,149040,Simulated
ACC_0787,BizCorp_0787,2026-07-01,170,163594,128677,AMER,Technology,Enterprise,276,309306,149040,Simulated
ACC_0787,BizCorp_0787,2026-08-01,186,181334,147350,AMER,Technology,Enterprise,276,309306,149040,Simulated
ACC_0788,BizCorp_0788,2026-03-01,19,54748,48241,EMEA,Logistics,Premium,31,83802,22320,Simulated
ACC_0788,BizCorp_0788,2026-04-01,21,51715,44684,EMEA,Logistics,Premium,31,83802,22320,Simulated
ACC_0788,BizCorp_0788,2026-05-01,20,56622,45516,EMEA,Logistics,Premium,31,83802,22320,Simulated
ACC_0788,BizCorp_0788,2026-06-01,10,27438,22283,EMEA,Logistics,Premium,31,83802,22320,Simulated
ACC_0788,BizCorp_0788,2026-07-01,5,13115,11141,EMEA,Logistics,Premium,31,83802,22320,Simulated
ACC_0788,BizCorp_0788,2026-08-01,2,6476,5570,EMEA,Logistics,Premium,31,83802,22320,Simulated
ACC_0789,BizCorp_0789,2026-03-01,3,4791,3803,AMER,Financial Services,Standard,6,4380,5760,Simulated
ACC_0789,BizCorp_0789,2026-04-01,3,4583,3905,AMER,Financial Services,Standard,6,4380,5760,Simulated
ACC_0789,BizCorp_0789,2026-05-01,3,4426,3972,AMER,Financial Services,Standard,6,4380,5760,Simulated
ACC_0789,BizCorp_0789,2026-06-01,1,2260,1863,AMER,Financial Services,Standard,6,4380,5760,Simulated
ACC_0789,BizCorp_0789,2026-07-01,1,1195,931,AMER,Financial Services,Standard,6,4380,5760,Simulated
ACC_0789,BizCorp_0789,2026-08-01,1,543,465,AMER,Financial Services,Standard,6,4380,5760,Simulated
ACC_0790,BizCorp_0790,2026-03-01,146,274996,234001,APAC,Manufacturing,Enterprise,244,711093,131760,Simulated
ACC_0790,BizCorp_0790,2026-04-01,155,279702,235010,APAC,Manufacturing,Enterprise,244,711093,131760,Simulated
ACC_0790,BizCorp_0790,2026-05-01,141,277667,249692,APAC,Manufacturing,Enterprise,244,711093,131760,Simulated
ACC_0790,BizCorp_0790,2026-06-01,169,346088,274524,APAC,Manufacturing,Enterprise,244,711093,131760,Simulated
ACC_0790,BizCorp_0790,2026-07-01,203,415817,329428,APAC,Manufacturing,Enterprise,244,711093,131760,Simulated
ACC_0790,BizCorp_0790,2026-08-01,244,436281,395314,APAC,Manufacturing,Enterprise,244,711093,131760,Simulated
ACC_0791,BizCorp_0791,2026-03-01,10,32321,26269,APAC,Logistics,Standard,14,46093,13440,Simulated
ACC_0791,BizCorp_0791,2026-04-01,11,30271,27077,APAC,Logistics,Standard,14,46093,13440,Simulated
ACC_0791,BizCorp_0791,2026-05-01,11,34835,28687,APAC,Logistics,Standard,14,46093,13440,Simulated
ACC_0791,BizCorp_0791,2026-06-01,12,31980,24804,APAC,Logistics,Standard,14,46093,13440,Simulated
ACC_0791,BizCorp_0791,2026-07-01,11,31448,25579,APAC,Logistics,Standard,14,46093,13440,Simulated
ACC_0791,BizCorp_0791,2026-08-01,11,31129,25841,APAC,Logistics,Standard,14,46093,13440,Simulated
ACC_0792,BizCorp_0792,2026-03-01,219,142344,113010,EMEA,Healthcare,Enterprise,230,130545,124200,Simulated
ACC_0792,BizCorp_0792,2026-04-01,222,132194,111315,EMEA,Healthcare,Enterprise,230,130545,124200,Simulated
ACC_0792,BizCorp_0792,2026-05-01,198,158159,132676,EMEA,Healthcare,Enterprise,230,130545,124200,Simulated
ACC_0792,BizCorp_0792,2026-06-01,196,151662,125748,EMEA,Healthcare,Enterprise,230,130545,124200,Simulated
ACC_0792,BizCorp_0792,2026-07-01,208,152037,128402,EMEA,Healthcare,Enterprise,230,130545,124200,Simulated
ACC_0792,BizCorp_0792,2026-08-01,192,146106,127984,EMEA,Healthcare,Enterprise,230,130545,124200,Simulated
ACC_0793,BizCorp_0793,2026-03-01,109,194096,167072,EMEA,Retail,Enterprise,163,257017,88020,Simulated
ACC_0793,BizCorp_0793,2026-04-01,96,216433,173840,EMEA,Retail,Enterprise,163,257017,88020,Simulated
ACC_0793,BizCorp_0793,2026-05-01,108,188748,164611,EMEA,Retail,Enterprise,163,257017,88020,Simulated
ACC_0793,BizCorp_0793,2026-06-01,53,97761,86595,EMEA,Retail,Enterprise,163,257017,88020,Simulated
ACC_0793,BizCorp_0793,2026-07-01,26,48999,43297,EMEA,Retail,Enterprise,163,257017,88020,Simulated
ACC_0793,BizCorp_0793,2026-08-01,13,26350,21648,EMEA,Retail,Enterprise,163,257017,88020,Simulated
ACC_0794,BizCorp_0794,2026-03-01,9,4977,3833,APAC,Manufacturing,Standard,23,10430,22080,Simulated
ACC_0794,BizCorp_0794,2026-04-01,9,5042,3926,APAC,Manufacturing,Standard,23,10430,22080,Simulated
ACC_0794,BizCorp_0794,2026-05-01,9,4654,4230,APAC,Manufacturing,Standard,23,10430,22080,Simulated
ACC_0794,BizCorp_0794,2026-06-01,4,2355,1989,APAC,Manufacturing,Standard,23,10430,22080,Simulated
ACC_0794,BizCorp_0794,2026-07-01,2,1204,994,APAC,Manufacturing,Standard,23,10430,22080,Simulated
ACC_0794,BizCorp_0794,2026-08-01,1,586,497,APAC,Manufacturing,Standard,23,10430,22080,Simulated
ACC_0795,BizCorp_0795,2026-03-01,192,316004,265647,AMER,Retail,Enterprise,225,226648,121500,Simulated
ACC_0795,BizCorp_0795,2026-04-01,190,343491,266645,AMER,Retail,Enterprise,225,226648,121500,Simulated
ACC_0795,BizCorp_0795,2026-05-01,189,329067,257465,AMER,Retail,Enterprise,225,226648,121500,Simulated
ACC_0795,BizCorp_0795,2026-06-01,96,167608,141403,AMER,Retail,Enterprise,225,226648,121500,Simulated
ACC_0795,BizCorp_0795,2026-07-01,48,91778,70701,AMER,Retail,Enterprise,225,226648,121500,Simulated
ACC_0795,BizCorp_0795,2026-08-01,24,40701,35350,AMER,Retail,Enterprise,225,226648,121500,Simulated
ACC_0796,BizCorp_0796,2026-03-01,57,236810,198325,AMER,Retail,Premium,116,289145,83520,Simulated
ACC_0796,BizCorp_0796,2026-04-01,53,259747,200576,AMER,Retail,Premium,116,289145,83520,Simulated
ACC_0796,BizCorp_0796,2026-05-01,60,250357,193689,AMER,Retail,Premium,116,289145,83520,Simulated
ACC_0796,BizCorp_0796,2026-06-01,29,111192,93575,AMER,Retail,Premium,116,289145,83520,Simulated
ACC_0796,BizCorp_0796,2026-07-01,14,52494,46787,AMER,Retail,Premium,116,289145,83520,Simulated
ACC_0796,BizCorp_0796,2026-08-01,7,28703,23393,AMER,Retail,Premium,116,289145,83520,Simulated
ACC_0797,BizCorp_0797,2026-03-01,7,4067,3283,AMER,Retail,Standard,8,7349,7680,Simulated
ACC_0797,BizCorp_0797,2026-04-01,7,4358,3837,AMER,Retail,Standard,8,7349,7680,Simulated
ACC_0797,BizCorp_0797,2026-05-01,7,3662,3235,AMER,Retail,Standard,8,7349,7680,Simulated
ACC_0797,BizCorp_0797,2026-06-01,3,2128,1800,AMER,Retail,Standard,8,7349,7680,Simulated
ACC_0797,BizCorp_0797,2026-07-01,1,1027,900,AMER,Retail,Standard,8,7349,7680,Simulated
ACC_0797,BizCorp_0797,2026-08-01,1,521,450,AMER,Retail,Standard,8,7349,7680,Simulated
ACC_0798,BizCorp_0798,2026-03-01,14,4892,4037,AMER,Logistics,Standard,22,10071,21120,Simulated
ACC_0798,BizCorp_0798,2026-04-01,13,4364,3703,AMER,Logistics,Standard,22,10071,21120,Simulated
ACC_0798,BizCorp_0798,2026-05-01,14,4504,3795,AMER,Logistics,Standard,22,10071,21120,Simulated
ACC_0798,BizCorp_0798,2026-06-01,12,4261,3698,AMER,Logistics,Standard,22,10071,21120,Simulated
ACC_0798,BizCorp_0798,2026-07-01,14,5484,4391,AMER,Logistics,Standard,22,10071,21120,Simulated
ACC_0798,BizCorp_0798,2026-08-01,12,4025,3612,AMER,Logistics,Standard,22,10071,21120,Simulated
ACC_0799,BizCorp_0799,2026-03-01,42,42644,34099,APAC,Technology,Premium,69,74492,49680,Simulated
ACC_0799,BizCorp_0799,2026-04-01,37,44835,35261,APAC,Technology,Premium,69,74492,49680,Simulated
ACC_0799,BizCorp_0799,2026-05-01,37,37475,32722,APAC,Technology,Premium,69,74492,49680,Simulated
ACC_0799,BizCorp_0799,2026-06-01,19,21191,16605,APAC,Technology,Premium,69,74492,49680,Simulated
ACC_0799,BizCorp_0799,2026-07-01,9,10588,8302,APAC,Technology,Premium,69,74492,49680,Simulated
ACC_0799,BizCorp_0799,2026-08-01,4,4785,4151,APAC,Technology,Premium,69,74492,49680,Simulated
ACC_0800,BizCorp_0800,2026-03-01,118,101447,83080,AMER,Technology,Enterprise,132,135358,71280,Simulated
ACC_0800,BizCorp_0800,2026-04-01,122,124878,96233,AMER,Technology,Enterprise,132,135358,71280,Simulated
ACC_0800,BizCorp_0800,2026-05-01,127,107811,85967,AMER,Technology,Enterprise,132,135358,71280,Simulated
ACC_0800,BizCorp_0800,2026-06-01,123,108774,94265,AMER,Technology,Enterprise,132,135358,71280,Simulated
ACC_0800,BizCorp_0800,2026-07-01,116,82617,74998,AMER,Technology,Enterprise,132,135358,71280,Simulated
ACC_0800,BizCorp_0800,2026-08-01,132,97870,86933,AMER,Technology,Enterprise,132,135358,71280,Simulated
ACC_0801,BizCorp_0801,2026-03-01,2,4961,3877,APAC,Financial Services,Standard,4,3850,3840,Simulated
ACC_0801,BizCorp_0801,2026-04-01,3,4551,3712,APAC,Financial Services,Standard,4,3850,3840,Simulated
ACC_0801,BizCorp_0801,2026-05-01,3,4694,3930,APAC,Financial Services,Standard,4,3850,3840,Simulated
ACC_0801,BizCorp_0801,2026-06-01,3,5096,4530,APAC,Financial Services,Standard,4,3850,3840,Simulated
ACC_0801,BizCorp_0801,2026-07-01,2,4077,3528,APAC,Financial Services,Standard,4,3850,3840,Simulated
ACC_0801,BizCorp_0801,2026-08-01,3,4948,3849,APAC,Financial Services,Standard,4,3850,3840,Simulated
ACC_0802,BizCorp_0802,2026-03-01,5,2877,2249,AMER,Healthcare,Standard,11,6487,10560,Simulated
ACC_0802,BizCorp_0802,2026-04-01,6,2902,2311,AMER,Healthcare,Standard,11,6487,10560,Simulated
ACC_0802,BizCorp_0802,2026-05-01,5,3390,2906,AMER,Healthcare,Standard,11,6487,10560,Simulated
ACC_0802,BizCorp_0802,2026-06-01,6,3112,2507,AMER,Healthcare,Standard,11,6487,10560,Simulated
ACC_0802,BizCorp_0802,2026-07-01,6,2903,2487,AMER,Healthcare,Standard,11,6487,10560,Simulated
ACC_0802,BizCorp_0802,2026-08-01,6,2859,2598,AMER,Healthcare,Standard,11,6487,10560,Simulated
ACC_0803,BizCorp_0803,2026-03-01,48,15767,14157,APAC,Retail,Premium,88,39142,63360,Simulated
ACC_0803,BizCorp_0803,2026-04-01,50,17871,15707,APAC,Retail,Premium,88,39142,63360,Simulated
ACC_0803,BizCorp_0803,2026-05-01,49,17145,14984,APAC,Retail,Premium,88,39142,63360,Simulated
ACC_0803,BizCorp_0803,2026-06-01,57,20680,18556,APAC,Retail,Premium,88,39142,63360,Simulated
ACC_0803,BizCorp_0803,2026-07-01,61,28656,22268,APAC,Retail,Premium,88,39142,63360,Simulated
ACC_0803,BizCorp_0803,2026-08-01,61,32336,26721,APAC,Retail,Premium,88,39142,63360,Simulated
ACC_0804,BizCorp_0804,2026-03-01,33,25821,22820,APAC,Financial Services,Premium,48,44636,34560,Simulated
ACC_0804,BizCorp_0804,2026-04-01,36,23525,18501,APAC,Financial Services,Premium,48,44636,34560,Simulated
ACC_0804,BizCorp_0804,2026-05-01,33,23307,20506,APAC,Financial Services,Premium,48,44636,34560,Simulated
ACC_0804,BizCorp_0804,2026-06-01,34,23998,21743,APAC,Financial Services,Premium,48,44636,34560,Simulated
ACC_0804,BizCorp_0804,2026-07-01,33,24881,20464,APAC,Financial Services,Premium,48,44636,34560,Simulated
ACC_0804,BizCorp_0804,2026-08-01,35,27692,21975,APAC,Financial Services,Premium,48,44636,34560,Simulated
ACC_0805,BizCorp_0805,2026-03-01,23,17398,13589,APAC,Healthcare,Premium,45,45676,32400,Simulated
ACC_0805,BizCorp_0805,2026-04-01,27,15683,12632,APAC,Healthcare,Premium,45,45676,32400,Simulated
ACC_0805,BizCorp_0805,2026-05-01,23,17439,14826,APAC,Healthcare,Premium,45,45676,32400,Simulated
ACC_0805,BizCorp_0805,2026-06-01,30,19532,16056,APAC,Healthcare,Premium,45,45676,32400,Simulated
ACC_0805,BizCorp_0805,2026-07-01,36,21386,19267,APAC,Healthcare,Premium,45,45676,32400,Simulated
ACC_0805,BizCorp_0805,2026-08-01,36,29529,23120,APAC,Healthcare,Premium,45,45676,32400,Simulated
ACC_0806,BizCorp_0806,2026-03-01,63,17416,14597,AMER,Financial Services,Premium,105,27082,75600,Simulated
ACC_0806,BizCorp_0806,2026-04-01,60,15335,13434,AMER,Financial Services,Premium,105,27082,75600,Simulated
ACC_0806,BizCorp_0806,2026-05-01,62,16884,13985,AMER,Financial Services,Premium,105,27082,75600,Simulated
ACC_0806,BizCorp_0806,2026-06-01,68,16611,14974,AMER,Financial Services,Premium,105,27082,75600,Simulated
ACC_0806,BizCorp_0806,2026-07-01,60,20460,15875,AMER,Financial Services,Premium,105,27082,75600,Simulated
ACC_0806,BizCorp_0806,2026-08-01,63,17657,14842,AMER,Financial Services,Premium,105,27082,75600,Simulated
ACC_0807,BizCorp_0807,2026-03-01,5,5589,4961,APAC,Healthcare,Standard,7,14215,6720,Simulated
ACC_0807,BizCorp_0807,2026-04-01,5,6484,5655,APAC,Healthcare,Standard,7,14215,6720,Simulated
ACC_0807,BizCorp_0807,2026-05-01,4,5730,4855,APAC,Healthcare,Standard,7,14215,6720,Simulated
ACC_0807,BizCorp_0807,2026-06-01,2,3539,2726,APAC,Healthcare,Standard,7,14215,6720,Simulated
ACC_0807,BizCorp_0807,2026-07-01,1,1558,1363,APAC,Healthcare,Standard,7,14215,6720,Simulated
ACC_0807,BizCorp_0807,2026-08-01,1,868,681,APAC,Healthcare,Standard,7,14215,6720,Simulated
ACC_0808,BizCorp_0808,2026-03-01,50,211165,169364,EMEA,Technology,Premium,70,445259,50400,Simulated
ACC_0808,BizCorp_0808,2026-04-01,47,242729,193154,EMEA,Technology,Premium,70,445259,50400,Simulated
ACC_0808,BizCorp_0808,2026-05-01,50,224143,188751,EMEA,Technology,Premium,70,445259,50400,Simulated
ACC_0808,BizCorp_0808,2026-06-01,50,228120,186688,EMEA,Technology,Premium,70,445259,50400,Simulated
ACC_0808,BizCorp_0808,2026-07-01,49,216914,188650,EMEA,Technology,Premium,70,445259,50400,Simulated
ACC_0808,BizCorp_0808,2026-08-01,54,191047,155532,EMEA,Technology,Premium,70,445259,50400,Simulated
ACC_0809,BizCorp_0809,2026-03-01,1,8794,7230,EMEA,Healthcare,Standard,4,13899,3840,Simulated
ACC_0809,BizCorp_0809,2026-04-01,2,9765,8611,EMEA,Healthcare,Standard,4,13899,3840,Simulated
ACC_0809,BizCorp_0809,2026-05-01,1,9402,7325,EMEA,Healthcare,Standard,4,13899,3840,Simulated
ACC_0809,BizCorp_0809,2026-06-01,2,8209,6796,EMEA,Healthcare,Standard,4,13899,3840,Simulated
ACC_0809,BizCorp_0809,2026-07-01,2,11237,8919,EMEA,Healthcare,Standard,4,13899,3840,Simulated
ACC_0809,BizCorp_0809,2026-08-01,2,10994,8566,EMEA,Healthcare,Standard,4,13899,3840,Simulated
ACC_0810,BizCorp_0810,2026-03-01,181,160184,142199,AMER,Healthcare,Enterprise,253,333012,136620,Simulated
ACC_0810,BizCorp_0810,2026-04-01,151,154965,130457,AMER,Healthcare,Enterprise,253,333012,136620,Simulated
ACC_0810,BizCorp_0810,2026-05-01,179,167268,132096,AMER,Healthcare,Enterprise,253,333012,136620,Simulated
ACC_0810,BizCorp_0810,2026-06-01,172,171317,137502,AMER,Healthcare,Enterprise,253,333012,136620,Simulated
ACC_0810,BizCorp_0810,2026-07-01,181,178220,149106,AMER,Healthcare,Enterprise,253,333012,136620,Simulated
ACC_0810,BizCorp_0810,2026-08-01,171,171296,135416,AMER,Healthcare,Enterprise,253,333012,136620,Simulated
ACC_0811,BizCorp_0811,2026-03-01,4,6119,4762,APAC,Logistics,Standard,7,13063,6720,Simulated
ACC_0811,BizCorp_0811,2026-04-01,3,4972,4115,APAC,Logistics,Standard,7,13063,6720,Simulated
ACC_0811,BizCorp_0811,2026-05-01,4,5469,4837,APAC,Logistics,Standard,7,13063,6720,Simulated
ACC_0811,BizCorp_0811,2026-06-01,4,6369,5155,APAC,Logistics,Standard,7,13063,6720,Simulated
ACC_0811,BizCorp_0811,2026-07-01,5,7582,6186,APAC,Logistics,Standard,7,13063,6720,Simulated
ACC_0811,BizCorp_0811,2026-08-01,6,8669,7423,APAC,Logistics,Standard,7,13063,6720,Simulated
ACC_0812,BizCorp_0812,2026-03-01,3,5024,3999,APAC,Healthcare,Standard,7,3772,6720,Simulated
ACC_0812,BizCorp_0812,2026-04-01,4,4110,3406,APAC,Healthcare,Standard,7,3772,6720,Simulated
ACC_0812,BizCorp_0812,2026-05-01,4,4924,3956,APAC,Healthcare,Standard,7,3772,6720,Simulated
ACC_0812,BizCorp_0812,2026-06-01,3,3738,3251,APAC,Healthcare,Standard,7,3772,6720,Simulated
ACC_0812,BizCorp_0812,2026-07-01,3,4630,3595,APAC,Healthcare,Standard,7,3772,6720,Simulated
ACC_0812,BizCorp_0812,2026-08-01,4,3456,3095,APAC,Healthcare,Standard,7,3772,6720,Simulated
ACC_0813,BizCorp_0813,2026-03-01,189,227835,194843,AMER,Logistics,Enterprise,272,312772,146880,Simulated
ACC_0813,BizCorp_0813,2026-04-01,196,264794,206284,AMER,Logistics,Enterprise,272,312772,146880,Simulated
ACC_0813,BizCorp_0813,2026-05-01,193,284252,222390,AMER,Logistics,Enterprise,272,312772,146880,Simulated
ACC_0813,BizCorp_0813,2026-06-01,204,231666,208728,AMER,Logistics,Enterprise,272,312772,146880,Simulated
ACC_0813,BizCorp_0813,2026-07-01,201,219642,198375,AMER,Logistics,Enterprise,272,312772,146880,Simulated
ACC_0813,BizCorp_0813,2026-08-01,194,219483,194197,AMER,Logistics,Enterprise,272,312772,146880,Simulated
ACC_0814,BizCorp_0814,2026-03-01,140,89022,72991,AMER,Logistics,Enterprise,161,181832,86940,Simulated
ACC_0814,BizCorp_0814,2026-04-01,154,95819,85410,AMER,Logistics,Enterprise,161,181832,86940,Simulated
ACC_0814,BizCorp_0814,2026-05-01,136,88243,68883,AMER,Logistics,Enterprise,161,181832,86940,Simulated
ACC_0814,BizCorp_0814,2026-06-01,161,94295,81999,AMER,Logistics,Enterprise,161,181832,86940,Simulated
ACC_0814,BizCorp_0814,2026-07-01,149,76226,69027,AMER,Logistics,Enterprise,161,181832,86940,Simulated
ACC_0814,BizCorp_0814,2026-08-01,158,76663,68291,AMER,Logistics,Enterprise,161,181832,86940,Simulated
ACC_0815,BizCorp_0815,2026-03-01,11,3843,3127,AMER,Logistics,Standard,11,6244,10560,Simulated
ACC_0815,BizCorp_0815,2026-04-01,11,3147,2763,AMER,Logistics,Standard,11,6244,10560,Simulated
ACC_0815,BizCorp_0815,2026-05-01,10,4067,3220,AMER,Logistics,Standard,11,6244,10560,Simulated
ACC_0815,BizCorp_0815,2026-06-01,9,3309,2852,AMER,Logistics,Standard,11,6244,10560,Simulated
ACC_0815,BizCorp_0815,2026-07-01,11,3888,3349,AMER,Logistics,Standard,11,6244,10560,Simulated
ACC_0815,BizCorp_0815,2026-08-01,11,3711,3043,AMER,Logistics,Standard,11,6244,10560,Simulated
ACC_0816,BizCorp_0816,2026-03-01,2,6111,5202,EMEA,Financial Services,Standard,4,10773,3840,Simulated
ACC_0816,BizCorp_0816,2026-04-01,2,8143,6584,EMEA,Financial Services,Standard,4,10773,3840,Simulated
ACC_0816,BizCorp_0816,2026-05-01,2,7656,6585,EMEA,Financial Services,Standard,4,10773,3840,Simulated
ACC_0816,BizCorp_0816,2026-06-01,1,3834,3049,EMEA,Financial Services,Standard,4,10773,3840,Simulated
ACC_0816,BizCorp_0816,2026-07-01,1,1813,1524,EMEA,Financial Services,Standard,4,10773,3840,Simulated
ACC_0816,BizCorp_0816,2026-08-01,1,877,762,EMEA,Financial Services,Standard,4,10773,3840,Simulated
ACC_0817,BizCorp_0817,2026-03-01,169,367615,301436,EMEA,Retail,Enterprise,195,925909,105300,Simulated
ACC_0817,BizCorp_0817,2026-04-01,173,277968,244476,EMEA,Retail,Enterprise,195,925909,105300,Simulated
ACC_0817,BizCorp_0817,2026-05-01,195,331973,263689,EMEA,Retail,Enterprise,195,925909,105300,Simulated
ACC_0817,BizCorp_0817,2026-06-01,167,287749,254483,EMEA,Retail,Enterprise,195,925909,105300,Simulated
ACC_0817,BizCorp_0817,2026-07-01,177,346873,296509,EMEA,Retail,Enterprise,195,925909,105300,Simulated
ACC_0817,BizCorp_0817,2026-08-01,164,327241,290426,EMEA,Retail,Enterprise,195,925909,105300,Simulated
ACC_0818,BizCorp_0818,2026-03-01,9,8388,7528,AMER,Technology,Standard,21,10536,20160,Simulated
ACC_0818,BizCorp_0818,2026-04-01,11,11462,9143,AMER,Technology,Standard,21,10536,20160,Simulated
ACC_0818,BizCorp_0818,2026-05-01,10,8382,7204,AMER,Technology,Standard,21,10536,20160,Simulated
ACC_0818,BizCorp_0818,2026-06-01,5,5033,4022,AMER,Technology,Standard,21,10536,20160,Simulated
ACC_0818,BizCorp_0818,2026-07-01,2,2494,2011,AMER,Technology,Standard,21,10536,20160,Simulated
ACC_0818,BizCorp_0818,2026-08-01,1,1186,1005,AMER,Technology,Standard,21,10536,20160,Simulated
ACC_0819,BizCorp_0819,2026-03-01,5,6384,5628,APAC,Healthcare,Standard,14,17023,13440,Simulated
ACC_0819,BizCorp_0819,2026-04-01,5,6342,5063,APAC,Healthcare,Standard,14,17023,13440,Simulated
ACC_0819,BizCorp_0819,2026-05-01,4,5889,5281,APAC,Healthcare,Standard,14,17023,13440,Simulated
ACC_0819,BizCorp_0819,2026-06-01,5,7976,6471,APAC,Healthcare,Standard,14,17023,13440,Simulated
ACC_0819,BizCorp_0819,2026-07-01,7,9509,7765,APAC,Healthcare,Standard,14,17023,13440,Simulated
ACC_0819,BizCorp_0819,2026-08-01,8,10300,9318,APAC,Healthcare,Standard,14,17023,13440,Simulated
ACC_0820,BizCorp_0820,2026-03-01,2,4516,3607,EMEA,Healthcare,Standard,3,8424,2880,Simulated
ACC_0820,BizCorp_0820,2026-04-01,2,3875,3211,EMEA,Healthcare,Standard,3,8424,2880,Simulated
ACC_0820,BizCorp_0820,2026-05-01,2,4138,3658,EMEA,Healthcare,Standard,3,8424,2880,Simulated
ACC_0820,BizCorp_0820,2026-06-01,1,2177,1723,EMEA,Healthcare,Standard,3,8424,2880,Simulated
ACC_0820,BizCorp_0820,2026-07-01,1,961,861,EMEA,Healthcare,Standard,3,8424,2880,Simulated
ACC_0820,BizCorp_0820,2026-08-01,1,546,430,EMEA,Healthcare,Standard,3,8424,2880,Simulated
ACC_0821,BizCorp_0821,2026-03-01,52,26754,22253,AMER,Technology,Premium,76,25037,54720,Simulated
ACC_0821,BizCorp_0821,2026-04-01,61,21492,18299,AMER,Technology,Premium,76,25037,54720,Simulated
ACC_0821,BizCorp_0821,2026-05-01,52,24028,20304,AMER,Technology,Premium,76,25037,54720,Simulated
ACC_0821,BizCorp_0821,2026-06-01,56,25693,20093,AMER,Technology,Premium,76,25037,54720,Simulated
ACC_0821,BizCorp_0821,2026-07-01,52,25594,21220,AMER,Technology,Premium,76,25037,54720,Simulated
ACC_0821,BizCorp_0821,2026-08-01,54,24661,20937,AMER,Technology,Premium,76,25037,54720,Simulated
ACC_0822,BizCorp_0822,2026-03-01,9,7272,6175,AMER,Logistics,Standard,17,16127,16320,Simulated
ACC_0822,BizCorp_0822,2026-04-01,9,9215,7163,AMER,Logistics,Standard,17,16127,16320,Simulated
ACC_0822,BizCorp_0822,2026-05-01,8,8283,7210,AMER,Logistics,Standard,17,16127,16320,Simulated
ACC_0822,BizCorp_0822,2026-06-01,4,4161,3579,AMER,Logistics,Standard,17,16127,16320,Simulated
ACC_0822,BizCorp_0822,2026-07-01,2,2085,1789,AMER,Logistics,Standard,17,16127,16320,Simulated
ACC_0822,BizCorp_0822,2026-08-01,1,1115,894,AMER,Logistics,Standard,17,16127,16320,Simulated
ACC_0823,BizCorp_0823,2026-03-01,8,7740,6168,AMER,Financial Services,Standard,25,18186,24000,Simulated
ACC_0823,BizCorp_0823,2026-04-01,7,6336,5628,AMER,Financial Services,Standard,25,18186,24000,Simulated
ACC_0823,BizCorp_0823,2026-05-01,7,6341,5189,AMER,Financial Services,Standard,25,18186,24000,Simulated
ACC_0823,BizCorp_0823,2026-06-01,9,8560,6887,AMER,Financial Services,Standard,25,18186,24000,Simulated
ACC_0823,BizCorp_0823,2026-07-01,11,9811,8264,AMER,Financial Services,Standard,25,18186,24000,Simulated
ACC_0823,BizCorp_0823,2026-08-01,12,11195,9917,AMER,Financial Services,Standard,25,18186,24000,Simulated
ACC_0824,BizCorp_0824,2026-03-01,140,105498,93146,APAC,Technology,Enterprise,214,206433,115560,Simulated
ACC_0824,BizCorp_0824,2026-04-01,128,127760,98694,APAC,Technology,Enterprise,214,206433,115560,Simulated
ACC_0824,BizCorp_0824,2026-05-01,129,129101,107386,APAC,Technology,Enterprise,214,206433,115560,Simulated
ACC_0824,BizCorp_0824,2026-06-01,145,144669,116669,APAC,Technology,Enterprise,214,206433,115560,Simulated
ACC_0824,BizCorp_0824,2026-07-01,125,130758,106916,APAC,Technology,Enterprise,214,206433,115560,Simulated
ACC_0824,BizCorp_0824,2026-08-01,126,141580,116276,APAC,Technology,Enterprise,214,206433,115560,Simulated
ACC_0825,BizCorp_0825,2026-03-01,60,30936,27141,APAC,Financial Services,Premium,61,55587,43920,Simulated
ACC_0825,BizCorp_0825,2026-04-01,61,26465,23137,APAC,Financial Services,Premium,61,55587,43920,Simulated
ACC_0825,BizCorp_0825,2026-05-01,57,32808,26299,APAC,Financial Services,Premium,61,55587,43920,Simulated
ACC_0825,BizCorp_0825,2026-06-01,29,16880,13515,APAC,Financial Services,Premium,61,55587,43920,Simulated
ACC_0825,BizCorp_0825,2026-07-01,14,8387,6757,APAC,Financial Services,Premium,61,55587,43920,Simulated
ACC_0825,BizCorp_0825,2026-08-01,7,3757,3378,APAC,Financial Services,Premium,61,55587,43920,Simulated
ACC_0826,BizCorp_0826,2026-03-01,34,13926,11810,APAC,Logistics,Premium,39,11910,28080,Simulated
ACC_0826,BizCorp_0826,2026-04-01,36,13577,11071,APAC,Logistics,Premium,39,11910,28080,Simulated
ACC_0826,BizCorp_0826,2026-05-01,32,13505,11756,APAC,Logistics,Premium,39,11910,28080,Simulated
ACC_0826,BizCorp_0826,2026-06-01,17,7841,6503,APAC,Logistics,Premium,39,11910,28080,Simulated
ACC_0826,BizCorp_0826,2026-07-01,8,3728,3251,APAC,Logistics,Premium,39,11910,28080,Simulated
ACC_0826,BizCorp_0826,2026-08-01,4,2018,1625,APAC,Logistics,Premium,39,11910,28080,Simulated
ACC_0827,BizCorp_0827,2026-03-01,3,4341,3828,AMER,Logistics,Standard,5,7712,4800,Simulated
ACC_0827,BizCorp_0827,2026-04-01,3,4208,3783,AMER,Logistics,Standard,5,7712,4800,Simulated
ACC_0827,BizCorp_0827,2026-05-01,3,4196,3537,AMER,Logistics,Standard,5,7712,4800,Simulated
ACC_0827,BizCorp_0827,2026-06-01,1,2214,1751,AMER,Logistics,Standard,5,7712,4800,Simulated
ACC_0827,BizCorp_0827,2026-07-01,1,1094,875,AMER,Logistics,Standard,5,7712,4800,Simulated
ACC_0827,BizCorp_0827,2026-08-01,1,562,437,AMER,Logistics,Standard,5,7712,4800,Simulated
ACC_0828,BizCorp_0828,2026-03-01,144,283839,236470,APAC,Manufacturing,Enterprise,155,205407,83700,Simulated
ACC_0828,BizCorp_0828,2026-04-01,144,284898,223178,APAC,Manufacturing,Enterprise,155,205407,83700,Simulated
ACC_0828,BizCorp_0828,2026-05-01,125,274317,232177,APAC,Manufacturing,Enterprise,155,205407,83700,Simulated
ACC_0828,BizCorp_0828,2026-06-01,140,260757,212516,APAC,Manufacturing,Enterprise,155,205407,83700,Simulated
ACC_0828,BizCorp_0828,2026-07-01,143,309949,241655,APAC,Manufacturing,Enterprise,155,205407,83700,Simulated
ACC_0828,BizCorp_0828,2026-08-01,140,260247,229211,APAC,Manufacturing,Enterprise,155,205407,83700,Simulated
ACC_0829,BizCorp_0829,2026-03-01,5,5050,4591,AMER,Technology,Standard,9,10288,8640,Simulated
ACC_0829,BizCorp_0829,2026-04-01,4,4564,3800,AMER,Technology,Standard,9,10288,8640,Simulated
ACC_0829,BizCorp_0829,2026-05-01,4,5903,4748,AMER,Technology,Standard,9,10288,8640,Simulated
ACC_0829,BizCorp_0829,2026-06-01,6,5750,5087,AMER,Technology,Standard,9,10288,8640,Simulated
ACC_0829,BizCorp_0829,2026-07-01,7,7536,6104,AMER,Technology,Standard,9,10288,8640,Simulated
ACC_0829,BizCorp_0829,2026-08-01,9,9301,7325,AMER,Technology,Standard,9,10288,8640,Simulated
ACC_0830,BizCorp_0830,2026-03-01,72,95800,86100,AMER,Healthcare,Premium,122,188696,87840,Simulated
ACC_0830,BizCorp_0830,2026-04-01,69,107261,85614,AMER,Healthcare,Premium,122,188696,87840,Simulated
ACC_0830,BizCorp_0830,2026-05-01,75,89009,68971,AMER,Healthcare,Premium,122,188696,87840,Simulated
ACC_0830,BizCorp_0830,2026-06-01,69,95723,77816,AMER,Healthcare,Premium,122,188696,87840,Simulated
ACC_0830,BizCorp_0830,2026-07-01,68,98270,83702,AMER,Healthcare,Premium,122,188696,87840,Simulated
ACC_0830,BizCorp_0830,2026-08-01,70,87849,68645,AMER,Healthcare,Premium,122,188696,87840,Simulated
ACC_0831,BizCorp_0831,2026-03-01,30,19366,17207,EMEA,Technology,Premium,51,41860,36720,Simulated
ACC_0831,BizCorp_0831,2026-04-01,32,25187,22422,EMEA,Technology,Premium,51,41860,36720,Simulated
ACC_0831,BizCorp_0831,2026-05-01,34,24432,20874,EMEA,Technology,Premium,51,41860,36720,Simulated
ACC_0831,BizCorp_0831,2026-06-01,32,24364,20192,EMEA,Technology,Premium,51,41860,36720,Simulated
ACC_0831,BizCorp_0831,2026-07-01,30,24408,20862,EMEA,Technology,Premium,51,41860,36720,Simulated
ACC_0831,BizCorp_0831,2026-08-01,31,23289,21108,EMEA,Technology,Premium,51,41860,36720,Simulated
ACC_0832,BizCorp_0832,2026-03-01,46,35054,29048,EMEA,Financial Services,Premium,65,44070,46800,Simulated
ACC_0832,BizCorp_0832,2026-04-01,47,32051,27376,EMEA,Financial Services,Premium,65,44070,46800,Simulated
ACC_0832,BizCorp_0832,2026-05-01,47,28093,23615,EMEA,Financial Services,Premium,65,44070,46800,Simulated
ACC_0832,BizCorp_0832,2026-06-01,43,32204,26547,EMEA,Financial Services,Premium,65,44070,46800,Simulated
ACC_0832,BizCorp_0832,2026-07-01,48,28898,25245,EMEA,Financial Services,Premium,65,44070,46800,Simulated
ACC_0832,BizCorp_0832,2026-08-01,42,31877,25974,EMEA,Financial Services,Premium,65,44070,46800,Simulated
ACC_0833,BizCorp_0833,2026-03-01,198,319500,268711,AMER,Logistics,Enterprise,411,600576,221940,Simulated
ACC_0833,BizCorp_0833,2026-04-01,200,284324,232392,AMER,Logistics,Enterprise,411,600576,221940,Simulated
ACC_0833,BizCorp_0833,2026-05-01,192,346452,298434,AMER,Logistics,Enterprise,411,600576,221940,Simulated
ACC_0833,BizCorp_0833,2026-06-01,234,391341,312350,AMER,Logistics,Enterprise,411,600576,221940,Simulated
ACC_0833,BizCorp_0833,2026-07-01,281,455338,374820,AMER,Logistics,Enterprise,411,600576,221940,Simulated
ACC_0833,BizCorp_0833,2026-08-01,281,530417,449784,AMER,Logistics,Enterprise,411,600576,221940,Simulated
ACC_0834,BizCorp_0834,2026-03-01,125,217343,175852,EMEA,Healthcare,Enterprise,248,354945,133920,Simulated
ACC_0834,BizCorp_0834,2026-04-01,117,218245,178369,EMEA,Healthcare,Enterprise,248,354945,133920,Simulated
ACC_0834,BizCorp_0834,2026-05-01,124,202242,181375,EMEA,Healthcare,Enterprise,248,354945,133920,Simulated
ACC_0834,BizCorp_0834,2026-06-01,123,256631,203612,EMEA,Healthcare,Enterprise,248,354945,133920,Simulated
ACC_0834,BizCorp_0834,2026-07-01,131,196703,164963,EMEA,Healthcare,Enterprise,248,354945,133920,Simulated
ACC_0834,BizCorp_0834,2026-08-01,117,237550,184327,EMEA,Healthcare,Enterprise,248,354945,133920,Simulated
ACC_0835,BizCorp_0835,2026-03-01,9,4375,3367,APAC,Healthcare,Standard,12,3167,11520,Simulated
ACC_0835,BizCorp_0835,2026-04-01,9,3778,3418,APAC,Healthcare,Standard,12,3167,11520,Simulated
ACC_0835,BizCorp_0835,2026-05-01,9,3472,2844,APAC,Healthcare,Standard,12,3167,11520,Simulated
ACC_0835,BizCorp_0835,2026-06-01,4,2054,1667,APAC,Healthcare,Standard,12,3167,11520,Simulated
ACC_0835,BizCorp_0835,2026-07-01,2,1002,833,APAC,Healthcare,Standard,12,3167,11520,Simulated
ACC_0835,BizCorp_0835,2026-08-01,1,490,416,APAC,Healthcare,Standard,12,3167,11520,Simulated
ACC_0836,BizCorp_0836,2026-03-01,6,2546,2248,AMER,Logistics,Standard,9,3873,8640,Simulated
ACC_0836,BizCorp_0836,2026-04-01,5,2284,1937,AMER,Logistics,Standard,9,3873,8640,Simulated
ACC_0836,BizCorp_0836,2026-05-01,6,2247,2021,AMER,Logistics,Standard,9,3873,8640,Simulated
ACC_0836,BizCorp_0836,2026-06-01,6,2139,1773,AMER,Logistics,Standard,9,3873,8640,Simulated
ACC_0836,BizCorp_0836,2026-07-01,6,2474,1973,AMER,Logistics,Standard,9,3873,8640,Simulated
ACC_0836,BizCorp_0836,2026-08-01,5,2651,2183,AMER,Logistics,Standard,9,3873,8640,Simulated
ACC_0837,BizCorp_0837,2026-03-01,10,6136,4859,EMEA,Logistics,Standard,12,11633,11520,Simulated
ACC_0837,BizCorp_0837,2026-04-01,11,6665,5344,EMEA,Logistics,Standard,12,11633,11520,Simulated
ACC_0837,BizCorp_0837,2026-05-01,10,7415,5709,EMEA,Logistics,Standard,12,11633,11520,Simulated
ACC_0837,BizCorp_0837,2026-06-01,11,6403,5030,EMEA,Logistics,Standard,12,11633,11520,Simulated
ACC_0837,BizCorp_0837,2026-07-01,10,6921,5819,EMEA,Logistics,Standard,12,11633,11520,Simulated
ACC_0837,BizCorp_0837,2026-08-01,10,4847,4406,EMEA,Logistics,Standard,12,11633,11520,Simulated
ACC_0838,BizCorp_0838,2026-03-01,134,187610,153977,APAC,Technology,Enterprise,206,154627,111240,Simulated
ACC_0838,BizCorp_0838,2026-04-01,137,200531,163165,APAC,Technology,Enterprise,206,154627,111240,Simulated
ACC_0838,BizCorp_0838,2026-05-01,115,211866,180853,APAC,Technology,Enterprise,206,154627,111240,Simulated
ACC_0838,BizCorp_0838,2026-06-01,123,202225,161335,APAC,Technology,Enterprise,206,154627,111240,Simulated
ACC_0838,BizCorp_0838,2026-07-01,120,188056,155641,APAC,Technology,Enterprise,206,154627,111240,Simulated
ACC_0838,BizCorp_0838,2026-08-01,137,215822,181914,APAC,Technology,Enterprise,206,154627,111240,Simulated
ACC_0839,BizCorp_0839,2026-03-01,5,3224,2870,AMER,Financial Services,Standard,11,10219,10560,Simulated
ACC_0839,BizCorp_0839,2026-04-01,5,4013,3267,AMER,Financial Services,Standard,11,10219,10560,Simulated
ACC_0839,BizCorp_0839,2026-05-01,4,3705,2964,AMER,Financial Services,Standard,11,10219,10560,Simulated
ACC_0839,BizCorp_0839,2026-06-01,5,4210,3744,AMER,Financial Services,Standard,11,10219,10560,Simulated
ACC_0839,BizCorp_0839,2026-07-01,5,4381,3775,AMER,Financial Services,Standard,11,10219,10560,Simulated
ACC_0839,BizCorp_0839,2026-08-01,5,3635,2982,AMER,Financial Services,Standard,11,10219,10560,Simulated
ACC_0840,BizCorp_0840,2026-03-01,8,5881,4593,AMER,Financial Services,Standard,11,9647,10560,Simulated
ACC_0840,BizCorp_0840,2026-04-01,8,5994,5291,AMER,Financial Services,Standard,11,9647,10560,Simulated
ACC_0840,BizCorp_0840,2026-05-01,9,5697,4531,AMER,Financial Services,Standard,11,9647,10560,Simulated
ACC_0840,BizCorp_0840,2026-06-01,8,5206,4454,AMER,Financial Services,Standard,11,9647,10560,Simulated
ACC_0840,BizCorp_0840,2026-07-01,9,5895,5229,AMER,Financial Services,Standard,11,9647,10560,Simulated
ACC_0840,BizCorp_0840,2026-08-01,9,5777,5082,AMER,Financial Services,Standard,11,9647,10560,Simulated
ACC_0841,BizCorp_0841,2026-03-01,25,17321,14088,APAC,Technology,Premium,35,30912,25200,Simulated
ACC_0841,BizCorp_0841,2026-04-01,25,15627,13569,APAC,Technology,Premium,35,30912,25200,Simulated
ACC_0841,BizCorp_0841,2026-05-01,25,16217,13972,APAC,Technology,Premium,35,30912,25200,Simulated
ACC_0841,BizCorp_0841,2026-06-01,25,15903,13541,APAC,Technology,Premium,35,30912,25200,Simulated
ACC_0841,BizCorp_0841,2026-07-01,25,13878,12237,APAC,Technology,Premium,35,30912,25200,Simulated
ACC_0841,BizCorp_0841,2026-08-01,28,16487,13661,APAC,Technology,Premium,35,30912,25200,Simulated
ACC_0842,BizCorp_0842,2026-03-01,142,320845,257556,APAC,Retail,Enterprise,142,393700,76680,Simulated
ACC_0842,BizCorp_0842,2026-04-01,123,313343,247550,APAC,Retail,Enterprise,142,393700,76680,Simulated
ACC_0842,BizCorp_0842,2026-05-01,140,297675,238483,APAC,Retail,Enterprise,142,393700,76680,Simulated
ACC_0842,BizCorp_0842,2026-06-01,65,162152,137548,APAC,Retail,Enterprise,142,393700,76680,Simulated
ACC_0842,BizCorp_0842,2026-07-01,32,84707,68774,APAC,Retail,Enterprise,142,393700,76680,Simulated
ACC_0842,BizCorp_0842,2026-08-01,16,44335,34387,APAC,Retail,Enterprise,142,393700,76680,Simulated
ACC_0843,BizCorp_0843,2026-03-01,31,49630,43974,AMER,Technology,Premium,71,100305,51120,Simulated
ACC_0843,BizCorp_0843,2026-04-01,36,48015,40515,AMER,Technology,Premium,71,100305,51120,Simulated
ACC_0843,BizCorp_0843,2026-05-01,31,52737,42315,AMER,Technology,Premium,71,100305,51120,Simulated
ACC_0843,BizCorp_0843,2026-06-01,33,51261,41258,AMER,Technology,Premium,71,100305,51120,Simulated
ACC_0843,BizCorp_0843,2026-07-01,31,43681,38446,AMER,Technology,Premium,71,100305,51120,Simulated
ACC_0843,BizCorp_0843,2026-08-01,34,46378,36566,AMER,Technology,Premium,71,100305,51120,Simulated
ACC_0844,BizCorp_0844,2026-03-01,190,122926,105468,APAC,Logistics,Enterprise,204,261760,110160,Simulated
ACC_0844,BizCorp_0844,2026-04-01,188,89888,80740,APAC,Logistics,Enterprise,204,261760,110160,Simulated
ACC_0844,BizCorp_0844,2026-05-01,187,101449,79860,APAC,Logistics,Enterprise,204,261760,110160,Simulated
ACC_0844,BizCorp_0844,2026-06-01,176,97261,86953,APAC,Logistics,Enterprise,204,261760,110160,Simulated
ACC_0844,BizCorp_0844,2026-07-01,191,103808,86918,APAC,Logistics,Enterprise,204,261760,110160,Simulated
ACC_0844,BizCorp_0844,2026-08-01,204,112551,96089,APAC,Logistics,Enterprise,204,261760,110160,Simulated
ACC_0845,BizCorp_0845,2026-03-01,9,8348,7202,EMEA,Manufacturing,Standard,20,17255,19200,Simulated
ACC_0845,BizCorp_0845,2026-04-01,9,8073,7184,EMEA,Manufacturing,Standard,20,17255,19200,Simulated
ACC_0845,BizCorp_0845,2026-05-01,8,8951,6907,EMEA,Manufacturing,Standard,20,17255,19200,Simulated
ACC_0845,BizCorp_0845,2026-06-01,8,7671,6043,EMEA,Manufacturing,Standard,20,17255,19200,Simulated
ACC_0845,BizCorp_0845,2026-07-01,9,6427,5607,EMEA,Manufacturing,Standard,20,17255,19200,Simulated
ACC_0845,BizCorp_0845,2026-08-01,8,6371,5594,EMEA,Manufacturing,Standard,20,17255,19200,Simulated
ACC_0846,BizCorp_0846,2026-03-01,19,23671,18711,EMEA,Healthcare,Premium,32,41023,23040,Simulated
ACC_0846,BizCorp_0846,2026-04-01,21,24066,21177,EMEA,Healthcare,Premium,32,41023,23040,Simulated
ACC_0846,BizCorp_0846,2026-05-01,22,24786,20635,EMEA,Healthcare,Premium,32,41023,23040,Simulated
ACC_0846,BizCorp_0846,2026-06-01,22,27230,22479,EMEA,Healthcare,Premium,32,41023,23040,Simulated
ACC_0846,BizCorp_0846,2026-07-01,20,22414,18545,EMEA,Healthcare,Premium,32,41023,23040,Simulated
ACC_0846,BizCorp_0846,2026-08-01,19,23286,19230,EMEA,Healthcare,Premium,32,41023,23040,Simulated
ACC_0847,BizCorp_0847,2026-03-01,194,113333,97605,APAC,Logistics,Enterprise,387,258287,208980,Simulated
ACC_0847,BizCorp_0847,2026-04-01,200,133707,104027,APAC,Logistics,Enterprise,387,258287,208980,Simulated
ACC_0847,BizCorp_0847,2026-05-01,216,124501,98720,APAC,Logistics,Enterprise,387,258287,208980,Simulated
ACC_0847,BizCorp_0847,2026-06-01,207,105976,87374,APAC,Logistics,Enterprise,387,258287,208980,Simulated
ACC_0847,BizCorp_0847,2026-07-01,191,115980,97000,APAC,Logistics,Enterprise,387,258287,208980,Simulated
ACC_0847,BizCorp_0847,2026-08-01,198,132203,110233,APAC,Logistics,Enterprise,387,258287,208980,Simulated
ACC_0848,BizCorp_0848,2026-03-01,8,5177,4252,AMER,Healthcare,Standard,20,5716,19200,Simulated
ACC_0848,BizCorp_0848,2026-04-01,7,4191,3670,AMER,Healthcare,Standard,20,5716,19200,Simulated
ACC_0848,BizCorp_0848,2026-05-01,8,4853,3994,AMER,Healthcare,Standard,20,5716,19200,Simulated
ACC_0848,BizCorp_0848,2026-06-01,10,5967,4670,AMER,Healthcare,Standard,20,5716,19200,Simulated
ACC_0848,BizCorp_0848,2026-07-01,12,6869,5604,AMER,Healthcare,Standard,20,5716,19200,Simulated
ACC_0848,BizCorp_0848,2026-08-01,14,7975,6725,AMER,Healthcare,Standard,20,5716,19200,Simulated
ACC_0849,BizCorp_0849,2026-03-01,8,3715,3355,APAC,Logistics,Standard,14,7084,13440,Simulated
ACC_0849,BizCorp_0849,2026-04-01,7,4694,4019,APAC,Logistics,Standard,14,7084,13440,Simulated
ACC_0849,BizCorp_0849,2026-05-01,7,4280,3341,APAC,Logistics,Standard,14,7084,13440,Simulated
ACC_0849,BizCorp_0849,2026-06-01,4,2473,1953,APAC,Logistics,Standard,14,7084,13440,Simulated
ACC_0849,BizCorp_0849,2026-07-01,2,1207,976,APAC,Logistics,Standard,14,7084,13440,Simulated
ACC_0849,BizCorp_0849,2026-08-01,1,570,488,APAC,Logistics,Standard,14,7084,13440,Simulated
ACC_0850,BizCorp_0850,2026-03-01,8,7107,5549,AMER,Retail,Standard,8,10406,7680,Simulated
ACC_0850,BizCorp_0850,2026-04-01,7,5976,5173,AMER,Retail,Standard,8,10406,7680,Simulated
ACC_0850,BizCorp_0850,2026-05-01,8,6922,5970,AMER,Retail,Standard,8,10406,7680,Simulated
ACC_0850,BizCorp_0850,2026-06-01,8,7621,6176,AMER,Retail,Standard,8,10406,7680,Simulated
ACC_0850,BizCorp_0850,2026-07-01,8,6709,5650,AMER,Retail,Standard,8,10406,7680,Simulated
ACC_0850,BizCorp_0850,2026-08-01,8,7760,6136,AMER,Retail,Standard,8,10406,7680,Simulated
ACC_0851,BizCorp_0851,2026-03-01,75,357224,277114,EMEA,Healthcare,Enterprise,203,404610,109620,Simulated
ACC_0851,BizCorp_0851,2026-04-01,81,337278,303781,EMEA,Healthcare,Enterprise,203,404610,109620,Simulated
ACC_0851,BizCorp_0851,2026-05-01,72,329259,270603,EMEA,Healthcare,Enterprise,203,404610,109620,Simulated
ACC_0851,BizCorp_0851,2026-06-01,93,411956,330563,EMEA,Healthcare,Enterprise,203,404610,109620,Simulated
ACC_0851,BizCorp_0851,2026-07-01,111,484674,396676,EMEA,Healthcare,Enterprise,203,404610,109620,Simulated
ACC_0851,BizCorp_0851,2026-08-01,134,609028,476012,EMEA,Healthcare,Enterprise,203,404610,109620,Simulated
ACC_0852,BizCorp_0852,2026-03-01,199,187230,146107,EMEA,Technology,Enterprise,500,266024,270000,Simulated
ACC_0852,BizCorp_0852,2026-04-01,196,135275,122657,EMEA,Technology,Enterprise,500,266024,270000,Simulated
ACC_0852,BizCorp_0852,2026-05-01,191,166597,143637,EMEA,Technology,Enterprise,500,266024,270000,Simulated
ACC_0852,BizCorp_0852,2026-06-01,216,199608,158146,EMEA,Technology,Enterprise,500,266024,270000,Simulated
ACC_0852,BizCorp_0852,2026-07-01,209,174207,152650,EMEA,Technology,Enterprise,500,266024,270000,Simulated
ACC_0852,BizCorp_0852,2026-08-01,197,187889,155975,EMEA,Technology,Enterprise,500,266024,270000,Simulated
ACC_0853,BizCorp_0853,2026-03-01,8,2114,1912,AMER,Manufacturing,Standard,18,4977,17280,Simulated
ACC_0853,BizCorp_0853,2026-04-01,9,2360,1989,AMER,Manufacturing,Standard,18,4977,17280,Simulated
ACC_0853,BizCorp_0853,2026-05-01,9,2748,2261,AMER,Manufacturing,Standard,18,4977,17280,Simulated
ACC_0853,BizCorp_0853,2026-06-01,11,3062,2506,AMER,Manufacturing,Standard,18,4977,17280,Simulated
ACC_0853,BizCorp_0853,2026-07-01,12,3901,3008,AMER,Manufacturing,Standard,18,4977,17280,Simulated
ACC_0853,BizCorp_0853,2026-08-01,12,4573,3610,AMER,Manufacturing,Standard,18,4977,17280,Simulated
ACC_0854,BizCorp_0854,2026-03-01,2,4756,4306,EMEA,Healthcare,Standard,3,7024,2880,Simulated
ACC_0854,BizCorp_0854,2026-04-01,2,5142,4039,EMEA,Healthcare,Standard,3,7024,2880,Simulated
ACC_0854,BizCorp_0854,2026-05-01,2,5003,3942,EMEA,Healthcare,Standard,3,7024,2880,Simulated
ACC_0854,BizCorp_0854,2026-06-01,2,4611,3794,EMEA,Healthcare,Standard,3,7024,2880,Simulated
ACC_0854,BizCorp_0854,2026-07-01,2,4389,3450,EMEA,Healthcare,Standard,3,7024,2880,Simulated
ACC_0854,BizCorp_0854,2026-08-01,2,4526,3956,EMEA,Healthcare,Standard,3,7024,2880,Simulated
ACC_0855,BizCorp_0855,2026-03-01,132,148030,118408,EMEA,Logistics,Enterprise,211,316792,113940,Simulated
ACC_0855,BizCorp_0855,2026-04-01,144,146216,116992,EMEA,Logistics,Enterprise,211,316792,113940,Simulated
ACC_0855,BizCorp_0855,2026-05-01,144,141511,124238,EMEA,Logistics,Enterprise,211,316792,113940,Simulated
ACC_0855,BizCorp_0855,2026-06-01,68,72995,59122,EMEA,Logistics,Enterprise,211,316792,113940,Simulated
ACC_0855,BizCorp_0855,2026-07-01,34,32635,29561,EMEA,Logistics,Enterprise,211,316792,113940,Simulated
ACC_0855,BizCorp_0855,2026-08-01,17,18458,14780,EMEA,Logistics,Enterprise,211,316792,113940,Simulated
ACC_0856,BizCorp_0856,2026-03-01,37,40326,31715,APAC,Technology,Premium,42,55357,30240,Simulated
ACC_0856,BizCorp_0856,2026-04-01,37,41889,35058,APAC,Technology,Premium,42,55357,30240,Simulated
ACC_0856,BizCorp_0856,2026-05-01,37,44537,38069,APAC,Technology,Premium,42,55357,30240,Simulated
ACC_0856,BizCorp_0856,2026-06-01,38,40751,33546,APAC,Technology,Premium,42,55357,30240,Simulated
ACC_0856,BizCorp_0856,2026-07-01,42,39266,32532,APAC,Technology,Premium,42,55357,30240,Simulated
ACC_0856,BizCorp_0856,2026-08-01,37,38602,34325,APAC,Technology,Premium,42,55357,30240,Simulated
ACC_0857,BizCorp_0857,2026-03-01,47,49609,43467,AMER,Healthcare,Premium,83,106974,59760,Simulated
ACC_0857,BizCorp_0857,2026-04-01,45,48234,38917,AMER,Healthcare,Premium,83,106974,59760,Simulated
ACC_0857,BizCorp_0857,2026-05-01,52,47962,40791,AMER,Healthcare,Premium,83,106974,59760,Simulated
ACC_0857,BizCorp_0857,2026-06-01,24,24101,20418,AMER,Healthcare,Premium,83,106974,59760,Simulated
ACC_0857,BizCorp_0857,2026-07-01,12,13098,10209,AMER,Healthcare,Premium,83,106974,59760,Simulated
ACC_0857,BizCorp_0857,2026-08-01,6,5694,5104,AMER,Healthcare,Premium,83,106974,59760,Simulated
ACC_0858,BizCorp_0858,2026-03-01,11,3511,3058,APAC,Financial Services,Standard,17,11540,16320,Simulated
ACC_0858,BizCorp_0858,2026-04-01,11,4357,3556,APAC,Financial Services,Standard,17,11540,16320,Simulated
ACC_0858,BizCorp_0858,2026-05-01,11,4958,3828,APAC,Financial Services,Standard,17,11540,16320,Simulated
ACC_0858,BizCorp_0858,2026-06-01,5,2124,1675,APAC,Financial Services,Standard,17,11540,16320,Simulated
ACC_0858,BizCorp_0858,2026-07-01,2,992,837,APAC,Financial Services,Standard,17,11540,16320,Simulated
ACC_0858,BizCorp_0858,2026-08-01,1,490,418,APAC,Financial Services,Standard,17,11540,16320,Simulated
ACC_0859,BizCorp_0859,2026-03-01,8,5178,4097,APAC,Healthcare,Standard,9,12271,8640,Simulated
ACC_0859,BizCorp_0859,2026-04-01,8,4188,3683,APAC,Healthcare,Standard,9,12271,8640,Simulated
ACC_0859,BizCorp_0859,2026-05-01,8,4609,4115,APAC,Healthcare,Standard,9,12271,8640,Simulated
ACC_0859,BizCorp_0859,2026-06-01,4,2140,1848,APAC,Healthcare,Standard,9,12271,8640,Simulated
ACC_0859,BizCorp_0859,2026-07-01,2,1089,924,APAC,Healthcare,Standard,9,12271,8640,Simulated
ACC_0859,BizCorp_0859,2026-08-01,1,570,462,APAC,Healthcare,Standard,9,12271,8640,Simulated
ACC_0860,BizCorp_0860,2026-03-01,30,31927,28097,APAC,Financial Services,Premium,60,64323,43200,Simulated
ACC_0860,BizCorp_0860,2026-04-01,25,31002,25435,APAC,Financial Services,Premium,60,64323,43200,Simulated
ACC_0860,BizCorp_0860,2026-05-01,30,35005,29616,APAC,Financial Services,Premium,60,64323,43200,Simulated
ACC_0860,BizCorp_0860,2026-06-01,27,29757,26208,APAC,Financial Services,Premium,60,64323,43200,Simulated
ACC_0860,BizCorp_0860,2026-07-01,25,35633,30951,APAC,Financial Services,Premium,60,64323,43200,Simulated
ACC_0860,BizCorp_0860,2026-08-01,29,33341,29894,APAC,Financial Services,Premium,60,64323,43200,Simulated
ACC_0861,BizCorp_0861,2026-03-01,4,7379,5773,APAC,Retail,Standard,6,9797,5760,Simulated
ACC_0861,BizCorp_0861,2026-04-01,4,8315,6777,APAC,Retail,Standard,6,9797,5760,Simulated
ACC_0861,BizCorp_0861,2026-05-01,4,7422,6696,APAC,Retail,Standard,6,9797,5760,Simulated
ACC_0861,BizCorp_0861,2026-06-01,4,6154,5409,APAC,Retail,Standard,6,9797,5760,Simulated
ACC_0861,BizCorp_0861,2026-07-01,4,6210,5184,APAC,Retail,Standard,6,9797,5760,Simulated
ACC_0861,BizCorp_0861,2026-08-01,4,6781,5664,APAC,Retail,Standard,6,9797,5760,Simulated
ACC_0862,BizCorp_0862,2026-03-01,13,35119,28628,APAC,Manufacturing,Standard,20,77058,19200,Simulated
ACC_0862,BizCorp_0862,2026-04-01,14,38643,32049,APAC,Manufacturing,Standard,20,77058,19200,Simulated
ACC_0862,BizCorp_0862,2026-05-01,13,42048,33402,APAC,Manufacturing,Standard,20,77058,19200,Simulated
ACC_0862,BizCorp_0862,2026-06-01,14,40387,33240,APAC,Manufacturing,Standard,20,77058,19200,Simulated
ACC_0862,BizCorp_0862,2026-07-01,12,37393,32459,APAC,Manufacturing,Standard,20,77058,19200,Simulated
ACC_0862,BizCorp_0862,2026-08-01,14,46526,36576,APAC,Manufacturing,Standard,20,77058,19200,Simulated
ACC_0863,BizCorp_0863,2026-03-01,204,96029,74575,AMER,Technology,Enterprise,284,131645,153360,Simulated
ACC_0863,BizCorp_0863,2026-04-01,203,92634,72698,AMER,Technology,Enterprise,284,131645,153360,Simulated
ACC_0863,BizCorp_0863,2026-05-01,213,81760,64321,AMER,Technology,Enterprise,284,131645,153360,Simulated
ACC_0863,BizCorp_0863,2026-06-01,192,86304,74035,AMER,Technology,Enterprise,284,131645,153360,Simulated
ACC_0863,BizCorp_0863,2026-07-01,212,84276,66403,AMER,Technology,Enterprise,284,131645,153360,Simulated
ACC_0863,BizCorp_0863,2026-08-01,187,71331,62609,AMER,Technology,Enterprise,284,131645,153360,Simulated
ACC_0864,BizCorp_0864,2026-03-01,37,30182,24117,AMER,Healthcare,Premium,59,87496,42480,Simulated
ACC_0864,BizCorp_0864,2026-04-01,36,30536,24329,AMER,Healthcare,Premium,59,87496,42480,Simulated
ACC_0864,BizCorp_0864,2026-05-01,35,22173,19098,AMER,Healthcare,Premium,59,87496,42480,Simulated
ACC_0864,BizCorp_0864,2026-06-01,40,30404,26632,AMER,Healthcare,Premium,59,87496,42480,Simulated
ACC_0864,BizCorp_0864,2026-07-01,47,38375,31959,AMER,Healthcare,Premium,59,87496,42480,Simulated
ACC_0864,BizCorp_0864,2026-08-01,47,46195,38351,AMER,Healthcare,Premium,59,87496,42480,Simulated
ACC_0865,BizCorp_0865,2026-03-01,281,226057,192910,EMEA,Technology,Enterprise,366,176264,197640,Simulated
ACC_0865,BizCorp_0865,2026-04-01,284,225560,197360,EMEA,Technology,Enterprise,366,176264,197640,Simulated
ACC_0865,BizCorp_0865,2026-05-01,271,201934,183113,EMEA,Technology,Enterprise,366,176264,197640,Simulated
ACC_0865,BizCorp_0865,2026-06-01,269,186954,169699,EMEA,Technology,Enterprise,366,176264,197640,Simulated
ACC_0865,BizCorp_0865,2026-07-01,255,267178,207370,EMEA,Technology,Enterprise,366,176264,197640,Simulated
ACC_0865,BizCorp_0865,2026-08-01,274,227315,185203,EMEA,Technology,Enterprise,366,176264,197640,Simulated
ACC_0866,BizCorp_0866,2026-03-01,178,98343,85301,EMEA,Retail,Enterprise,407,212130,219780,Simulated
ACC_0866,BizCorp_0866,2026-04-01,180,95194,82606,EMEA,Retail,Enterprise,407,212130,219780,Simulated
ACC_0866,BizCorp_0866,2026-05-01,198,110032,86369,EMEA,Retail,Enterprise,407,212130,219780,Simulated
ACC_0866,BizCorp_0866,2026-06-01,231,147092,115016,EMEA,Retail,Enterprise,407,212130,219780,Simulated
ACC_0866,BizCorp_0866,2026-07-01,245,168693,138020,EMEA,Retail,Enterprise,407,212130,219780,Simulated
ACC_0866,BizCorp_0866,2026-08-01,245,206174,165624,EMEA,Retail,Enterprise,407,212130,219780,Simulated
ACC_0867,BizCorp_0867,2026-03-01,9,5235,4743,APAC,Financial Services,Standard,13,10673,12480,Simulated
ACC_0867,BizCorp_0867,2026-04-01,10,6178,5071,APAC,Financial Services,Standard,13,10673,12480,Simulated
ACC_0867,BizCorp_0867,2026-05-01,10,5108,4469,APAC,Financial Services,Standard,13,10673,12480,Simulated
ACC_0867,BizCorp_0867,2026-06-01,4,2930,2539,APAC,Financial Services,Standard,13,10673,12480,Simulated
ACC_0867,BizCorp_0867,2026-07-01,2,1649,1269,APAC,Financial Services,Standard,13,10673,12480,Simulated
ACC_0867,BizCorp_0867,2026-08-01,1,727,634,APAC,Financial Services,Standard,13,10673,12480,Simulated
ACC_0868,BizCorp_0868,2026-03-01,2,5805,4732,AMER,Technology,Standard,4,9515,3840,Simulated
ACC_0868,BizCorp_0868,2026-04-01,2,6991,5784,AMER,Technology,Standard,4,9515,3840,Simulated
ACC_0868,BizCorp_0868,2026-05-01,2,6885,5521,AMER,Technology,Standard,4,9515,3840,Simulated
ACC_0868,BizCorp_0868,2026-06-01,2,7486,5774,AMER,Technology,Standard,4,9515,3840,Simulated
ACC_0868,BizCorp_0868,2026-07-01,2,6275,5500,AMER,Technology,Standard,4,9515,3840,Simulated
ACC_0868,BizCorp_0868,2026-08-01,2,5635,4699,AMER,Technology,Standard,4,9515,3840,Simulated
ACC_0869,BizCorp_0869,2026-03-01,9,7561,6104,APAC,Healthcare,Standard,17,14041,16320,Simulated
ACC_0869,BizCorp_0869,2026-04-01,10,5605,5005,APAC,Healthcare,Standard,17,14041,16320,Simulated
ACC_0869,BizCorp_0869,2026-05-01,10,6369,5753,APAC,Healthcare,Standard,17,14041,16320,Simulated
ACC_0869,BizCorp_0869,2026-06-01,5,3222,2775,APAC,Healthcare,Standard,17,14041,16320,Simulated
ACC_0869,BizCorp_0869,2026-07-01,2,1671,1387,APAC,Healthcare,Standard,17,14041,16320,Simulated
ACC_0869,BizCorp_0869,2026-08-01,1,776,693,APAC,Healthcare,Standard,17,14041,16320,Simulated
ACC_0870,BizCorp_0870,2026-03-01,2,4938,3986,EMEA,Healthcare,Standard,6,8814,5760,Simulated
ACC_0870,BizCorp_0870,2026-04-01,2,5251,4646,EMEA,Healthcare,Standard,6,8814,5760,Simulated
ACC_0870,BizCorp_0870,2026-05-01,2,5308,4227,EMEA,Healthcare,Standard,6,8814,5760,Simulated
ACC_0870,BizCorp_0870,2026-06-01,2,5658,4932,EMEA,Healthcare,Standard,6,8814,5760,Simulated
ACC_0870,BizCorp_0870,2026-07-01,3,7568,5919,EMEA,Healthcare,Standard,6,8814,5760,Simulated
ACC_0870,BizCorp_0870,2026-08-01,4,8401,7103,EMEA,Healthcare,Standard,6,8814,5760,Simulated
ACC_0871,BizCorp_0871,2026-03-01,13,25403,22964,APAC,Healthcare,Standard,21,29735,20160,Simulated
ACC_0871,BizCorp_0871,2026-04-01,12,26160,22502,APAC,Healthcare,Standard,21,29735,20160,Simulated
ACC_0871,BizCorp_0871,2026-05-01,12,25514,22633,APAC,Healthcare,Standard,21,29735,20160,Simulated
ACC_0871,BizCorp_0871,2026-06-01,14,25462,23096,APAC,Healthcare,Standard,21,29735,20160,Simulated
ACC_0871,BizCorp_0871,2026-07-01,14,24724,20737,APAC,Healthcare,Standard,21,29735,20160,Simulated
ACC_0871,BizCorp_0871,2026-08-01,12,30232,24562,APAC,Healthcare,Standard,21,29735,20160,Simulated
ACC_0872,BizCorp_0872,2026-03-01,37,19115,17248,APAC,Healthcare,Premium,56,39244,40320,Simulated
ACC_0872,BizCorp_0872,2026-04-01,37,24561,19952,APAC,Healthcare,Premium,56,39244,40320,Simulated
ACC_0872,BizCorp_0872,2026-05-01,37,17901,16201,APAC,Healthcare,Premium,56,39244,40320,Simulated
ACC_0872,BizCorp_0872,2026-06-01,40,21709,16902,APAC,Healthcare,Premium,56,39244,40320,Simulated
ACC_0872,BizCorp_0872,2026-07-01,39,24156,19195,APAC,Healthcare,Premium,56,39244,40320,Simulated
ACC_0872,BizCorp_0872,2026-08-01,41,17908,15800,APAC,Healthcare,Premium,56,39244,40320,Simulated
ACC_0873,BizCorp_0873,2026-03-01,9,2490,2242,AMER,Healthcare,Standard,21,5990,20160,Simulated
ACC_0873,BizCorp_0873,2026-04-01,10,3336,2665,AMER,Healthcare,Standard,21,5990,20160,Simulated
ACC_0873,BizCorp_0873,2026-05-01,9,3376,2637,AMER,Healthcare,Standard,21,5990,20160,Simulated
ACC_0873,BizCorp_0873,2026-06-01,9,2666,2169,AMER,Healthcare,Standard,21,5990,20160,Simulated
ACC_0873,BizCorp_0873,2026-07-01,9,2644,2314,AMER,Healthcare,Standard,21,5990,20160,Simulated
ACC_0873,BizCorp_0873,2026-08-01,10,2949,2614,AMER,Healthcare,Standard,21,5990,20160,Simulated
ACC_0874,BizCorp_0874,2026-03-01,29,27034,22625,AMER,Manufacturing,Premium,43,33981,30960,Simulated
ACC_0874,BizCorp_0874,2026-04-01,26,24544,21499,AMER,Manufacturing,Premium,43,33981,30960,Simulated
ACC_0874,BizCorp_0874,2026-05-01,26,25346,21652,AMER,Manufacturing,Premium,43,33981,30960,Simulated
ACC_0874,BizCorp_0874,2026-06-01,25,27947,23405,AMER,Manufacturing,Premium,43,33981,30960,Simulated
ACC_0874,BizCorp_0874,2026-07-01,25,25974,20555,AMER,Manufacturing,Premium,43,33981,30960,Simulated
ACC_0874,BizCorp_0874,2026-08-01,29,23040,17804,AMER,Manufacturing,Premium,43,33981,30960,Simulated
ACC_0875,BizCorp_0875,2026-03-01,42,19578,16732,EMEA,Logistics,Premium,56,24194,40320,Simulated
ACC_0875,BizCorp_0875,2026-04-01,39,16275,14515,EMEA,Logistics,Premium,56,24194,40320,Simulated
ACC_0875,BizCorp_0875,2026-05-01,42,19852,15437,EMEA,Logistics,Premium,56,24194,40320,Simulated
ACC_0875,BizCorp_0875,2026-06-01,41,20405,17992,EMEA,Logistics,Premium,56,24194,40320,Simulated
ACC_0875,BizCorp_0875,2026-07-01,40,23615,18184,EMEA,Logistics,Premium,56,24194,40320,Simulated
ACC_0875,BizCorp_0875,2026-08-01,42,22005,17458,EMEA,Logistics,Premium,56,24194,40320,Simulated
ACC_0876,BizCorp_0876,2026-03-01,70,126409,105101,AMER,Technology,Enterprise,181,495017,97740,Simulated
ACC_0876,BizCorp_0876,2026-04-01,65,100648,85595,AMER,Technology,Enterprise,181,495017,97740,Simulated
ACC_0876,BizCorp_0876,2026-05-01,60,96238,79859,AMER,Technology,Enterprise,181,495017,97740,Simulated
ACC_0876,BizCorp_0876,2026-06-01,79,130605,112359,AMER,Technology,Enterprise,181,495017,97740,Simulated
ACC_0876,BizCorp_0876,2026-07-01,95,155292,134830,AMER,Technology,Enterprise,181,495017,97740,Simulated
ACC_0876,BizCorp_0876,2026-08-01,114,194517,161797,AMER,Technology,Enterprise,181,495017,97740,Simulated
ACC_0877,BizCorp_0877,2026-03-01,4,7674,6841,AMER,Retail,Standard,7,12595,6720,Simulated
ACC_0877,BizCorp_0877,2026-04-01,3,7120,5610,AMER,Retail,Standard,7,12595,6720,Simulated
ACC_0877,BizCorp_0877,2026-05-01,3,6510,5872,AMER,Retail,Standard,7,12595,6720,Simulated
ACC_0877,BizCorp_0877,2026-06-01,3,8030,6410,AMER,Retail,Standard,7,12595,6720,Simulated
ACC_0877,BizCorp_0877,2026-07-01,4,8332,6467,AMER,Retail,Standard,7,12595,6720,Simulated
ACC_0877,BizCorp_0877,2026-08-01,3,7698,6178,AMER,Retail,Standard,7,12595,6720,Simulated
ACC_0878,BizCorp_0878,2026-03-01,174,258171,223757,AMER,Technology,Enterprise,204,576251,110160,Simulated
ACC_0878,BizCorp_0878,2026-04-01,157,304484,236013,AMER,Technology,Enterprise,204,576251,110160,Simulated
ACC_0878,BizCorp_0878,2026-05-01,159,257731,212157,AMER,Technology,Enterprise,204,576251,110160,Simulated
ACC_0878,BizCorp_0878,2026-06-01,160,268861,226631,AMER,Technology,Enterprise,204,576251,110160,Simulated
ACC_0878,BizCorp_0878,2026-07-01,147,300697,265251,AMER,Technology,Enterprise,204,576251,110160,Simulated
ACC_0878,BizCorp_0878,2026-08-01,175,271559,218055,AMER,Technology,Enterprise,204,576251,110160,Simulated
ACC_0879,BizCorp_0879,2026-03-01,227,235602,188140,APAC,Technology,Enterprise,467,451008,252180,Simulated
ACC_0879,BizCorp_0879,2026-04-01,211,174985,144651,APAC,Technology,Enterprise,467,451008,252180,Simulated
ACC_0879,BizCorp_0879,2026-05-01,229,229537,183813,APAC,Technology,Enterprise,467,451008,252180,Simulated
ACC_0879,BizCorp_0879,2026-06-01,258,203030,166589,APAC,Technology,Enterprise,467,451008,252180,Simulated
ACC_0879,BizCorp_0879,2026-07-01,240,173137,143776,APAC,Technology,Enterprise,467,451008,252180,Simulated
ACC_0879,BizCorp_0879,2026-08-01,247,192744,172402,APAC,Technology,Enterprise,467,451008,252180,Simulated
ACC_0880,BizCorp_0880,2026-03-01,89,312613,246137,AMER,Financial Services,Enterprise,105,248022,56700,Simulated
ACC_0880,BizCorp_0880,2026-04-01,96,285571,233014,AMER,Financial Services,Enterprise,105,248022,56700,Simulated
ACC_0880,BizCorp_0880,2026-05-01,105,231522,193113,AMER,Financial Services,Enterprise,105,248022,56700,Simulated
ACC_0880,BizCorp_0880,2026-06-01,49,139341,108288,AMER,Financial Services,Enterprise,105,248022,56700,Simulated
ACC_0880,BizCorp_0880,2026-07-01,24,67595,54144,AMER,Financial Services,Enterprise,105,248022,56700,Simulated
ACC_0880,BizCorp_0880,2026-08-01,12,32930,27072,AMER,Financial Services,Enterprise,105,248022,56700,Simulated
ACC_0881,BizCorp_0881,2026-03-01,17,36534,29307,AMER,Healthcare,Premium,27,91339,19440,Simulated
ACC_0881,BizCorp_0881,2026-04-01,16,42822,33191,AMER,Healthcare,Premium,27,91339,19440,Simulated
ACC_0881,BizCorp_0881,2026-05-01,18,38859,32128,AMER,Healthcare,Premium,27,91339,19440,Simulated
ACC_0881,BizCorp_0881,2026-06-01,20,41540,34733,AMER,Healthcare,Premium,27,91339,19440,Simulated
ACC_0881,BizCorp_0881,2026-07-01,25,47998,41680,AMER,Healthcare,Premium,27,91339,19440,Simulated
ACC_0881,BizCorp_0881,2026-08-01,25,57467,50016,AMER,Healthcare,Premium,27,91339,19440,Simulated
ACC_0882,BizCorp_0882,2026-03-01,195,271765,235200,AMER,Technology,Enterprise,356,250626,192240,Simulated
ACC_0882,BizCorp_0882,2026-04-01,172,286994,224554,AMER,Technology,Enterprise,356,250626,192240,Simulated
ACC_0882,BizCorp_0882,2026-05-01,191,251480,211482,AMER,Technology,Enterprise,356,250626,192240,Simulated
ACC_0882,BizCorp_0882,2026-06-01,198,257652,230658,AMER,Technology,Enterprise,356,250626,192240,Simulated
ACC_0882,BizCorp_0882,2026-07-01,168,290333,236206,AMER,Technology,Enterprise,356,250626,192240,Simulated
ACC_0882,BizCorp_0882,2026-08-01,190,245238,217351,AMER,Technology,Enterprise,356,250626,192240,Simulated
ACC_0883,BizCorp_0883,2026-03-01,20,12799,10381,EMEA,Financial Services,Premium,38,24717,27360,Simulated
ACC_0883,BizCorp_0883,2026-04-01,18,10853,8665,EMEA,Financial Services,Premium,38,24717,27360,Simulated
ACC_0883,BizCorp_0883,2026-05-01,18,11009,9257,EMEA,Financial Services,Premium,38,24717,27360,Simulated
ACC_0883,BizCorp_0883,2026-06-01,9,5587,4755,EMEA,Financial Services,Premium,38,24717,27360,Simulated
ACC_0883,BizCorp_0883,2026-07-01,4,2887,2377,EMEA,Financial Services,Premium,38,24717,27360,Simulated
ACC_0883,BizCorp_0883,2026-08-01,2,1448,1188,EMEA,Financial Services,Premium,38,24717,27360,Simulated
ACC_0884,BizCorp_0884,2026-03-01,4,7681,6800,APAC,Financial Services,Standard,5,20018,4800,Simulated
ACC_0884,BizCorp_0884,2026-04-01,3,6790,6022,APAC,Financial Services,Standard,5,20018,4800,Simulated
ACC_0884,BizCorp_0884,2026-05-01,4,9341,7402,APAC,Financial Services,Standard,5,20018,4800,Simulated
ACC_0884,BizCorp_0884,2026-06-01,1,4308,3471,APAC,Financial Services,Standard,5,20018,4800,Simulated
ACC_0884,BizCorp_0884,2026-07-01,1,2095,1735,APAC,Financial Services,Standard,5,20018,4800,Simulated
ACC_0884,BizCorp_0884,2026-08-01,1,969,867,APAC,Financial Services,Standard,5,20018,4800,Simulated
ACC_0885,BizCorp_0885,2026-03-01,35,53476,42665,APAC,Technology,Premium,48,119773,34560,Simulated
ACC_0885,BizCorp_0885,2026-04-01,38,47421,37102,APAC,Technology,Premium,48,119773,34560,Simulated
ACC_0885,BizCorp_0885,2026-05-01,32,50225,41849,APAC,Technology,Premium,48,119773,34560,Simulated
ACC_0885,BizCorp_0885,2026-06-01,32,44856,38505,APAC,Technology,Premium,48,119773,34560,Simulated
ACC_0885,BizCorp_0885,2026-07-01,32,48831,38074,APAC,Technology,Premium,48,119773,34560,Simulated
ACC_0885,BizCorp_0885,2026-08-01,36,43751,37642,APAC,Technology,Premium,48,119773,34560,Simulated
ACC_0886,BizCorp_0886,2026-03-01,112,138273,112973,EMEA,Technology,Enterprise,177,304774,95580,Simulated
ACC_0886,BizCorp_0886,2026-04-01,137,148051,131263,EMEA,Technology,Enterprise,177,304774,95580,Simulated
ACC_0886,BizCorp_0886,2026-05-01,130,127763,113746,EMEA,Technology,Enterprise,177,304774,95580,Simulated
ACC_0886,BizCorp_0886,2026-06-01,123,127482,112286,EMEA,Technology,Enterprise,177,304774,95580,Simulated
ACC_0886,BizCorp_0886,2026-07-01,128,148291,122263,EMEA,Technology,Enterprise,177,304774,95580,Simulated
ACC_0886,BizCorp_0886,2026-08-01,119,168800,143110,EMEA,Technology,Enterprise,177,304774,95580,Simulated
ACC_0887,BizCorp_0887,2026-03-01,6,8380,7092,AMER,Financial Services,Standard,11,18129,10560,Simulated
ACC_0887,BizCorp_0887,2026-04-01,6,7785,6779,AMER,Financial Services,Standard,11,18129,10560,Simulated
ACC_0887,BizCorp_0887,2026-05-01,6,7472,6684,AMER,Financial Services,Standard,11,18129,10560,Simulated
ACC_0887,BizCorp_0887,2026-06-01,7,9762,8563,AMER,Financial Services,Standard,11,18129,10560,Simulated
ACC_0887,BizCorp_0887,2026-07-01,7,10106,7786,AMER,Financial Services,Standard,11,18129,10560,Simulated
ACC_0887,BizCorp_0887,2026-08-01,7,7426,6643,AMER,Financial Services,Standard,11,18129,10560,Simulated
ACC_0888,BizCorp_0888,2026-03-01,37,25321,21109,AMER,Logistics,Premium,47,44838,33840,Simulated
ACC_0888,BizCorp_0888,2026-04-01,36,27008,23591,AMER,Logistics,Premium,47,44838,33840,Simulated
ACC_0888,BizCorp_0888,2026-05-01,39,31439,24511,AMER,Logistics,Premium,47,44838,33840,Simulated
ACC_0888,BizCorp_0888,2026-06-01,38,25771,20699,AMER,Logistics,Premium,47,44838,33840,Simulated
ACC_0888,BizCorp_0888,2026-07-01,40,23455,20656,AMER,Logistics,Premium,47,44838,33840,Simulated
ACC_0888,BizCorp_0888,2026-08-01,34,27948,21540,AMER,Logistics,Premium,47,44838,33840,Simulated
ACC_0889,BizCorp_0889,2026-03-01,214,281710,245538,AMER,Technology,Enterprise,461,592995,248940,Simulated
ACC_0889,BizCorp_0889,2026-04-01,226,376120,298577,AMER,Technology,Enterprise,461,592995,248940,Simulated
ACC_0889,BizCorp_0889,2026-05-01,254,370803,319156,AMER,Technology,Enterprise,461,592995,248940,Simulated
ACC_0889,BizCorp_0889,2026-06-01,116,177767,140077,AMER,Technology,Enterprise,461,592995,248940,Simulated
ACC_0889,BizCorp_0889,2026-07-01,58,80676,70038,AMER,Technology,Enterprise,461,592995,248940,Simulated
ACC_0889,BizCorp_0889,2026-08-01,29,40970,35019,AMER,Technology,Enterprise,461,592995,248940,Simulated
ACC_0890,BizCorp_0890,2026-03-01,7,5452,4686,AMER,Financial Services,Standard,19,11231,18240,Simulated
ACC_0890,BizCorp_0890,2026-04-01,7,6949,5493,AMER,Financial Services,Standard,19,11231,18240,Simulated
ACC_0890,BizCorp_0890,2026-05-01,8,5616,4717,AMER,Financial Services,Standard,19,11231,18240,Simulated
ACC_0890,BizCorp_0890,2026-06-01,9,6885,6255,AMER,Financial Services,Standard,19,11231,18240,Simulated
ACC_0890,BizCorp_0890,2026-07-01,11,8846,7507,AMER,Financial Services,Standard,19,11231,18240,Simulated
ACC_0890,BizCorp_0890,2026-08-01,13,10662,9008,AMER,Financial Services,Standard,19,11231,18240,Simulated
ACC_0891,BizCorp_0891,2026-03-01,326,483345,380232,APAC,Retail,Enterprise,629,1202196,339660,Simulated
ACC_0891,BizCorp_0891,2026-04-01,294,375625,292243,APAC,Retail,Enterprise,629,1202196,339660,Simulated
ACC_0891,BizCorp_0891,2026-05-01,332,441171,373319,APAC,Retail,Enterprise,629,1202196,339660,Simulated
ACC_0891,BizCorp_0891,2026-06-01,370,485741,401720,APAC,Retail,Enterprise,629,1202196,339660,Simulated
ACC_0891,BizCorp_0891,2026-07-01,399,579502,482064,APAC,Retail,Enterprise,629,1202196,339660,Simulated
ACC_0891,BizCorp_0891,2026-08-01,399,734007,578477,APAC,Retail,Enterprise,629,1202196,339660,Simulated
ACC_0892,BizCorp_0892,2026-03-01,304,121458,98922,AMER,Healthcare,Enterprise,524,165845,282960,Simulated
ACC_0892,BizCorp_0892,2026-04-01,286,107762,83215,AMER,Healthcare,Enterprise,524,165845,282960,Simulated
ACC_0892,BizCorp_0892,2026-05-01,271,116354,96952,AMER,Healthcare,Enterprise,524,165845,282960,Simulated
ACC_0892,BizCorp_0892,2026-06-01,147,57831,48327,AMER,Healthcare,Enterprise,524,165845,282960,Simulated
ACC_0892,BizCorp_0892,2026-07-01,73,28035,24163,AMER,Healthcare,Enterprise,524,165845,282960,Simulated
ACC_0892,BizCorp_0892,2026-08-01,36,13640,12081,AMER,Healthcare,Enterprise,524,165845,282960,Simulated
ACC_0893,BizCorp_0893,2026-03-01,36,16446,13208,EMEA,Technology,Premium,68,34780,48960,Simulated
ACC_0893,BizCorp_0893,2026-04-01,41,19850,16412,EMEA,Technology,Premium,68,34780,48960,Simulated
ACC_0893,BizCorp_0893,2026-05-01,41,15935,13652,EMEA,Technology,Premium,68,34780,48960,Simulated
ACC_0893,BizCorp_0893,2026-06-01,39,20537,16821,EMEA,Technology,Premium,68,34780,48960,Simulated
ACC_0893,BizCorp_0893,2026-07-01,40,15786,13711,EMEA,Technology,Premium,68,34780,48960,Simulated
ACC_0893,BizCorp_0893,2026-08-01,40,15387,13041,EMEA,Technology,Premium,68,34780,48960,Simulated
ACC_0894,BizCorp_0894,2026-03-01,62,36539,29608,APAC,Financial Services,Premium,87,50946,62640,Simulated
ACC_0894,BizCorp_0894,2026-04-01,69,43682,36121,APAC,Financial Services,Premium,87,50946,62640,Simulated
ACC_0894,BizCorp_0894,2026-05-01,62,34309,29839,APAC,Financial Services,Premium,87,50946,62640,Simulated
ACC_0894,BizCorp_0894,2026-06-01,33,21217,16688,APAC,Financial Services,Premium,87,50946,62640,Simulated
ACC_0894,BizCorp_0894,2026-07-01,16,9894,8344,APAC,Financial Services,Premium,87,50946,62640,Simulated
ACC_0894,BizCorp_0894,2026-08-01,8,4845,4172,APAC,Financial Services,Premium,87,50946,62640,Simulated
ACC_0895,BizCorp_0895,2026-03-01,8,9990,7921,AMER,Healthcare,Standard,18,15807,17280,Simulated
ACC_0895,BizCorp_0895,2026-04-01,9,8321,7202,AMER,Healthcare,Standard,18,15807,17280,Simulated
ACC_0895,BizCorp_0895,2026-05-01,9,9375,7220,AMER,Healthcare,Standard,18,15807,17280,Simulated
ACC_0895,BizCorp_0895,2026-06-01,4,4216,3570,AMER,Healthcare,Standard,18,15807,17280,Simulated
ACC_0895,BizCorp_0895,2026-07-01,2,2272,1785,AMER,Healthcare,Standard,18,15807,17280,Simulated
ACC_0895,BizCorp_0895,2026-08-01,1,984,892,AMER,Healthcare,Standard,18,15807,17280,Simulated
ACC_0896,BizCorp_0896,2026-03-01,305,370433,290392,APAC,Healthcare,Enterprise,923,533008,498420,Simulated
ACC_0896,BizCorp_0896,2026-04-01,313,391175,338448,APAC,Healthcare,Enterprise,923,533008,498420,Simulated
ACC_0896,BizCorp_0896,2026-05-01,345,372709,292864,APAC,Healthcare,Enterprise,923,533008,498420,Simulated
ACC_0896,BizCorp_0896,2026-06-01,301,364592,313711,APAC,Healthcare,Enterprise,923,533008,498420,Simulated
ACC_0896,BizCorp_0896,2026-07-01,342,358844,325974,APAC,Healthcare,Enterprise,923,533008,498420,Simulated
ACC_0896,BizCorp_0896,2026-08-01,355,361730,322946,APAC,Healthcare,Enterprise,923,533008,498420,Simulated
ACC_0897,BizCorp_0897,2026-03-01,24,27667,24263,AMER,Logistics,Premium,75,78745,54000,Simulated
ACC_0897,BizCorp_0897,2026-04-01,27,26101,21422,AMER,Logistics,Premium,75,78745,54000,Simulated
ACC_0897,BizCorp_0897,2026-05-01,27,26784,24000,AMER,Logistics,Premium,75,78745,54000,Simulated
ACC_0897,BizCorp_0897,2026-06-01,31,31942,25321,AMER,Logistics,Premium,75,78745,54000,Simulated
ACC_0897,BizCorp_0897,2026-07-01,38,33621,30386,AMER,Logistics,Premium,75,78745,54000,Simulated
ACC_0897,BizCorp_0897,2026-08-01,45,40205,36463,AMER,Logistics,Premium,75,78745,54000,Simulated
ACC_0898,BizCorp_0898,2026-03-01,243,128836,104071,EMEA,Technology,Enterprise,442,223995,238680,Simulated
ACC_0898,BizCorp_0898,2026-04-01,277,144582,121159,EMEA,Technology,Enterprise,442,223995,238680,Simulated
ACC_0898,BizCorp_0898,2026-05-01,272,144421,114973,EMEA,Technology,Enterprise,442,223995,238680,Simulated
ACC_0898,BizCorp_0898,2026-06-01,132,66129,58992,EMEA,Technology,Enterprise,442,223995,238680,Simulated
ACC_0898,BizCorp_0898,2026-07-01,66,36164,29496,EMEA,Technology,Enterprise,442,223995,238680,Simulated
ACC_0898,BizCorp_0898,2026-08-01,33,17367,14748,EMEA,Technology,Enterprise,442,223995,238680,Simulated
ACC_0899,BizCorp_0899,2026-03-01,43,35319,28250,APAC,Healthcare,Premium,64,41131,46080,Simulated
ACC_0899,BizCorp_0899,2026-04-01,37,30628,27354,APAC,Healthcare,Premium,64,41131,46080,Simulated
ACC_0899,BizCorp_0899,2026-05-01,42,36966,30122,APAC,Healthcare,Premium,64,41131,46080,Simulated
ACC_0899,BizCorp_0899,2026-06-01,44,30368,25891,APAC,Healthcare,Premium,64,41131,46080,Simulated
ACC_0899,BizCorp_0899,2026-07-01,37,27601,24186,APAC,Healthcare,Premium,64,41131,46080,Simulated
ACC_0899,BizCorp_0899,2026-08-01,41,30185,25029,APAC,Healthcare,Premium,64,41131,46080,Simulated
ACC_0900,BizCorp_0900,2026-03-01,186,135244,106708,APAC,Healthcare,Enterprise,263,104091,142020,Simulated
ACC_0900,BizCorp_0900,2026-04-01,185,97257,86258,APAC,Healthcare,Enterprise,263,104091,142020,Simulated
ACC_0900,BizCorp_0900,2026-05-01,183,135831,109276,APAC,Healthcare,Enterprise,263,104091,142020,Simulated
ACC_0900,BizCorp_0900,2026-06-01,183,128824,114903,APAC,Healthcare,Enterprise,263,104091,142020,Simulated
ACC_0900,BizCorp_0900,2026-07-01,167,120236,107142,APAC,Healthcare,Enterprise,263,104091,142020,Simulated
ACC_0900,BizCorp_0900,2026-08-01,188,130993,115829,APAC,Healthcare,Enterprise,263,104091,142020,Simulated
ACC_0901,BizCorp_0901,2026-03-01,52,60771,52833,AMER,Financial Services,Premium,92,105937,66240,Simulated
ACC_0901,BizCorp_0901,2026-04-01,51,46543,40842,AMER,Financial Services,Premium,92,105937,66240,Simulated
ACC_0901,BizCorp_0901,2026-05-01,49,50325,42309,AMER,Financial Services,Premium,92,105937,66240,Simulated
ACC_0901,BizCorp_0901,2026-06-01,50,65418,51111,AMER,Financial Services,Premium,92,105937,66240,Simulated
ACC_0901,BizCorp_0901,2026-07-01,46,60726,50212,AMER,Financial Services,Premium,92,105937,66240,Simulated
ACC_0901,BizCorp_0901,2026-08-01,53,57582,49079,AMER,Financial Services,Premium,92,105937,66240,Simulated
ACC_0902,BizCorp_0902,2026-03-01,166,297774,258624,AMER,Manufacturing,Enterprise,323,338709,174420,Simulated
ACC_0902,BizCorp_0902,2026-04-01,197,326851,260729,AMER,Manufacturing,Enterprise,323,338709,174420,Simulated
ACC_0902,BizCorp_0902,2026-05-01,173,316208,278048,AMER,Manufacturing,Enterprise,323,338709,174420,Simulated
ACC_0902,BizCorp_0902,2026-06-01,92,185740,143534,AMER,Manufacturing,Enterprise,323,338709,174420,Simulated
ACC_0902,BizCorp_0902,2026-07-01,46,80688,71767,AMER,Manufacturing,Enterprise,323,338709,174420,Simulated
ACC_0902,BizCorp_0902,2026-08-01,23,43670,35883,AMER,Manufacturing,Enterprise,323,338709,174420,Simulated
ACC_0903,BizCorp_0903,2026-03-01,12,6515,5656,EMEA,Healthcare,Standard,20,20230,19200,Simulated
ACC_0903,BizCorp_0903,2026-04-01,12,5525,4385,EMEA,Healthcare,Standard,20,20230,19200,Simulated
ACC_0903,BizCorp_0903,2026-05-01,12,5820,4902,EMEA,Healthcare,Standard,20,20230,19200,Simulated
ACC_0903,BizCorp_0903,2026-06-01,14,7610,6147,EMEA,Healthcare,Standard,20,20230,19200,Simulated
ACC_0903,BizCorp_0903,2026-07-01,17,8477,7377,EMEA,Healthcare,Standard,20,20230,19200,Simulated
ACC_0903,BizCorp_0903,2026-08-01,19,11241,8852,EMEA,Healthcare,Standard,20,20230,19200,Simulated
ACC_0904,BizCorp_0904,2026-03-01,64,29299,26373,AMER,Technology,Premium,98,62188,70560,Simulated
ACC_0904,BizCorp_0904,2026-04-01,54,33900,29234,AMER,Technology,Premium,98,62188,70560,Simulated
ACC_0904,BizCorp_0904,2026-05-01,54,31362,26221,AMER,Technology,Premium,98,62188,70560,Simulated
ACC_0904,BizCorp_0904,2026-06-01,29,16570,15038,AMER,Technology,Premium,98,62188,70560,Simulated
ACC_0904,BizCorp_0904,2026-07-01,14,8568,7519,AMER,Technology,Premium,98,62188,70560,Simulated
ACC_0904,BizCorp_0904,2026-08-01,7,4169,3759,AMER,Technology,Premium,98,62188,70560,Simulated
ACC_0905,BizCorp_0905,2026-03-01,5,4812,3884,EMEA,Logistics,Standard,8,8308,7680,Simulated
ACC_0905,BizCorp_0905,2026-04-01,5,4938,4063,EMEA,Logistics,Standard,8,8308,7680,Simulated
ACC_0905,BizCorp_0905,2026-05-01,5,4863,4051,EMEA,Logistics,Standard,8,8308,7680,Simulated
ACC_0905,BizCorp_0905,2026-06-01,2,2093,1830,EMEA,Logistics,Standard,8,8308,7680,Simulated
ACC_0905,BizCorp_0905,2026-07-01,1,1008,915,EMEA,Logistics,Standard,8,8308,7680,Simulated
ACC_0905,BizCorp_0905,2026-08-01,1,586,457,EMEA,Logistics,Standard,8,8308,7680,Simulated
ACC_0906,BizCorp_0906,2026-03-01,25,48049,41938,AMER,Technology,Premium,38,100345,27360,Simulated
ACC_0906,BizCorp_0906,2026-04-01,22,47500,42630,AMER,Technology,Premium,38,100345,27360,Simulated
ACC_0906,BizCorp_0906,2026-05-01,24,53717,42582,AMER,Technology,Premium,38,100345,27360,Simulated
ACC_0906,BizCorp_0906,2026-06-01,29,64445,53260,AMER,Technology,Premium,38,100345,27360,Simulated
ACC_0906,BizCorp_0906,2026-07-01,35,75264,63912,AMER,Technology,Premium,38,100345,27360,Simulated
ACC_0906,BizCorp_0906,2026-08-01,38,88825,76695,AMER,Technology,Premium,38,100345,27360,Simulated
ACC_0907,BizCorp_0907,2026-03-01,5,5820,5009,APAC,Financial Services,Standard,5,6692,4800,Simulated
ACC_0907,BizCorp_0907,2026-04-01,4,4956,4492,APAC,Financial Services,Standard,5,6692,4800,Simulated
ACC_0907,BizCorp_0907,2026-05-01,4,7299,5692,APAC,Financial Services,Standard,5,6692,4800,Simulated
ACC_0907,BizCorp_0907,2026-06-01,4,6451,5704,APAC,Financial Services,Standard,5,6692,4800,Simulated
ACC_0907,BizCorp_0907,2026-07-01,4,7251,5767,APAC,Financial Services,Standard,5,6692,4800,Simulated
ACC_0907,BizCorp_0907,2026-08-01,5,5590,4680,APAC,Financial Services,Standard,5,6692,4800,Simulated
ACC_0908,BizCorp_0908,2026-03-01,3,8448,6737,AMER,Logistics,Standard,3,7788,2880,Simulated
ACC_0908,BizCorp_0908,2026-04-01,3,9892,8485,AMER,Logistics,Standard,3,7788,2880,Simulated
ACC_0908,BizCorp_0908,2026-05-01,2,8171,6958,AMER,Logistics,Standard,3,7788,2880,Simulated
ACC_0908,BizCorp_0908,2026-06-01,1,4583,3780,AMER,Logistics,Standard,3,7788,2880,Simulated
ACC_0908,BizCorp_0908,2026-07-01,1,2270,1890,AMER,Logistics,Standard,3,7788,2880,Simulated
ACC_0908,BizCorp_0908,2026-08-01,1,1104,945,AMER,Logistics,Standard,3,7788,2880,Simulated
ACC_0909,BizCorp_0909,2026-03-01,95,212889,168636,AMER,Technology,Premium,98,277809,70560,Simulated
ACC_0909,BizCorp_0909,2026-04-01,92,168886,143529,AMER,Technology,Premium,98,277809,70560,Simulated
ACC_0909,BizCorp_0909,2026-05-01,86,201530,169778,AMER,Technology,Premium,98,277809,70560,Simulated
ACC_0909,BizCorp_0909,2026-06-01,46,97519,78164,AMER,Technology,Premium,98,277809,70560,Simulated
ACC_0909,BizCorp_0909,2026-07-01,23,50734,39082,AMER,Technology,Premium,98,277809,70560,Simulated
ACC_0909,BizCorp_0909,2026-08-01,11,24511,19541,AMER,Technology,Premium,98,277809,70560,Simulated
ACC_0910,BizCorp_0910,2026-03-01,195,205637,183548,EMEA,Retail,Enterprise,431,825808,232740,Simulated
ACC_0910,BizCorp_0910,2026-04-01,213,219992,183326,EMEA,Retail,Enterprise,431,825808,232740,Simulated
ACC_0910,BizCorp_0910,2026-05-01,199,234914,203792,EMEA,Retail,Enterprise,431,825808,232740,Simulated
ACC_0910,BizCorp_0910,2026-06-01,258,311734,253346,EMEA,Retail,Enterprise,431,825808,232740,Simulated
ACC_0910,BizCorp_0910,2026-07-01,304,366736,304015,EMEA,Retail,Enterprise,431,825808,232740,Simulated
ACC_0910,BizCorp_0910,2026-08-01,304,448085,364818,EMEA,Retail,Enterprise,431,825808,232740,Simulated
ACC_0911,BizCorp_0911,2026-03-01,6,7564,6513,APAC,Retail,Standard,14,10981,13440,Simulated
ACC_0911,BizCorp_0911,2026-04-01,6,6356,5590,APAC,Retail,Standard,14,10981,13440,Simulated
ACC_0911,BizCorp_0911,2026-05-01,7,9092,7170,APAC,Retail,Standard,14,10981,13440,Simulated
ACC_0911,BizCorp_0911,2026-06-01,7,7383,6195,APAC,Retail,Standard,14,10981,13440,Simulated
ACC_0911,BizCorp_0911,2026-07-01,6,6858,5656,APAC,Retail,Standard,14,10981,13440,Simulated
ACC_0911,BizCorp_0911,2026-08-01,6,8334,7070,APAC,Retail,Standard,14,10981,13440,Simulated
ACC_0912,BizCorp_0912,2026-03-01,31,39159,33757,AMER,Financial Services,Premium,59,114002,42480,Simulated
ACC_0912,BizCorp_0912,2026-04-01,30,37671,32754,AMER,Financial Services,Premium,59,114002,42480,Simulated
ACC_0912,BizCorp_0912,2026-05-01,30,41297,35133,AMER,Financial Services,Premium,59,114002,42480,Simulated
ACC_0912,BizCorp_0912,2026-06-01,40,46012,40313,AMER,Financial Services,Premium,59,114002,42480,Simulated
ACC_0912,BizCorp_0912,2026-07-01,43,57840,48376,AMER,Financial Services,Premium,59,114002,42480,Simulated
ACC_0912,BizCorp_0912,2026-08-01,43,64640,58051,AMER,Financial Services,Premium,59,114002,42480,Simulated
ACC_0913,BizCorp_0913,2026-03-01,51,15846,13259,AMER,Financial Services,Premium,70,23284,50400,Simulated
ACC_0913,BizCorp_0913,2026-04-01,52,12681,11272,AMER,Financial Services,Premium,70,23284,50400,Simulated
ACC_0913,BizCorp_0913,2026-05-01,54,13845,11530,AMER,Financial Services,Premium,70,23284,50400,Simulated
ACC_0913,BizCorp_0913,2026-06-01,50,13036,10191,AMER,Financial Services,Premium,70,23284,50400,Simulated
ACC_0913,BizCorp_0913,2026-07-01,52,15431,12823,AMER,Financial Services,Premium,70,23284,50400,Simulated
ACC_0913,BizCorp_0913,2026-08-01,54,16466,13516,AMER,Financial Services,Premium,70,23284,50400,Simulated
ACC_0914,BizCorp_0914,2026-03-01,73,179783,156070,APAC,Logistics,Premium,80,360068,57600,Simulated
ACC_0914,BizCorp_0914,2026-04-01,67,148891,123565,APAC,Logistics,Premium,80,360068,57600,Simulated
ACC_0914,BizCorp_0914,2026-05-01,73,186201,155836,APAC,Logistics,Premium,80,360068,57600,Simulated
ACC_0914,BizCorp_0914,2026-06-01,70,199583,154548,APAC,Logistics,Premium,80,360068,57600,Simulated
ACC_0914,BizCorp_0914,2026-07-01,66,188981,159369,APAC,Logistics,Premium,80,360068,57600,Simulated
ACC_0914,BizCorp_0914,2026-08-01,65,139847,122849,APAC,Logistics,Premium,80,360068,57600,Simulated
ACC_0915,BizCorp_0915,2026-03-01,5,5697,4777,AMER,Manufacturing,Standard,12,13991,11520,Simulated
ACC_0915,BizCorp_0915,2026-04-01,5,5010,4427,AMER,Manufacturing,Standard,12,13991,11520,Simulated
ACC_0915,BizCorp_0915,2026-05-01,6,6063,4765,AMER,Manufacturing,Standard,12,13991,11520,Simulated
ACC_0915,BizCorp_0915,2026-06-01,2,2666,2322,AMER,Manufacturing,Standard,12,13991,11520,Simulated
ACC_0915,BizCorp_0915,2026-07-01,1,1458,1161,AMER,Manufacturing,Standard,12,13991,11520,Simulated
ACC_0915,BizCorp_0915,2026-08-01,1,668,580,AMER,Manufacturing,Standard,12,13991,11520,Simulated
ACC_0916,BizCorp_0916,2026-03-01,133,324813,260742,APAC,Technology,Enterprise,211,264701,113940,Simulated
ACC_0916,BizCorp_0916,2026-04-01,119,353481,311413,APAC,Technology,Enterprise,211,264701,113940,Simulated
ACC_0916,BizCorp_0916,2026-05-01,131,327081,291703,APAC,Technology,Enterprise,211,264701,113940,Simulated
ACC_0916,BizCorp_0916,2026-06-01,116,340724,290176,APAC,Technology,Enterprise,211,264701,113940,Simulated
ACC_0916,BizCorp_0916,2026-07-01,137,322354,286757,APAC,Technology,Enterprise,211,264701,113940,Simulated
ACC_0916,BizCorp_0916,2026-08-01,127,318421,286494,APAC,Technology,Enterprise,211,264701,113940,Simulated
ACC_0917,BizCorp_0917,2026-03-01,139,286237,225841,APAC,Financial Services,Enterprise,177,293229,95580,Simulated
ACC_0917,BizCorp_0917,2026-04-01,140,271056,244973,APAC,Financial Services,Enterprise,177,293229,95580,Simulated
ACC_0917,BizCorp_0917,2026-05-01,134,251723,212431,APAC,Financial Services,Enterprise,177,293229,95580,Simulated
ACC_0917,BizCorp_0917,2026-06-01,71,146558,120553,APAC,Financial Services,Enterprise,177,293229,95580,Simulated
ACC_0917,BizCorp_0917,2026-07-01,35,68803,60276,APAC,Financial Services,Enterprise,177,293229,95580,Simulated
ACC_0917,BizCorp_0917,2026-08-01,17,38314,30138,APAC,Financial Services,Enterprise,177,293229,95580,Simulated
ACC_0918,BizCorp_0918,2026-03-01,9,7037,5427,AMER,Technology,Standard,10,11063,9600,Simulated
ACC_0918,BizCorp_0918,2026-04-01,10,5244,4036,AMER,Technology,Standard,10,11063,9600,Simulated
ACC_0918,BizCorp_0918,2026-05-01,10,5045,4278,AMER,Technology,Standard,10,11063,9600,Simulated
ACC_0918,BizCorp_0918,2026-06-01,9,4887,4126,AMER,Technology,Standard,10,11063,9600,Simulated
ACC_0918,BizCorp_0918,2026-07-01,8,4912,4118,AMER,Technology,Standard,10,11063,9600,Simulated
ACC_0918,BizCorp_0918,2026-08-01,10,4623,4044,AMER,Technology,Standard,10,11063,9600,Simulated
ACC_0919,BizCorp_0919,2026-03-01,63,82635,70720,AMER,Financial Services,Premium,133,100880,95760,Simulated
ACC_0919,BizCorp_0919,2026-04-01,53,85848,70561,AMER,Financial Services,Premium,133,100880,95760,Simulated
ACC_0919,BizCorp_0919,2026-05-01,55,95253,79926,AMER,Financial Services,Premium,133,100880,95760,Simulated
ACC_0919,BizCorp_0919,2026-06-01,55,93152,76636,AMER,Financial Services,Premium,133,100880,95760,Simulated
ACC_0919,BizCorp_0919,2026-07-01,62,108115,90998,AMER,Financial Services,Premium,133,100880,95760,Simulated
ACC_0919,BizCorp_0919,2026-08-01,59,105630,89016,AMER,Financial Services,Premium,133,100880,95760,Simulated
ACC_0920,BizCorp_0920,2026-03-01,40,18357,14706,EMEA,Technology,Premium,81,38149,58320,Simulated
ACC_0920,BizCorp_0920,2026-04-01,45,15210,13676,EMEA,Technology,Premium,81,38149,58320,Simulated
ACC_0920,BizCorp_0920,2026-05-01,46,18258,14935,EMEA,Technology,Premium,81,38149,58320,Simulated
ACC_0920,BizCorp_0920,2026-06-01,47,16955,13676,EMEA,Technology,Premium,81,38149,58320,Simulated
ACC_0920,BizCorp_0920,2026-07-01,40,16754,14887,EMEA,Technology,Premium,81,38149,58320,Simulated
ACC_0920,BizCorp_0920,2026-08-01,44,19850,16561,EMEA,Technology,Premium,81,38149,58320,Simulated
ACC_0921,BizCorp_0921,2026-03-01,26,20465,16633,AMER,Financial Services,Premium,28,46121,20160,Simulated
ACC_0921,BizCorp_0921,2026-04-01,23,24798,19628,AMER,Financial Services,Premium,28,46121,20160,Simulated
ACC_0921,BizCorp_0921,2026-05-01,22,24804,19944,AMER,Financial Services,Premium,28,46121,20160,Simulated
ACC_0921,BizCorp_0921,2026-06-01,24,23955,18940,AMER,Financial Services,Premium,28,46121,20160,Simulated
ACC_0921,BizCorp_0921,2026-07-01,24,20065,16328,AMER,Financial Services,Premium,28,46121,20160,Simulated
ACC_0921,BizCorp_0921,2026-08-01,23,19814,16542,AMER,Financial Services,Premium,28,46121,20160,Simulated
ACC_0922,BizCorp_0922,2026-03-01,150,295871,255002,AMER,Logistics,Enterprise,252,546118,136080,Simulated
ACC_0922,BizCorp_0922,2026-04-01,135,350982,270248,AMER,Logistics,Enterprise,252,546118,136080,Simulated
ACC_0922,BizCorp_0922,2026-05-01,157,306637,277666,AMER,Logistics,Enterprise,252,546118,136080,Simulated
ACC_0922,BizCorp_0922,2026-06-01,75,139457,125760,AMER,Logistics,Enterprise,252,546118,136080,Simulated
ACC_0922,BizCorp_0922,2026-07-01,37,69296,62880,AMER,Logistics,Enterprise,252,546118,136080,Simulated
ACC_0922,BizCorp_0922,2026-08-01,18,39079,31440,AMER,Logistics,Enterprise,252,546118,136080,Simulated
ACC_0923,BizCorp_0923,2026-03-01,2,8372,7362,APAC,Retail,Standard,3,20324,2880,Simulated
ACC_0923,BizCorp_0923,2026-04-01,2,10364,8193,APAC,Retail,Standard,3,20324,2880,Simulated
ACC_0923,BizCorp_0923,2026-05-01,3,11412,9324,APAC,Retail,Standard,3,20324,2880,Simulated
ACC_0923,BizCorp_0923,2026-06-01,2,11070,8630,APAC,Retail,Standard,3,20324,2880,Simulated
ACC_0923,BizCorp_0923,2026-07-01,3,8696,7687,APAC,Retail,Standard,3,20324,2880,Simulated
ACC_0923,BizCorp_0923,2026-08-01,3,8936,7876,APAC,Retail,Standard,3,20324,2880,Simulated
ACC_0924,BizCorp_0924,2026-03-01,200,159189,129381,APAC,Technology,Enterprise,338,137947,182520,Simulated
ACC_0924,BizCorp_0924,2026-04-01,207,165350,148713,APAC,Technology,Enterprise,338,137947,182520,Simulated
ACC_0924,BizCorp_0924,2026-05-01,220,186510,143706,APAC,Technology,Enterprise,338,137947,182520,Simulated
ACC_0924,BizCorp_0924,2026-06-01,205,181039,146402,APAC,Technology,Enterprise,338,137947,182520,Simulated
ACC_0924,BizCorp_0924,2026-07-01,195,180949,148785,APAC,Technology,Enterprise,338,137947,182520,Simulated
ACC_0924,BizCorp_0924,2026-08-01,228,169957,146899,APAC,Technology,Enterprise,338,137947,182520,Simulated
ACC_0925,BizCorp_0925,2026-03-01,20,40028,34540,EMEA,Healthcare,Premium,37,46969,26640,Simulated
ACC_0925,BizCorp_0925,2026-04-01,20,42583,34950,EMEA,Healthcare,Premium,37,46969,26640,Simulated
ACC_0925,BizCorp_0925,2026-05-01,20,37527,33951,EMEA,Healthcare,Premium,37,46969,26640,Simulated
ACC_0925,BizCorp_0925,2026-06-01,22,43270,33286,EMEA,Healthcare,Premium,37,46969,26640,Simulated
ACC_0925,BizCorp_0925,2026-07-01,20,35647,27566,EMEA,Healthcare,Premium,37,46969,26640,Simulated
ACC_0925,BizCorp_0925,2026-08-01,21,32731,28906,EMEA,Healthcare,Premium,37,46969,26640,Simulated
ACC_0926,BizCorp_0926,2026-03-01,36,19891,15602,AMER,Logistics,Premium,50,33150,36000,Simulated
ACC_0926,BizCorp_0926,2026-04-01,36,16351,14714,AMER,Logistics,Premium,50,33150,36000,Simulated
ACC_0926,BizCorp_0926,2026-05-01,33,22242,18845,AMER,Logistics,Premium,50,33150,36000,Simulated
ACC_0926,BizCorp_0926,2026-06-01,32,19883,16330,AMER,Logistics,Premium,50,33150,36000,Simulated
ACC_0926,BizCorp_0926,2026-07-01,34,15855,14375,AMER,Logistics,Premium,50,33150,36000,Simulated
ACC_0926,BizCorp_0926,2026-08-01,33,20640,17892,AMER,Logistics,Premium,50,33150,36000,Simulated
ACC_0927,BizCorp_0927,2026-03-01,263,217513,194285,AMER,Retail,Enterprise,584,277875,315360,Simulated
ACC_0927,BizCorp_0927,2026-04-01,251,183169,164248,AMER,Retail,Enterprise,584,277875,315360,Simulated
ACC_0927,BizCorp_0927,2026-05-01,257,193319,168628,AMER,Retail,Enterprise,584,277875,315360,Simulated
ACC_0927,BizCorp_0927,2026-06-01,266,244230,192157,AMER,Retail,Enterprise,584,277875,315360,Simulated
ACC_0927,BizCorp_0927,2026-07-01,259,197776,160330,AMER,Retail,Enterprise,584,277875,315360,Simulated
ACC_0927,BizCorp_0927,2026-08-01,272,219511,190817,AMER,Retail,Enterprise,584,277875,315360,Simulated
ACC_0928,BizCorp_0928,2026-03-01,337,93908,83542,AMER,Healthcare,Enterprise,599,129080,323460,Simulated
ACC_0928,BizCorp_0928,2026-04-01,396,81527,74055,AMER,Healthcare,Enterprise,599,129080,323460,Simulated
ACC_0928,BizCorp_0928,2026-05-01,380,107793,84486,AMER,Healthcare,Enterprise,599,129080,323460,Simulated
ACC_0928,BizCorp_0928,2026-06-01,403,85863,76155,AMER,Healthcare,Enterprise,599,129080,323460,Simulated
ACC_0928,BizCorp_0928,2026-07-01,340,81338,72547,AMER,Healthcare,Enterprise,599,129080,323460,Simulated
ACC_0928,BizCorp_0928,2026-08-01,362,86423,74096,AMER,Healthcare,Enterprise,599,129080,323460,Simulated
ACC_0929,BizCorp_0929,2026-03-01,33,28623,23532,EMEA,Manufacturing,Premium,48,41539,34560,Simulated
ACC_0929,BizCorp_0929,2026-04-01,29,30831,24310,EMEA,Manufacturing,Premium,48,41539,34560,Simulated
ACC_0929,BizCorp_0929,2026-05-01,32,33271,25923,EMEA,Manufacturing,Premium,48,41539,34560,Simulated
ACC_0929,BizCorp_0929,2026-06-01,31,28080,23533,EMEA,Manufacturing,Premium,48,41539,34560,Simulated
ACC_0929,BizCorp_0929,2026-07-01,35,31694,25391,EMEA,Manufacturing,Premium,48,41539,34560,Simulated
ACC_0929,BizCorp_0929,2026-08-01,34,26446,23641,EMEA,Manufacturing,Premium,48,41539,34560,Simulated
ACC_0930,BizCorp_0930,2026-03-01,14,4813,3742,AMER,Financial Services,Standard,15,9053,14400,Simulated
ACC_0930,BizCorp_0930,2026-04-01,14,5066,4062,AMER,Financial Services,Standard,15,9053,14400,Simulated
ACC_0930,BizCorp_0930,2026-05-01,14,4495,3720,AMER,Financial Services,Standard,15,9053,14400,Simulated
ACC_0930,BizCorp_0930,2026-06-01,13,4751,3873,AMER,Financial Services,Standard,15,9053,14400,Simulated
ACC_0930,BizCorp_0930,2026-07-01,14,4105,3596,AMER,Financial Services,Standard,15,9053,14400,Simulated
ACC_0930,BizCorp_0930,2026-08-01,12,4339,3563,AMER,Financial Services,Standard,15,9053,14400,Simulated
ACC_0931,BizCorp_0931,2026-03-01,38,30651,26241,APAC,Logistics,Premium,88,139044,63360,Simulated
ACC_0931,BizCorp_0931,2026-04-01,39,41039,31764,APAC,Logistics,Premium,88,139044,63360,Simulated
ACC_0931,BizCorp_0931,2026-05-01,36,39367,33742,APAC,Logistics,Premium,88,139044,63360,Simulated
ACC_0931,BizCorp_0931,2026-06-01,45,43601,36314,APAC,Logistics,Premium,88,139044,63360,Simulated
ACC_0931,BizCorp_0931,2026-07-01,54,54769,43576,APAC,Logistics,Premium,88,139044,63360,Simulated
ACC_0931,BizCorp_0931,2026-08-01,65,65210,52292,APAC,Logistics,Premium,88,139044,63360,Simulated
ACC_0932,BizCorp_0932,2026-03-01,314,115834,97549,APAC,Technology,Enterprise,635,142755,342900,Simulated
ACC_0932,BizCorp_0932,2026-04-01,304,115465,91806,APAC,Technology,Enterprise,635,142755,342900,Simulated
ACC_0932,BizCorp_0932,2026-05-01,259,121898,103341,APAC,Technology,Enterprise,635,142755,342900,Simulated
ACC_0932,BizCorp_0932,2026-06-01,266,119838,105710,APAC,Technology,Enterprise,635,142755,342900,Simulated
ACC_0932,BizCorp_0932,2026-07-01,276,118486,94334,APAC,Technology,Enterprise,635,142755,342900,Simulated
ACC_0932,BizCorp_0932,2026-08-01,309,123243,110430,APAC,Technology,Enterprise,635,142755,342900,Simulated
ACC_0933,BizCorp_0933,2026-03-01,93,199774,159692,APAC,Retail,Enterprise,332,426622,179280,Simulated
ACC_0933,BizCorp_0933,2026-04-01,100,201223,159807,APAC,Retail,Enterprise,332,426622,179280,Simulated
ACC_0933,BizCorp_0933,2026-05-01,108,203311,162469,APAC,Retail,Enterprise,332,426622,179280,Simulated
ACC_0933,BizCorp_0933,2026-06-01,120,260380,200637,APAC,Retail,Enterprise,332,426622,179280,Simulated
ACC_0933,BizCorp_0933,2026-07-01,144,286375,240764,APAC,Retail,Enterprise,332,426622,179280,Simulated
ACC_0933,BizCorp_0933,2026-08-01,172,349732,288917,APAC,Retail,Enterprise,332,426622,179280,Simulated
ACC_0934,BizCorp_0934,2026-03-01,39,23143,18220,APAC,Retail,Premium,67,31108,48240,Simulated
ACC_0934,BizCorp_0934,2026-04-01,39,24633,19179,APAC,Retail,Premium,67,31108,48240,Simulated
ACC_0934,BizCorp_0934,2026-05-01,38,24727,21786,APAC,Retail,Premium,67,31108,48240,Simulated
ACC_0934,BizCorp_0934,2026-06-01,37,22606,18225,APAC,Retail,Premium,67,31108,48240,Simulated
ACC_0934,BizCorp_0934,2026-07-01,41,23819,19229,APAC,Retail,Premium,67,31108,48240,Simulated
ACC_0934,BizCorp_0934,2026-08-01,38,22840,20763,APAC,Retail,Premium,67,31108,48240,Simulated
ACC_0935,BizCorp_0935,2026-03-01,286,69681,61284,EMEA,Healthcare,Enterprise,514,125810,277560,Simulated
ACC_0935,BizCorp_0935,2026-04-01,280,64872,58556,EMEA,Healthcare,Enterprise,514,125810,277560,Simulated
ACC_0935,BizCorp_0935,2026-05-01,294,71863,64743,EMEA,Healthcare,Enterprise,514,125810,277560,Simulated
ACC_0935,BizCorp_0935,2026-06-01,141,39184,31296,EMEA,Healthcare,Enterprise,514,125810,277560,Simulated
ACC_0935,BizCorp_0935,2026-07-01,70,19012,15648,EMEA,Healthcare,Enterprise,514,125810,277560,Simulated
ACC_0935,BizCorp_0935,2026-08-01,35,8990,7824,EMEA,Healthcare,Enterprise,514,125810,277560,Simulated
ACC_0936,BizCorp_0936,2026-03-01,21,31328,28004,APAC,Logistics,Premium,38,56082,27360,Simulated
ACC_0936,BizCorp_0936,2026-04-01,24,29622,23317,APAC,Logistics,Premium,38,56082,27360,Simulated
ACC_0936,BizCorp_0936,2026-05-01,23,27414,24826,APAC,Logistics,Premium,38,56082,27360,Simulated
ACC_0936,BizCorp_0936,2026-06-01,22,30971,25143,APAC,Logistics,Premium,38,56082,27360,Simulated
ACC_0936,BizCorp_0936,2026-07-01,21,26669,23766,APAC,Logistics,Premium,38,56082,27360,Simulated
ACC_0936,BizCorp_0936,2026-08-01,23,31464,24812,APAC,Logistics,Premium,38,56082,27360,Simulated
ACC_0937,BizCorp_0937,2026-03-01,379,140143,116288,APAC,Technology,Enterprise,929,745973,501660,Simulated
ACC_0937,BizCorp_0937,2026-04-01,422,131600,108359,APAC,Technology,Enterprise,929,745973,501660,Simulated
ACC_0937,BizCorp_0937,2026-05-01,366,132252,114576,APAC,Technology,Enterprise,929,745973,501660,Simulated
ACC_0937,BizCorp_0937,2026-06-01,465,170412,152423,APAC,Technology,Enterprise,929,745973,501660,Simulated
ACC_0937,BizCorp_0937,2026-07-01,491,231419,182907,APAC,Technology,Enterprise,929,745973,501660,Simulated
ACC_0937,BizCorp_0937,2026-08-01,491,270368,219489,APAC,Technology,Enterprise,929,745973,501660,Simulated
ACC_0938,BizCorp_0938,2026-03-01,104,88974,75270,EMEA,Retail,Enterprise,188,107189,101520,Simulated
ACC_0938,BizCorp_0938,2026-04-01,88,114525,93609,EMEA,Retail,Enterprise,188,107189,101520,Simulated
ACC_0938,BizCorp_0938,2026-05-01,93,86252,72661,EMEA,Retail,Enterprise,188,107189,101520,Simulated
ACC_0938,BizCorp_0938,2026-06-01,90,84339,75315,EMEA,Retail,Enterprise,188,107189,101520,Simulated
ACC_0938,BizCorp_0938,2026-07-01,94,107294,92692,EMEA,Retail,Enterprise,188,107189,101520,Simulated
ACC_0938,BizCorp_0938,2026-08-01,105,85441,75230,EMEA,Retail,Enterprise,188,107189,101520,Simulated
ACC_0939,BizCorp_0939,2026-03-01,166,211851,165657,APAC,Technology,Enterprise,454,404482,245160,Simulated
ACC_0939,BizCorp_0939,2026-04-01,179,176486,142499,APAC,Technology,Enterprise,454,404482,245160,Simulated
ACC_0939,BizCorp_0939,2026-05-01,181,170951,150484,APAC,Technology,Enterprise,454,404482,245160,Simulated
ACC_0939,BizCorp_0939,2026-06-01,205,226739,175097,APAC,Technology,Enterprise,454,404482,245160,Simulated
ACC_0939,BizCorp_0939,2026-07-01,246,265535,210116,APAC,Technology,Enterprise,454,404482,245160,Simulated
ACC_0939,BizCorp_0939,2026-08-01,258,321729,252139,APAC,Technology,Enterprise,454,404482,245160,Simulated
ACC_0940,BizCorp_0940,2026-03-01,51,28312,25646,AMER,Retail,Premium,108,44929,77760,Simulated
ACC_0940,BizCorp_0940,2026-04-01,51,34133,27888,AMER,Retail,Premium,108,44929,77760,Simulated
ACC_0940,BizCorp_0940,2026-05-01,56,28236,22781,AMER,Retail,Premium,108,44929,77760,Simulated
ACC_0940,BizCorp_0940,2026-06-01,50,27577,22752,AMER,Retail,Premium,108,44929,77760,Simulated
ACC_0940,BizCorp_0940,2026-07-01,55,27100,23495,AMER,Retail,Premium,108,44929,77760,Simulated
ACC_0940,BizCorp_0940,2026-08-01,58,26246,22749,AMER,Retail,Premium,108,44929,77760,Simulated
ACC_0941,BizCorp_0941,2026-03-01,19,42371,36809,EMEA,Technology,Premium,49,55933,35280,Simulated
ACC_0941,BizCorp_0941,2026-04-01,19,49589,43764,EMEA,Technology,Premium,49,55933,35280,Simulated
ACC_0941,BizCorp_0941,2026-05-01,20,48361,41196,EMEA,Technology,Premium,49,55933,35280,Simulated
ACC_0941,BizCorp_0941,2026-06-01,23,52326,45697,EMEA,Technology,Premium,49,55933,35280,Simulated
ACC_0941,BizCorp_0941,2026-07-01,27,69554,54836,EMEA,Technology,Premium,49,55933,35280,Simulated
ACC_0941,BizCorp_0941,2026-08-01,27,74185,65804,EMEA,Technology,Premium,49,55933,35280,Simulated
ACC_0942,BizCorp_0942,2026-03-01,65,205953,165928,APAC,Retail,Premium,129,403842,92880,Simulated
ACC_0942,BizCorp_0942,2026-04-01,64,186624,144507,APAC,Retail,Premium,129,403842,92880,Simulated
ACC_0942,BizCorp_0942,2026-05-01,71,198151,155428,APAC,Retail,Premium,129,403842,92880,Simulated
ACC_0942,BizCorp_0942,2026-06-01,71,199474,159786,APAC,Retail,Premium,129,403842,92880,Simulated
ACC_0942,BizCorp_0942,2026-07-01,66,184956,148533,APAC,Retail,Premium,129,403842,92880,Simulated
ACC_0942,BizCorp_0942,2026-08-01,66,224016,183518,APAC,Retail,Premium,129,403842,92880,Simulated
ACC_0943,BizCorp_0943,2026-03-01,10,5844,4930,APAC,Technology,Standard,17,7792,16320,Simulated
ACC_0943,BizCorp_0943,2026-04-01,10,7191,5861,APAC,Technology,Standard,17,7792,16320,Simulated
ACC_0943,BizCorp_0943,2026-05-01,11,5932,4981,APAC,Technology,Standard,17,7792,16320,Simulated
ACC_0943,BizCorp_0943,2026-06-01,11,6174,5345,APAC,Technology,Standard,17,7792,16320,Simulated
ACC_0943,BizCorp_0943,2026-07-01,10,6044,5144,APAC,Technology,Standard,17,7792,16320,Simulated
ACC_0943,BizCorp_0943,2026-08-01,10,6437,5232,APAC,Technology,Standard,17,7792,16320,Simulated
ACC_0944,BizCorp_0944,2026-03-01,6,3570,2889,APAC,Financial Services,Standard,11,2826,10560,Simulated
ACC_0944,BizCorp_0944,2026-04-01,6,3250,2685,APAC,Financial Services,Standard,11,2826,10560,Simulated
ACC_0944,BizCorp_0944,2026-05-01,7,3702,3325,APAC,Financial Services,Standard,11,2826,10560,Simulated
ACC_0944,BizCorp_0944,2026-06-01,3,1797,1459,APAC,Financial Services,Standard,11,2826,10560,Simulated
ACC_0944,BizCorp_0944,2026-07-01,1,930,729,APAC,Financial Services,Standard,11,2826,10560,Simulated
ACC_0944,BizCorp_0944,2026-08-01,1,406,364,APAC,Financial Services,Standard,11,2826,10560,Simulated
ACC_0945,BizCorp_0945,2026-03-01,68,38253,33858,APAC,Financial Services,Premium,95,52962,68400,Simulated
ACC_0945,BizCorp_0945,2026-04-01,67,38503,31680,APAC,Financial Services,Premium,95,52962,68400,Simulated
ACC_0945,BizCorp_0945,2026-05-01,62,37647,32410,APAC,Financial Services,Premium,95,52962,68400,Simulated
ACC_0945,BizCorp_0945,2026-06-01,33,16579,14961,APAC,Financial Services,Premium,95,52962,68400,Simulated
ACC_0945,BizCorp_0945,2026-07-01,16,8907,7480,APAC,Financial Services,Premium,95,52962,68400,Simulated
ACC_0945,BizCorp_0945,2026-08-01,8,4743,3740,APAC,Financial Services,Premium,95,52962,68400,Simulated
ACC_0946,BizCorp_0946,2026-03-01,76,125404,105766,AMER,Logistics,Enterprise,136,256258,73440,Simulated
ACC_0946,BizCorp_0946,2026-04-01,76,105050,84638,AMER,Logistics,Enterprise,136,256258,73440,Simulated
ACC_0946,BizCorp_0946,2026-05-01,77,134687,110542,AMER,Logistics,Enterprise,136,256258,73440,Simulated
ACC_0946,BizCorp_0946,2026-06-01,94,135561,117969,AMER,Logistics,Enterprise,136,256258,73440,Simulated
ACC_0946,BizCorp_0946,2026-07-01,113,156484,141562,AMER,Logistics,Enterprise,136,256258,73440,Simulated
ACC_0946,BizCorp_0946,2026-08-01,136,203274,169875,AMER,Logistics,Enterprise,136,256258,73440,Simulated
ACC_0947,BizCorp_0947,2026-03-01,124,110593,86568,AMER,Technology,Enterprise,347,125915,187380,Simulated
ACC_0947,BizCorp_0947,2026-04-01,117,104857,92255,AMER,Technology,Enterprise,347,125915,187380,Simulated
ACC_0947,BizCorp_0947,2026-05-01,119,101023,79451,AMER,Technology,Enterprise,347,125915,187380,Simulated
ACC_0947,BizCorp_0947,2026-06-01,152,125631,97978,AMER,Technology,Enterprise,347,125915,187380,Simulated
ACC_0947,BizCorp_0947,2026-07-01,183,144435,117573,AMER,Technology,Enterprise,347,125915,187380,Simulated
ACC_0947,BizCorp_0947,2026-08-01,191,177096,141088,AMER,Technology,Enterprise,347,125915,187380,Simulated
ACC_0948,BizCorp_0948,2026-03-01,13,5105,4464,APAC,Healthcare,Standard,22,9630,21120,Simulated
ACC_0948,BizCorp_0948,2026-04-01,14,6054,4799,APAC,Healthcare,Standard,22,9630,21120,Simulated
ACC_0948,BizCorp_0948,2026-05-01,12,5155,4518,APAC,Healthcare,Standard,22,9630,21120,Simulated
ACC_0948,BizCorp_0948,2026-06-01,13,5417,4291,APAC,Healthcare,Standard,22,9630,21120,Simulated
ACC_0948,BizCorp_0948,2026-07-01,13,6143,4823,APAC,Healthcare,Standard,22,9630,21120,Simulated
ACC_0948,BizCorp_0948,2026-08-01,13,5348,4533,APAC,Healthcare,Standard,22,9630,21120,Simulated
ACC_0949,BizCorp_0949,2026-03-01,378,137582,112096,AMER,Technology,Enterprise,631,241468,340740,Simulated
ACC_0949,BizCorp_0949,2026-04-01,359,101807,90609,AMER,Technology,Enterprise,631,241468,340740,Simulated
ACC_0949,BizCorp_0949,2026-05-01,350,119971,94370,AMER,Technology,Enterprise,631,241468,340740,Simulated
ACC_0949,BizCorp_0949,2026-06-01,177,60181,50807,AMER,Technology,Enterprise,631,241468,340740,Simulated
ACC_0949,BizCorp_0949,2026-07-01,88,31500,25403,AMER,Technology,Enterprise,631,241468,340740,Simulated
ACC_0949,BizCorp_0949,2026-08-01,44,14168,12701,AMER,Technology,Enterprise,631,241468,340740,Simulated
ACC_0950,BizCorp_0950,2026-03-01,11,6636,5235,APAC,Logistics,Standard,18,13476,17280,Simulated
ACC_0950,BizCorp_0950,2026-04-01,12,6311,5573,APAC,Logistics,Standard,18,13476,17280,Simulated
ACC_0950,BizCorp_0950,2026-05-01,13,7713,6045,APAC,Logistics,Standard,18,13476,17280,Simulated
ACC_0950,BizCorp_0950,2026-06-01,14,8232,6890,APAC,Logistics,Standard,18,13476,17280,Simulated
ACC_0950,BizCorp_0950,2026-07-01,17,10654,8268,APAC,Logistics,Standard,18,13476,17280,Simulated
ACC_0950,BizCorp_0950,2026-08-01,18,12065,9922,APAC,Logistics,Standard,18,13476,17280,Simulated
ACC_0951,BizCorp_0951,2026-03-01,50,13049,10755,APAC,Logistics,Premium,82,18719,59040,Simulated
ACC_0951,BizCorp_0951,2026-04-01,49,10319,9181,APAC,Logistics,Premium,82,18719,59040,Simulated
ACC_0951,BizCorp_0951,2026-05-01,46,14025,10846,APAC,Logistics,Premium,82,18719,59040,Simulated
ACC_0951,BizCorp_0951,2026-06-01,52,12683,11061,APAC,Logistics,Premium,82,18719,59040,Simulated
ACC_0951,BizCorp_0951,2026-07-01,45,14069,10954,APAC,Logistics,Premium,82,18719,59040,Simulated
ACC_0951,BizCorp_0951,2026-08-01,49,13026,11214,APAC,Logistics,Premium,82,18719,59040,Simulated
ACC_0952,BizCorp_0952,2026-03-01,6,3160,2551,APAC,Financial Services,Standard,10,6252,9600,Simulated
ACC_0952,BizCorp_0952,2026-04-01,7,3644,3178,APAC,Financial Services,Standard,10,6252,9600,Simulated
ACC_0952,BizCorp_0952,2026-05-01,8,3378,2944,APAC,Financial Services,Standard,10,6252,9600,Simulated
ACC_0952,BizCorp_0952,2026-06-01,3,1629,1398,APAC,Financial Services,Standard,10,6252,9600,Simulated
ACC_0952,BizCorp_0952,2026-07-01,1,864,699,APAC,Financial Services,Standard,10,6252,9600,Simulated
ACC_0952,BizCorp_0952,2026-08-01,1,428,349,APAC,Financial Services,Standard,10,6252,9600,Simulated
ACC_0953,BizCorp_0953,2026-03-01,2,3056,2569,AMER,Retail,Standard,3,4818,2880,Simulated
ACC_0953,BizCorp_0953,2026-04-01,2,2573,2313,AMER,Retail,Standard,3,4818,2880,Simulated
ACC_0953,BizCorp_0953,2026-05-01,2,2586,2273,AMER,Retail,Standard,3,4818,2880,Simulated
ACC_0953,BizCorp_0953,2026-06-01,2,3112,2581,AMER,Retail,Standard,3,4818,2880,Simulated
ACC_0953,BizCorp_0953,2026-07-01,2,2537,2093,AMER,Retail,Standard,3,4818,2880,Simulated
ACC_0953,BizCorp_0953,2026-08-01,2,2996,2433,AMER,Retail,Standard,3,4818,2880,Simulated
ACC_0954,BizCorp_0954,2026-03-01,9,8241,6518,EMEA,Healthcare,Standard,9,6212,8640,Simulated
ACC_0954,BizCorp_0954,2026-04-01,7,7379,6575,EMEA,Healthcare,Standard,9,6212,8640,Simulated
ACC_0954,BizCorp_0954,2026-05-01,8,7516,6826,EMEA,Healthcare,Standard,9,6212,8640,Simulated
ACC_0954,BizCorp_0954,2026-06-01,8,8078,6999,EMEA,Healthcare,Standard,9,6212,8640,Simulated
ACC_0954,BizCorp_0954,2026-07-01,8,6953,5447,EMEA,Healthcare,Standard,9,6212,8640,Simulated
ACC_0954,BizCorp_0954,2026-08-01,8,8551,6832,EMEA,Healthcare,Standard,9,6212,8640,Simulated
ACC_0955,BizCorp_0955,2026-03-01,7,10307,8026,APAC,Financial Services,Standard,9,16991,8640,Simulated
ACC_0955,BizCorp_0955,2026-04-01,7,10231,8313,APAC,Financial Services,Standard,9,16991,8640,Simulated
ACC_0955,BizCorp_0955,2026-05-01,6,8126,6310,APAC,Financial Services,Standard,9,16991,8640,Simulated
ACC_0955,BizCorp_0955,2026-06-01,7,7289,6562,APAC,Financial Services,Standard,9,16991,8640,Simulated
ACC_0955,BizCorp_0955,2026-07-01,7,8158,6654,APAC,Financial Services,Standard,9,16991,8640,Simulated
ACC_0955,BizCorp_0955,2026-08-01,6,9428,8265,APAC,Financial Services,Standard,9,16991,8640,Simulated
ACC_0956,BizCorp_0956,2026-03-01,4,3730,3296,EMEA,Technology,Standard,6,7623,5760,Simulated
ACC_0956,BizCorp_0956,2026-04-01,3,4396,3410,EMEA,Technology,Standard,6,7623,5760,Simulated
ACC_0956,BizCorp_0956,2026-05-01,4,4968,3962,EMEA,Technology,Standard,6,7623,5760,Simulated
ACC_0956,BizCorp_0956,2026-06-01,4,4869,4179,EMEA,Technology,Standard,6,7623,5760,Simulated
ACC_0956,BizCorp_0956,2026-07-01,4,4384,3972,EMEA,Technology,Standard,6,7623,5760,Simulated
ACC_0956,BizCorp_0956,2026-08-01,3,4619,3799,EMEA,Technology,Standard,6,7623,5760,Simulated
ACC_0957,BizCorp_0957,2026-03-01,69,25640,22939,EMEA,Logistics,Premium,87,39035,62640,Simulated
ACC_0957,BizCorp_0957,2026-04-01,66,24168,18773,EMEA,Logistics,Premium,87,39035,62640,Simulated
ACC_0957,BizCorp_0957,2026-05-01,70,30034,23521,EMEA,Logistics,Premium,87,39035,62640,Simulated
ACC_0957,BizCorp_0957,2026-06-01,33,12986,11034,EMEA,Logistics,Premium,87,39035,62640,Simulated
ACC_0957,BizCorp_0957,2026-07-01,16,6190,5517,EMEA,Logistics,Premium,87,39035,62640,Simulated
ACC_0957,BizCorp_0957,2026-08-01,8,3474,2758,EMEA,Logistics,Premium,87,39035,62640,Simulated
ACC_0958,BizCorp_0958,2026-03-01,19,12767,11572,AMER,Retail,Premium,47,19098,33840,Simulated
ACC_0958,BizCorp_0958,2026-04-01,21,15746,12832,AMER,Retail,Premium,47,19098,33840,Simulated
ACC_0958,BizCorp_0958,2026-05-01,22,17680,14930,AMER,Retail,Premium,47,19098,33840,Simulated
ACC_0958,BizCorp_0958,2026-06-01,25,19261,15603,AMER,Retail,Premium,47,19098,33840,Simulated
ACC_0958,BizCorp_0958,2026-07-01,30,23899,18723,AMER,Retail,Premium,47,19098,33840,Simulated
ACC_0958,BizCorp_0958,2026-08-01,36,25975,22468,AMER,Retail,Premium,47,19098,33840,Simulated
ACC_0959,BizCorp_0959,2026-03-01,5,6503,5652,AMER,Healthcare,Standard,5,8617,4800,Simulated
ACC_0959,BizCorp_0959,2026-04-01,5,8393,6583,AMER,Healthcare,Standard,5,8617,4800,Simulated
ACC_0959,BizCorp_0959,2026-05-01,5,6017,5460,AMER,Healthcare,Standard,5,8617,4800,Simulated
ACC_0959,BizCorp_0959,2026-06-01,5,8778,6826,AMER,Healthcare,Standard,5,8617,4800,Simulated
ACC_0959,BizCorp_0959,2026-07-01,4,7157,5612,AMER,Healthcare,Standard,5,8617,4800,Simulated
ACC_0959,BizCorp_0959,2026-08-01,5,7821,6426,AMER,Healthcare,Standard,5,8617,4800,Simulated
ACC_0960,BizCorp_0960,2026-03-01,6,4743,3700,APAC,Logistics,Standard,13,5199,12480,Simulated
ACC_0960,BizCorp_0960,2026-04-01,7,5018,3973,APAC,Logistics,Standard,13,5199,12480,Simulated
ACC_0960,BizCorp_0960,2026-05-01,7,4445,3782,APAC,Logistics,Standard,13,5199,12480,Simulated
ACC_0960,BizCorp_0960,2026-06-01,7,4463,3477,APAC,Logistics,Standard,13,5199,12480,Simulated
ACC_0960,BizCorp_0960,2026-07-01,6,4434,3936,APAC,Logistics,Standard,13,5199,12480,Simulated
ACC_0960,BizCorp_0960,2026-08-01,7,4790,4322,APAC,Logistics,Standard,13,5199,12480,Simulated
ACC_0961,BizCorp_0961,2026-03-01,166,152419,122921,APAC,Technology,Enterprise,243,238298,131220,Simulated
ACC_0961,BizCorp_0961,2026-04-01,186,155904,124150,APAC,Technology,Enterprise,243,238298,131220,Simulated
ACC_0961,BizCorp_0961,2026-05-01,167,112156,97645,APAC,Technology,Enterprise,243,238298,131220,Simulated
ACC_0961,BizCorp_0961,2026-06-01,87,67391,57110,APAC,Technology,Enterprise,243,238298,131220,Simulated
ACC_0961,BizCorp_0961,2026-07-01,43,35417,28555,APAC,Technology,Enterprise,243,238298,131220,Simulated
ACC_0961,BizCorp_0961,2026-08-01,21,18104,14277,APAC,Technology,Enterprise,243,238298,131220,Simulated
ACC_0962,BizCorp_0962,2026-03-01,196,102682,89308,APAC,Retail,Enterprise,381,77374,205740,Simulated
ACC_0962,BizCorp_0962,2026-04-01,189,103760,87932,APAC,Retail,Enterprise,381,77374,205740,Simulated
ACC_0962,BizCorp_0962,2026-05-01,180,79510,70649,APAC,Retail,Enterprise,381,77374,205740,Simulated
ACC_0962,BizCorp_0962,2026-06-01,191,94511,74928,APAC,Retail,Enterprise,381,77374,205740,Simulated
ACC_0962,BizCorp_0962,2026-07-01,198,97198,80610,APAC,Retail,Enterprise,381,77374,205740,Simulated
ACC_0962,BizCorp_0962,2026-08-01,185,79589,67761,APAC,Retail,Enterprise,381,77374,205740,Simulated
ACC_0963,BizCorp_0963,2026-03-01,60,42960,33536,APAC,Retail,Premium,131,66112,94320,Simulated
ACC_0963,BizCorp_0963,2026-04-01,51,29924,25992,APAC,Retail,Premium,131,66112,94320,Simulated
ACC_0963,BizCorp_0963,2026-05-01,56,32888,29024,APAC,Retail,Premium,131,66112,94320,Simulated
ACC_0963,BizCorp_0963,2026-06-01,27,17757,15021,APAC,Retail,Premium,131,66112,94320,Simulated
ACC_0963,BizCorp_0963,2026-07-01,13,9192,7510,APAC,Retail,Premium,131,66112,94320,Simulated
ACC_0963,BizCorp_0963,2026-08-01,6,4138,3755,APAC,Retail,Premium,131,66112,94320,Simulated
ACC_0964,BizCorp_0964,2026-03-01,4,4407,3730,APAC,Manufacturing,Standard,11,5368,10560,Simulated
ACC_0964,BizCorp_0964,2026-04-01,4,4257,3484,APAC,Manufacturing,Standard,11,5368,10560,Simulated
ACC_0964,BizCorp_0964,2026-05-01,4,4980,4082,APAC,Manufacturing,Standard,11,5368,10560,Simulated
ACC_0964,BizCorp_0964,2026-06-01,5,5543,4385,APAC,Manufacturing,Standard,11,5368,10560,Simulated
ACC_0964,BizCorp_0964,2026-07-01,6,6406,5262,APAC,Manufacturing,Standard,11,5368,10560,Simulated
ACC_0964,BizCorp_0964,2026-08-01,7,7877,6315,APAC,Manufacturing,Standard,11,5368,10560,Simulated
ACC_0965,BizCorp_0965,2026-03-01,9,9654,8182,APAC,Financial Services,Standard,13,9132,12480,Simulated
ACC_0965,BizCorp_0965,2026-04-01,8,9329,7839,APAC,Financial Services,Standard,13,9132,12480,Simulated
ACC_0965,BizCorp_0965,2026-05-01,8,9844,8295,APAC,Financial Services,Standard,13,9132,12480,Simulated
ACC_0965,BizCorp_0965,2026-06-01,8,8212,6815,APAC,Financial Services,Standard,13,9132,12480,Simulated
ACC_0965,BizCorp_0965,2026-07-01,7,10551,8364,APAC,Financial Services,Standard,13,9132,12480,Simulated
ACC_0965,BizCorp_0965,2026-08-01,9,9028,8067,APAC,Financial Services,Standard,13,9132,12480,Simulated
ACC_0966,BizCorp_0966,2026-03-01,161,243049,214907,EMEA,Manufacturing,Enterprise,303,395366,163620,Simulated
ACC_0966,BizCorp_0966,2026-04-01,136,195949,177993,EMEA,Manufacturing,Enterprise,303,395366,163620,Simulated
ACC_0966,BizCorp_0966,2026-05-01,134,241174,196001,EMEA,Manufacturing,Enterprise,303,395366,163620,Simulated
ACC_0966,BizCorp_0966,2026-06-01,152,243714,206576,EMEA,Manufacturing,Enterprise,303,395366,163620,Simulated
ACC_0966,BizCorp_0966,2026-07-01,157,287043,222725,EMEA,Manufacturing,Enterprise,303,395366,163620,Simulated
ACC_0966,BizCorp_0966,2026-08-01,160,241736,196468,EMEA,Manufacturing,Enterprise,303,395366,163620,Simulated
ACC_0967,BizCorp_0967,2026-03-01,3,7505,6563,APAC,Financial Services,Standard,5,15353,4800,Simulated
ACC_0967,BizCorp_0967,2026-04-01,3,7405,5867,APAC,Financial Services,Standard,5,15353,4800,Simulated
ACC_0967,BizCorp_0967,2026-05-01,3,7076,5767,APAC,Financial Services,Standard,5,15353,4800,Simulated
ACC_0967,BizCorp_0967,2026-06-01,3,6979,5729,APAC,Financial Services,Standard,5,15353,4800,Simulated
ACC_0967,BizCorp_0967,2026-07-01,3,8508,6718,APAC,Financial Services,Standard,5,15353,4800,Simulated
ACC_0967,BizCorp_0967,2026-08-01,3,7269,5782,APAC,Financial Services,Standard,5,15353,4800,Simulated
ACC_0968,BizCorp_0968,2026-03-01,6,5458,4829,APAC,Logistics,Standard,12,9828,11520,Simulated
ACC_0968,BizCorp_0968,2026-04-01,6,5294,4181,APAC,Logistics,Standard,12,9828,11520,Simulated
ACC_0968,BizCorp_0968,2026-05-01,6,6667,5134,APAC,Logistics,Standard,12,9828,11520,Simulated
ACC_0968,BizCorp_0968,2026-06-01,6,5767,5147,APAC,Logistics,Standard,12,9828,11520,Simulated
ACC_0968,BizCorp_0968,2026-07-01,7,5660,4624,APAC,Logistics,Standard,12,9828,11520,Simulated
ACC_0968,BizCorp_0968,2026-08-01,6,6621,5141,APAC,Logistics,Standard,12,9828,11520,Simulated
ACC_0969,BizCorp_0969,2026-03-01,21,33698,30611,AMER,Technology,Premium,44,33319,31680,Simulated
ACC_0969,BizCorp_0969,2026-04-01,22,40461,33014,AMER,Technology,Premium,44,33319,31680,Simulated
ACC_0969,BizCorp_0969,2026-05-01,20,42081,35608,AMER,Technology,Premium,44,33319,31680,Simulated
ACC_0969,BizCorp_0969,2026-06-01,24,39312,33697,AMER,Technology,Premium,44,33319,31680,Simulated
ACC_0969,BizCorp_0969,2026-07-01,22,45613,37074,AMER,Technology,Premium,44,33319,31680,Simulated
ACC_0969,BizCorp_0969,2026-08-01,23,45395,39199,AMER,Technology,Premium,44,33319,31680,Simulated
ACC_0970,BizCorp_0970,2026-03-01,7,4889,3936,EMEA,Technology,Standard,13,4819,12480,Simulated
ACC_0970,BizCorp_0970,2026-04-01,7,5954,4836,EMEA,Technology,Standard,13,4819,12480,Simulated
ACC_0970,BizCorp_0970,2026-05-01,7,5583,4396,EMEA,Technology,Standard,13,4819,12480,Simulated
ACC_0970,BizCorp_0970,2026-06-01,6,4401,3674,EMEA,Technology,Standard,13,4819,12480,Simulated
ACC_0970,BizCorp_0970,2026-07-01,6,4585,3824,EMEA,Technology,Standard,13,4819,12480,Simulated
ACC_0970,BizCorp_0970,2026-08-01,8,4364,3687,EMEA,Technology,Standard,13,4819,12480,Simulated
ACC_0971,BizCorp_0971,2026-03-01,8,4384,3460,AMER,Logistics,Standard,14,5341,13440,Simulated
ACC_0971,BizCorp_0971,2026-04-01,8,3314,2908,AMER,Logistics,Standard,14,5341,13440,Simulated
ACC_0971,BizCorp_0971,2026-05-01,8,3376,3047,AMER,Logistics,Standard,14,5341,13440,Simulated
ACC_0971,BizCorp_0971,2026-06-01,8,3500,3021,AMER,Logistics,Standard,14,5341,13440,Simulated
ACC_0971,BizCorp_0971,2026-07-01,9,3702,3112,AMER,Logistics,Standard,14,5341,13440,Simulated
ACC_0971,BizCorp_0971,2026-08-01,8,3274,2837,AMER,Logistics,Standard,14,5341,13440,Simulated
ACC_0972,BizCorp_0972,2026-03-01,30,32880,26202,EMEA,Financial Services,Premium,78,70792,56160,Simulated
ACC_0972,BizCorp_0972,2026-04-01,28,26565,20534,EMEA,Financial Services,Premium,78,70792,56160,Simulated
ACC_0972,BizCorp_0972,2026-05-01,26,30745,25996,EMEA,Financial Services,Premium,78,70792,56160,Simulated
ACC_0972,BizCorp_0972,2026-06-01,35,31597,28332,EMEA,Financial Services,Premium,78,70792,56160,Simulated
ACC_0972,BizCorp_0972,2026-07-01,43,42545,33998,EMEA,Financial Services,Premium,78,70792,56160,Simulated
ACC_0972,BizCorp_0972,2026-08-01,51,45459,40798,EMEA,Financial Services,Premium,78,70792,56160,Simulated
ACC_0973,BizCorp_0973,2026-03-01,240,206733,159640,APAC,Healthcare,Enterprise,486,366213,262440,Simulated
ACC_0973,BizCorp_0973,2026-04-01,212,197431,152787,APAC,Healthcare,Enterprise,486,366213,262440,Simulated
ACC_0973,BizCorp_0973,2026-05-01,216,170728,145994,APAC,Healthcare,Enterprise,486,366213,262440,Simulated
ACC_0973,BizCorp_0973,2026-06-01,277,199812,173208,APAC,Healthcare,Enterprise,486,366213,262440,Simulated
ACC_0973,BizCorp_0973,2026-07-01,333,244577,207849,APAC,Healthcare,Enterprise,486,366213,262440,Simulated
ACC_0973,BizCorp_0973,2026-08-01,355,322828,249419,APAC,Healthcare,Enterprise,486,366213,262440,Simulated
ACC_0974,BizCorp_0974,2026-03-01,34,7788,6663,APAC,Financial Services,Premium,51,6318,36720,Simulated
ACC_0974,BizCorp_0974,2026-04-01,33,7241,5806,APAC,Financial Services,Premium,51,6318,36720,Simulated
ACC_0974,BizCorp_0974,2026-05-01,30,8848,7433,APAC,Financial Services,Premium,51,6318,36720,Simulated
ACC_0974,BizCorp_0974,2026-06-01,31,8538,7245,APAC,Financial Services,Premium,51,6318,36720,Simulated
ACC_0974,BizCorp_0974,2026-07-01,31,7694,6849,APAC,Financial Services,Premium,51,6318,36720,Simulated
ACC_0974,BizCorp_0974,2026-08-01,32,8771,6938,APAC,Financial Services,Premium,51,6318,36720,Simulated
ACC_0975,BizCorp_0975,2026-03-01,3,5313,4819,AMER,Manufacturing,Standard,6,12277,5760,Simulated
ACC_0975,BizCorp_0975,2026-04-01,3,5508,4903,AMER,Manufacturing,Standard,6,12277,5760,Simulated
ACC_0975,BizCorp_0975,2026-05-01,3,4699,3753,AMER,Manufacturing,Standard,6,12277,5760,Simulated
ACC_0975,BizCorp_0975,2026-06-01,3,5762,4766,AMER,Manufacturing,Standard,6,12277,5760,Simulated
ACC_0975,BizCorp_0975,2026-07-01,3,5288,4787,AMER,Manufacturing,Standard,6,12277,5760,Simulated
ACC_0975,BizCorp_0975,2026-08-01,3,5306,4232,AMER,Manufacturing,Standard,6,12277,5760,Simulated
ACC_0976,BizCorp_0976,2026-03-01,3,7548,6103,APAC,Financial Services,Standard,4,10795,3840,Simulated
ACC_0976,BizCorp_0976,2026-04-01,3,8560,6855,APAC,Financial Services,Standard,4,10795,3840,Simulated
ACC_0976,BizCorp_0976,2026-05-01,3,6687,6066,APAC,Financial Services,Standard,4,10795,3840,Simulated
ACC_0976,BizCorp_0976,2026-06-01,3,6677,5387,APAC,Financial Services,Standard,4,10795,3840,Simulated
ACC_0976,BizCorp_0976,2026-07-01,3,7779,6727,APAC,Financial Services,Standard,4,10795,3840,Simulated
ACC_0976,BizCorp_0976,2026-08-01,3,7875,6185,APAC,Financial Services,Standard,4,10795,3840,Simulated
ACC_0977,BizCorp_0977,2026-03-01,76,150846,123545,APAC,Technology,Premium,89,120671,64080,Simulated
ACC_0977,BizCorp_0977,2026-04-01,81,112181,101601,APAC,Technology,Premium,89,120671,64080,Simulated
ACC_0977,BizCorp_0977,2026-05-01,88,153393,122478,APAC,Technology,Premium,89,120671,64080,Simulated
ACC_0977,BizCorp_0977,2026-06-01,87,130850,108941,APAC,Technology,Premium,89,120671,64080,Simulated
ACC_0977,BizCorp_0977,2026-07-01,89,144481,111270,APAC,Technology,Premium,89,120671,64080,Simulated
ACC_0977,BizCorp_0977,2026-08-01,74,127597,98469,APAC,Technology,Premium,89,120671,64080,Simulated
ACC_0978,BizCorp_0978,2026-03-01,37,26918,21734,APAC,Logistics,Premium,91,54395,65520,Simulated
ACC_0978,BizCorp_0978,2026-04-01,39,21791,19041,APAC,Logistics,Premium,91,54395,65520,Simulated
ACC_0978,BizCorp_0978,2026-05-01,34,27535,21477,APAC,Logistics,Premium,91,54395,65520,Simulated
ACC_0978,BizCorp_0978,2026-06-01,39,21970,19630,APAC,Logistics,Premium,91,54395,65520,Simulated
ACC_0978,BizCorp_0978,2026-07-01,37,25090,20699,APAC,Logistics,Premium,91,54395,65520,Simulated
ACC_0978,BizCorp_0978,2026-08-01,35,25499,22208,APAC,Logistics,Premium,91,54395,65520,Simulated
ACC_0979,BizCorp_0979,2026-03-01,4,4593,3646,EMEA,Retail,Standard,8,3099,7680,Simulated
ACC_0979,BizCorp_0979,2026-04-01,4,3145,2850,EMEA,Retail,Standard,8,3099,7680,Simulated
ACC_0979,BizCorp_0979,2026-05-01,4,4400,3561,EMEA,Retail,Standard,8,3099,7680,Simulated
ACC_0979,BizCorp_0979,2026-06-01,4,4228,3606,EMEA,Retail,Standard,8,3099,7680,Simulated
ACC_0979,BizCorp_0979,2026-07-01,4,3912,3156,EMEA,Retail,Standard,8,3099,7680,Simulated
ACC_0979,BizCorp_0979,2026-08-01,4,4352,3522,EMEA,Retail,Standard,8,3099,7680,Simulated
ACC_0980,BizCorp_0980,2026-03-01,183,264938,228818,APAC,Logistics,Enterprise,365,228756,197100,Simulated
ACC_0980,BizCorp_0980,2026-04-01,210,283485,233425,APAC,Logistics,Enterprise,365,228756,197100,Simulated
ACC_0980,BizCorp_0980,2026-05-01,209,257811,217701,APAC,Logistics,Enterprise,365,228756,197100,Simulated
ACC_0980,BizCorp_0980,2026-06-01,212,301776,232214,APAC,Logistics,Enterprise,365,228756,197100,Simulated
ACC_0980,BizCorp_0980,2026-07-01,185,237863,206903,APAC,Logistics,Enterprise,365,228756,197100,Simulated
ACC_0980,BizCorp_0980,2026-08-01,208,279622,217678,APAC,Logistics,Enterprise,365,228756,197100,Simulated
ACC_0981,BizCorp_0981,2026-03-01,3,1657,1373,EMEA,Manufacturing,Standard,5,3524,4800,Simulated
ACC_0981,BizCorp_0981,2026-04-01,2,1912,1515,EMEA,Manufacturing,Standard,5,3524,4800,Simulated
ACC_0981,BizCorp_0981,2026-05-01,3,1718,1341,EMEA,Manufacturing,Standard,5,3524,4800,Simulated
ACC_0981,BizCorp_0981,2026-06-01,1,947,787,EMEA,Manufacturing,Standard,5,3524,4800,Simulated
ACC_0981,BizCorp_0981,2026-07-01,1,436,393,EMEA,Manufacturing,Standard,5,3524,4800,Simulated
ACC_0981,BizCorp_0981,2026-08-01,1,251,196,EMEA,Manufacturing,Standard,5,3524,4800,Simulated
ACC_0982,BizCorp_0982,2026-03-01,102,93101,84509,APAC,Technology,Enterprise,214,206147,115560,Simulated
ACC_0982,BizCorp_0982,2026-04-01,95,117765,92190,APAC,Technology,Enterprise,214,206147,115560,Simulated
ACC_0982,BizCorp_0982,2026-05-01,96,103400,89664,APAC,Technology,Enterprise,214,206147,115560,Simulated
ACC_0982,BizCorp_0982,2026-06-01,94,98228,87381,APAC,Technology,Enterprise,214,206147,115560,Simulated
ACC_0982,BizCorp_0982,2026-07-01,112,107783,88458,APAC,Technology,Enterprise,214,206147,115560,Simulated
ACC_0982,BizCorp_0982,2026-08-01,115,93364,74802,APAC,Technology,Enterprise,214,206147,115560,Simulated
ACC_0983,BizCorp_0983,2026-03-01,111,202018,163219,EMEA,Technology,Enterprise,221,376844,119340,Simulated
ACC_0983,BizCorp_0983,2026-04-01,114,198969,169450,EMEA,Technology,Enterprise,221,376844,119340,Simulated
ACC_0983,BizCorp_0983,2026-05-01,108,202335,176519,EMEA,Technology,Enterprise,221,376844,119340,Simulated
ACC_0983,BizCorp_0983,2026-06-01,100,203793,179185,EMEA,Technology,Enterprise,221,376844,119340,Simulated
ACC_0983,BizCorp_0983,2026-07-01,106,184419,148328,EMEA,Technology,Enterprise,221,376844,119340,Simulated
ACC_0983,BizCorp_0983,2026-08-01,107,197404,152624,EMEA,Technology,Enterprise,221,376844,119340,Simulated
ACC_0984,BizCorp_0984,2026-03-01,36,22511,19549,AMER,Retail,Premium,51,20198,36720,Simulated
ACC_0984,BizCorp_0984,2026-04-01,32,24998,19373,AMER,Retail,Premium,51,20198,36720,Simulated
ACC_0984,BizCorp_0984,2026-05-01,30,21134,17447,AMER,Retail,Premium,51,20198,36720,Simulated
ACC_0984,BizCorp_0984,2026-06-01,16,11382,9322,AMER,Retail,Premium,51,20198,36720,Simulated
ACC_0984,BizCorp_0984,2026-07-01,8,5773,4661,AMER,Retail,Premium,51,20198,36720,Simulated
ACC_0984,BizCorp_0984,2026-08-01,4,2994,2330,AMER,Retail,Premium,51,20198,36720,Simulated
ACC_0985,BizCorp_0985,2026-03-01,30,33116,26628,APAC,Logistics,Premium,56,72730,40320,Simulated
ACC_0985,BizCorp_0985,2026-04-01,33,29200,24956,APAC,Logistics,Premium,56,72730,40320,Simulated
ACC_0985,BizCorp_0985,2026-05-01,31,37030,29180,APAC,Logistics,Premium,56,72730,40320,Simulated
ACC_0985,BizCorp_0985,2026-06-01,35,29944,25350,APAC,Logistics,Premium,56,72730,40320,Simulated
ACC_0985,BizCorp_0985,2026-07-01,35,33293,26911,APAC,Logistics,Premium,56,72730,40320,Simulated
ACC_0985,BizCorp_0985,2026-08-01,30,31290,26097,APAC,Logistics,Premium,56,72730,40320,Simulated
ACC_0986,BizCorp_0986,2026-03-01,47,34621,30898,AMER,Retail,Premium,95,48593,68400,Simulated
ACC_0986,BizCorp_0986,2026-04-01,49,30451,25201,AMER,Retail,Premium,95,48593,68400,Simulated
ACC_0986,BizCorp_0986,2026-05-01,45,28682,24107,AMER,Retail,Premium,95,48593,68400,Simulated
ACC_0986,BizCorp_0986,2026-06-01,25,17350,14128,AMER,Retail,Premium,95,48593,68400,Simulated
ACC_0986,BizCorp_0986,2026-07-01,12,8840,7064,AMER,Retail,Premium,95,48593,68400,Simulated
ACC_0986,BizCorp_0986,2026-08-01,6,4522,3532,AMER,Retail,Premium,95,48593,68400,Simulated
ACC_0987,BizCorp_0987,2026-03-01,2,3006,2504,EMEA,Healthcare,Standard,9,10208,8640,Simulated
ACC_0987,BizCorp_0987,2026-04-01,2,3160,2773,EMEA,Healthcare,Standard,9,10208,8640,Simulated
ACC_0987,BizCorp_0987,2026-05-01,2,3498,2831,EMEA,Healthcare,Standard,9,10208,8640,Simulated
ACC_0987,BizCorp_0987,2026-06-01,2,4242,3458,EMEA,Healthcare,Standard,9,10208,8640,Simulated
ACC_0987,BizCorp_0987,2026-07-01,3,4639,4150,EMEA,Healthcare,Standard,9,10208,8640,Simulated
ACC_0987,BizCorp_0987,2026-08-01,4,5973,4980,EMEA,Healthcare,Standard,9,10208,8640,Simulated
ACC_0988,BizCorp_0988,2026-03-01,184,153712,130854,EMEA,Manufacturing,Enterprise,415,231970,224100,Simulated
ACC_0988,BizCorp_0988,2026-04-01,171,137574,120485,EMEA,Manufacturing,Enterprise,415,231970,224100,Simulated
ACC_0988,BizCorp_0988,2026-05-01,186,146450,120691,EMEA,Manufacturing,Enterprise,415,231970,224100,Simulated
ACC_0988,BizCorp_0988,2026-06-01,166,142140,123296,EMEA,Manufacturing,Enterprise,415,231970,224100,Simulated
ACC_0988,BizCorp_0988,2026-07-01,192,144719,117087,EMEA,Manufacturing,Enterprise,415,231970,224100,Simulated
ACC_0988,BizCorp_0988,2026-08-01,176,186057,144952,EMEA,Manufacturing,Enterprise,415,231970,224100,Simulated
ACC_0989,BizCorp_0989,2026-03-01,9,7054,5636,AMER,Retail,Standard,10,11190,9600,Simulated
ACC_0989,BizCorp_0989,2026-04-01,9,6611,5481,AMER,Retail,Standard,10,11190,9600,Simulated
ACC_0989,BizCorp_0989,2026-05-01,8,6553,5649,AMER,Retail,Standard,10,11190,9600,Simulated
ACC_0989,BizCorp_0989,2026-06-01,9,6394,5392,AMER,Retail,Standard,10,11190,9600,Simulated
ACC_0989,BizCorp_0989,2026-07-01,8,5355,4669,AMER,Retail,Standard,10,11190,9600,Simulated
ACC_0989,BizCorp_0989,2026-08-01,9,6715,5601,AMER,Retail,Standard,10,11190,9600,Simulated
ACC_0990,BizCorp_0990,2026-03-01,257,142785,113828,AMER,Healthcare,Enterprise,881,376511,475740,Simulated
ACC_0990,BizCorp_0990,2026-04-01,288,163436,131930,AMER,Healthcare,Enterprise,881,376511,475740,Simulated
ACC_0990,BizCorp_0990,2026-05-01,282,140045,125293,AMER,Healthcare,Enterprise,881,376511,475740,Simulated
ACC_0990,BizCorp_0990,2026-06-01,316,158994,137888,AMER,Healthcare,Enterprise,881,376511,475740,Simulated
ACC_0990,BizCorp_0990,2026-07-01,380,210325,165466,AMER,Healthcare,Enterprise,881,376511,475740,Simulated
ACC_0990,BizCorp_0990,2026-08-01,456,250411,198559,AMER,Healthcare,Enterprise,881,376511,475740,Simulated
ACC_0991,BizCorp_0991,2026-03-01,11,5025,4376,APAC,Healthcare,Standard,18,8350,17280,Simulated
ACC_0991,BizCorp_0991,2026-04-01,10,6056,4892,APAC,Healthcare,Standard,18,8350,17280,Simulated
ACC_0991,BizCorp_0991,2026-05-01,11,5580,4439,APAC,Healthcare,Standard,18,8350,17280,Simulated
ACC_0991,BizCorp_0991,2026-06-01,10,5794,4555,APAC,Healthcare,Standard,18,8350,17280,Simulated
ACC_0991,BizCorp_0991,2026-07-01,10,4903,3850,APAC,Healthcare,Standard,18,8350,17280,Simulated
ACC_0991,BizCorp_0991,2026-08-01,12,5297,4229,APAC,Healthcare,Standard,18,8350,17280,Simulated
ACC_0992,BizCorp_0992,2026-03-01,46,17283,14181,AMER,Technology,Premium,93,36177,66960,Simulated
ACC_0992,BizCorp_0992,2026-04-01,44,14722,12323,AMER,Technology,Premium,93,36177,66960,Simulated
ACC_0992,BizCorp_0992,2026-05-01,44,17520,15479,AMER,Technology,Premium,93,36177,66960,Simulated
ACC_0992,BizCorp_0992,2026-06-01,56,20453,16439,AMER,Technology,Premium,93,36177,66960,Simulated
ACC_0992,BizCorp_0992,2026-07-01,61,25122,19727,AMER,Technology,Premium,93,36177,66960,Simulated
ACC_0992,BizCorp_0992,2026-08-01,61,29124,23672,AMER,Technology,Premium,93,36177,66960,Simulated
ACC_0993,BizCorp_0993,2026-03-01,202,305853,247105,AMER,Logistics,Enterprise,500,612371,270000,Simulated
ACC_0993,BizCorp_0993,2026-04-01,201,312784,274908,AMER,Logistics,Enterprise,500,612371,270000,Simulated
ACC_0993,BizCorp_0993,2026-05-01,235,293527,253965,AMER,Logistics,Enterprise,500,612371,270000,Simulated
ACC_0993,BizCorp_0993,2026-06-01,207,384070,320345,AMER,Logistics,Enterprise,500,612371,270000,Simulated
ACC_0993,BizCorp_0993,2026-07-01,204,326607,289066,AMER,Logistics,Enterprise,500,612371,270000,Simulated
ACC_0993,BizCorp_0993,2026-08-01,228,366994,306684,AMER,Logistics,Enterprise,500,612371,270000,Simulated
ACC_0994,BizCorp_0994,2026-03-01,152,237165,185381,AMER,Retail,Enterprise,236,561542,127440,Simulated
ACC_0994,BizCorp_0994,2026-04-01,145,255619,219468,AMER,Retail,Enterprise,236,561542,127440,Simulated
ACC_0994,BizCorp_0994,2026-05-01,162,223872,200983,AMER,Retail,Enterprise,236,561542,127440,Simulated
ACC_0994,BizCorp_0994,2026-06-01,80,117753,97299,AMER,Retail,Enterprise,236,561542,127440,Simulated
ACC_0994,BizCorp_0994,2026-07-01,40,55665,48649,AMER,Retail,Enterprise,236,561542,127440,Simulated
ACC_0994,BizCorp_0994,2026-08-01,20,26899,24324,AMER,Retail,Enterprise,236,561542,127440,Simulated
ACC_0995,BizCorp_0995,2026-03-01,305,364692,290663,APAC,Manufacturing,Enterprise,744,1097741,401760,Simulated
ACC_0995,BizCorp_0995,2026-04-01,319,422519,336450,APAC,Manufacturing,Enterprise,744,1097741,401760,Simulated
ACC_0995,BizCorp_0995,2026-05-01,350,386148,323546,APAC,Manufacturing,Enterprise,744,1097741,401760,Simulated
ACC_0995,BizCorp_0995,2026-06-01,388,445001,389100,APAC,Manufacturing,Enterprise,744,1097741,401760,Simulated
ACC_0995,BizCorp_0995,2026-07-01,453,601321,466920,APAC,Manufacturing,Enterprise,744,1097741,401760,Simulated
ACC_0995,BizCorp_0995,2026-08-01,453,662746,560304,APAC,Manufacturing,Enterprise,744,1097741,401760,Simulated
ACC_0996,BizCorp_0996,2026-03-01,39,30339,23609,EMEA,Manufacturing,Premium,55,56296,39600,Simulated
ACC_0996,BizCorp_0996,2026-04-01,40,25413,21678,EMEA,Manufacturing,Premium,55,56296,39600,Simulated
ACC_0996,BizCorp_0996,2026-05-01,38,30210,25887,EMEA,Manufacturing,Premium,55,56296,39600,Simulated
ACC_0996,BizCorp_0996,2026-06-01,39,31037,24648,EMEA,Manufacturing,Premium,55,56296,39600,Simulated
ACC_0996,BizCorp_0996,2026-07-01,37,27715,22251,EMEA,Manufacturing,Premium,55,56296,39600,Simulated
ACC_0996,BizCorp_0996,2026-08-01,36,29267,23572,EMEA,Manufacturing,Premium,55,56296,39600,Simulated
ACC_0997,BizCorp_0997,2026-03-01,175,186450,157095,EMEA,Technology,Enterprise,337,274013,181980,Simulated
ACC_0997,BizCorp_0997,2026-04-01,205,163671,144407,EMEA,Technology,Enterprise,337,274013,181980,Simulated
ACC_0997,BizCorp_0997,2026-05-01,192,162737,134069,EMEA,Technology,Enterprise,337,274013,181980,Simulated
ACC_0997,BizCorp_0997,2026-06-01,174,214775,169638,EMEA,Technology,Enterprise,337,274013,181980,Simulated
ACC_0997,BizCorp_0997,2026-07-01,175,160949,129660,EMEA,Technology,Enterprise,337,274013,181980,Simulated
ACC_0997,BizCorp_0997,2026-08-01,182,195492,150794,EMEA,Technology,Enterprise,337,274013,181980,Simulated
ACC_0998,BizCorp_0998,2026-03-01,105,81070,70097,APAC,Retail,Enterprise,159,292767,85860,Simulated
ACC_0998,BizCorp_0998,2026-04-01,95,74166,61953,APAC,Retail,Enterprise,159,292767,85860,Simulated
ACC_0998,BizCorp_0998,2026-05-01,98,74288,57809,APAC,Retail,Enterprise,159,292767,85860,Simulated
ACC_0998,BizCorp_0998,2026-06-01,115,102024,78711,APAC,Retail,Enterprise,159,292767,85860,Simulated
ACC_0998,BizCorp_0998,2026-07-01,128,117102,94453,APAC,Retail,Enterprise,159,292767,85860,Simulated
ACC_0998,BizCorp_0998,2026-08-01,128,137615,113343,APAC,Retail,Enterprise,159,292767,85860,Simulated
ACC_0999,BizCorp_0999,2026-03-01,248,307609,252215,EMEA,Retail,Enterprise,590,510490,318600,Simulated
ACC_0999,BizCorp_0999,2026-04-01,218,292324,235515,EMEA,Retail,Enterprise,590,510490,318600,Simulated
ACC_0999,BizCorp_0999,2026-05-01,235,287485,234865,EMEA,Retail,Enterprise,590,510490,318600,Simulated
ACC_0999,BizCorp_0999,2026-06-01,286,319226,274486,EMEA,Retail,Enterprise,590,510490,318600,Simulated
ACC_0999,BizCorp_0999,2026-07-01,341,382980,329384,EMEA,Retail,Enterprise,590,510490,318600,Simulated
ACC_0999,BizCorp_0999,2026-08-01,341,503307,395261,EMEA,Retail,Enterprise,590,510490,318600,Simulated
ACC_1000,BizCorp_1000,2026-03-01,30,17653,15685,AMER,Technology,Premium,30,42176,21600,Simulated
ACC_1000,BizCorp_1000,2026-04-01,29,21976,19086,AMER,Technology,Premium,30,42176,21600,Simulated
ACC_1000,BizCorp_1000,2026-05-01,27,16805,14854,AMER,Technology,Premium,30,42176,21600,Simulated
ACC_1000,BizCorp_1000,2026-06-01,28,22620,17726,AMER,Technology,Premium,30,42176,21600,Simulated
ACC_1000,BizCorp_1000,2026-07-01,30,18556,14572,AMER,Technology,Premium,30,42176,21600,Simulated
ACC_1000,BizCorp_1000,2026-08-01,26,20957,17285,AMER,Technology,Premium,30,42176,21600,Simulated
