account_id,account_name,global_region,industry_vertical,contract_tier,annual_contract_value,continued_decline_probability,priority_tier,on_churn_radar_aug,flag_reason,suggested_action,triage_note
ACC_0479,BizCorp_0479,EMEA,Manufacturing,Standard,14400,0.9974,High,Yes,API usage fell -54% and active seats fell -67% together,This is not just a usage dip; fewer people are logging in at all. Prioritize an executive-sponsor call over a routine support touch.,"High priority - likely to keep declining, act first"
ACC_0401,BizCorp_0401,APAC,Manufacturing,Standard,14400,0.997,High,Yes,API usage fell -49% and active seats fell -67% together,This is not just a usage dip; fewer people are logging in at all. Prioritize an executive-sponsor call over a routine support touch.,"High priority - likely to keep declining, act first"
ACC_0216,BizCorp_0216,EMEA,Financial Services,Standard,17280,0.9965,High,Yes,API usage fell -50% and active seats fell -67% together,This is not just a usage dip; fewer people are logging in at all. Prioritize an executive-sponsor call over a routine support touch.,"High priority - likely to keep declining, act first"
ACC_0299,BizCorp_0299,APAC,Manufacturing,Standard,27840,0.9964,High,Yes,API usage fell -52% and active seats fell -67% together,This is not just a usage dip; fewer people are logging in at all. Prioritize an executive-sponsor call over a routine support touch.,"High priority - likely to keep declining, act first"
ACC_0245,BizCorp_0245,APAC,Technology,Standard,22080,0.9961,High,Yes,API usage fell -53% and active seats fell -67% together,This is not just a usage dip; fewer people are logging in at all. Prioritize an executive-sponsor call over a routine support touch.,"High priority - likely to keep declining, act first"
ACC_0270,BizCorp_0270,APAC,Manufacturing,Standard,24960,0.9957,High,Yes,API usage fell -51% and active seats fell -67% together,This is not just a usage dip; fewer people are logging in at all. Prioritize an executive-sponsor call over a routine support touch.,"High priority - likely to keep declining, act first"
ACC_0551,BizCorp_0551,AMER,Retail,Standard,15360,0.9956,High,Yes,API usage fell -51% and active seats fell -67% together,This is not just a usage dip; fewer people are logging in at all. Prioritize an executive-sponsor call over a routine support touch.,"High priority - likely to keep declining, act first"
ACC_0078,BizCorp_0078,APAC,Retail,Premium,25200,0.9955,High,Yes,API usage fell -55% and active seats fell -60% together,This is not just a usage dip; fewer people are logging in at all. Prioritize an executive-sponsor call over a routine support touch.,"High priority - likely to keep declining, act first"
ACC_0668,BizCorp_0668,EMEA,Technology,Premium,74880,0.9953,High,Yes,API usage fell -50% and active seats fell -52% together,This is not just a usage dip; fewer people are logging in at all. Prioritize an executive-sponsor call over a routine support touch.,"High priority - likely to keep declining, act first"
ACC_0683,BizCorp_0683,EMEA,Technology,Premium,21600,0.9952,High,Yes,API usage fell -53% and active seats fell -60% together,This is not just a usage dip; fewer people are logging in at all. Prioritize an executive-sponsor call over a routine support touch.,"High priority - likely to keep declining, act first"
ACC_0381,BizCorp_0381,EMEA,Technology,Standard,20160,0.9952,High,Yes,API usage fell -48% and active seats fell -67% together,This is not just a usage dip; fewer people are logging in at all. Prioritize an executive-sponsor call over a routine support touch.,"High priority - likely to keep declining, act first"
ACC_0187,BizCorp_0187,AMER,Manufacturing,Premium,20880,0.995,High,Yes,API usage fell -55% and active seats fell -60% together,This is not just a usage dip; fewer people are logging in at all. Prioritize an executive-sponsor call over a routine support touch.,"High priority - likely to keep declining, act first"
ACC_0119,BizCorp_0119,EMEA,Financial Services,Standard,15360,0.995,High,Yes,API usage fell -43% and active seats fell -67% together,This is not just a usage dip; fewer people are logging in at all. Prioritize an executive-sponsor call over a routine support touch.,"High priority - likely to keep declining, act first"
ACC_0339,BizCorp_0339,APAC,Logistics,Standard,14400,0.9949,High,Yes,API usage fell -51% and active seats fell -50% together,This is not just a usage dip; fewer people are logging in at all. Prioritize an executive-sponsor call over a routine support touch.,"High priority - likely to keep declining, act first"
ACC_0788,BizCorp_0788,EMEA,Logistics,Premium,22320,0.9949,High,Yes,API usage fell -51% and active seats fell -60% together,This is not just a usage dip; fewer people are logging in at all. Prioritize an executive-sponsor call over a routine support touch.,"High priority - likely to keep declining, act first"
ACC_0583,BizCorp_0583,APAC,Logistics,Premium,28800,0.9948,High,Yes,API usage fell -55% and active seats fell -57% together,This is not just a usage dip; fewer people are logging in at all. Prioritize an executive-sponsor call over a routine support touch.,"High priority - likely to keep declining, act first"
ACC_0025,BizCorp_0025,EMEA,Retail,Standard,12480,0.9948,High,Yes,API usage fell -52% and active seats fell -50% together,This is not just a usage dip; fewer people are logging in at all. Prioritize an executive-sponsor call over a routine support touch.,"High priority - likely to keep declining, act first"
ACC_0750,BizCorp_0750,EMEA,Retail,Standard,20160,0.9948,High,Yes,API usage fell -53% and active seats fell -50% together,This is not just a usage dip; fewer people are logging in at all. Prioritize an executive-sponsor call over a routine support touch.,"High priority - likely to keep declining, act first"
ACC_0275,BizCorp_0275,EMEA,Healthcare,Standard,25920,0.9947,High,Yes,API usage fell -45% and active seats fell -67% together,This is not just a usage dip; fewer people are logging in at all. Prioritize an executive-sponsor call over a routine support touch.,"High priority - likely to keep declining, act first"
ACC_0126,BizCorp_0126,EMEA,Retail,Premium,30240,0.9947,High,Yes,API usage fell -54% and active seats fell -57% together,This is not just a usage dip; fewer people are logging in at all. Prioritize an executive-sponsor call over a routine support touch.,"High priority - likely to keep declining, act first"
ACC_0424,BizCorp_0424,APAC,Retail,Premium,30960,0.9946,High,Yes,API usage fell -55% and active seats fell -57% together,This is not just a usage dip; fewer people are logging in at all. Prioritize an executive-sponsor call over a routine support touch.,"High priority - likely to keep declining, act first"
ACC_0426,BizCorp_0426,EMEA,Logistics,Premium,56160,0.9945,High,Yes,API usage fell -49% and active seats fell -55% together,This is not just a usage dip; fewer people are logging in at all. Prioritize an executive-sponsor call over a routine support touch.,"High priority - likely to keep declining, act first"
ACC_0493,BizCorp_0493,EMEA,Retail,Standard,32640,0.9945,High,Yes,API usage fell -52% and active seats fell -50% together,This is not just a usage dip; fewer people are logging in at all. Prioritize an executive-sponsor call over a routine support touch.,"High priority - likely to keep declining, act first"
ACC_0780,BizCorp_0780,AMER,Manufacturing,Standard,18240,0.9944,High,Yes,API usage fell -48% and active seats fell -50% together,This is not just a usage dip; fewer people are logging in at all. Prioritize an executive-sponsor call over a routine support touch.,"High priority - likely to keep declining, act first"
ACC_0128,BizCorp_0128,AMER,Technology,Premium,41040,0.9944,High,Yes,API usage fell -55% and active seats fell -57% together,This is not just a usage dip; fewer people are logging in at all. Prioritize an executive-sponsor call over a routine support touch.,"High priority - likely to keep declining, act first"
ACC_0384,BizCorp_0384,EMEA,Technology,Premium,51120,0.9943,High,Yes,API usage fell -49% and active seats fell -50% together,This is not just a usage dip; fewer people are logging in at all. Prioritize an executive-sponsor call over a routine support touch.,"High priority - likely to keep declining, act first"
ACC_0042,BizCorp_0042,APAC,Logistics,Standard,13440,0.9942,High,Yes,API usage fell -55% and active seats fell -50% together,This is not just a usage dip; fewer people are logging in at all. Prioritize an executive-sponsor call over a routine support touch.,"High priority - likely to keep declining, act first"
ACC_0749,BizCorp_0749,APAC,Financial Services,Standard,25920,0.9941,High,Yes,API usage fell -50% and active seats fell -67% together,This is not just a usage dip; fewer people are logging in at all. Prioritize an executive-sponsor call over a routine support touch.,"High priority - likely to keep declining, act first"
ACC_0127,BizCorp_0127,EMEA,Retail,Premium,23040,0.9941,High,Yes,API usage fell -52% and active seats fell -50% together,This is not just a usage dip; fewer people are logging in at all. Prioritize an executive-sponsor call over a routine support touch.,"High priority - likely to keep declining, act first"
ACC_0428,BizCorp_0428,AMER,Manufacturing,Standard,8640,0.994,High,Yes,API usage fell -53% and active seats fell -50% together,This is not just a usage dip; fewer people are logging in at all. Prioritize an executive-sponsor call over a routine support touch.,"High priority - likely to keep declining, act first"
ACC_0963,BizCorp_0963,APAC,Retail,Premium,94320,0.994,High,Yes,API usage fell -55% and active seats fell -54% together,This is not just a usage dip; fewer people are logging in at all. Prioritize an executive-sponsor call over a routine support touch.,"High priority - likely to keep declining, act first"
ACC_0754,BizCorp_0754,APAC,Logistics,Standard,16320,0.9938,High,Yes,API usage fell -55% and active seats fell -50% together,This is not just a usage dip; fewer people are logging in at all. Prioritize an executive-sponsor call over a routine support touch.,"High priority - likely to keep declining, act first"
ACC_0232,BizCorp_0232,APAC,Logistics,Premium,54720,0.9938,High,Yes,API usage fell -55% and active seats fell -55% together,This is not just a usage dip; fewer people are logging in at all. Prioritize an executive-sponsor call over a routine support touch.,"High priority - likely to keep declining, act first"
ACC_0849,BizCorp_0849,APAC,Logistics,Standard,13440,0.9937,High,Yes,API usage fell -53% and active seats fell -50% together,This is not just a usage dip; fewer people are logging in at all. Prioritize an executive-sponsor call over a routine support touch.,"High priority - likely to keep declining, act first"
ACC_0799,BizCorp_0799,APAC,Technology,Premium,49680,0.9937,High,Yes,API usage fell -55% and active seats fell -56% together,This is not just a usage dip; fewer people are logging in at all. Prioritize an executive-sponsor call over a routine support touch.,"High priority - likely to keep declining, act first"
ACC_0516,BizCorp_0516,APAC,Retail,Premium,73440,0.9936,High,Yes,API usage fell -54% and active seats fell -53% together,This is not just a usage dip; fewer people are logging in at all. Prioritize an executive-sponsor call over a routine support touch.,"High priority - likely to keep declining, act first"
ACC_0341,BizCorp_0341,AMER,Logistics,Standard,11520,0.9935,High,Yes,API usage fell -53% and active seats fell -50% together,This is not just a usage dip; fewer people are logging in at all. Prioritize an executive-sponsor call over a routine support touch.,"High priority - likely to keep declining, act first"
ACC_0343,BizCorp_0343,APAC,Logistics,Standard,17280,0.9935,High,Yes,API usage fell -54% and active seats fell -50% together,This is not just a usage dip; fewer people are logging in at all. Prioritize an executive-sponsor call over a routine support touch.,"High priority - likely to keep declining, act first"
ACC_0034,BizCorp_0034,APAC,Technology,Standard,13440,0.9935,High,Yes,API usage fell -55% and active seats fell -50% together,This is not just a usage dip; fewer people are logging in at all. Prioritize an executive-sponsor call over a routine support touch.,"High priority - likely to keep declining, act first"
ACC_0258,BizCorp_0258,AMER,Manufacturing,Standard,10560,0.9934,High,Yes,API usage fell -48% and active seats fell -50% together,This is not just a usage dip; fewer people are logging in at all. Prioritize an executive-sponsor call over a routine support touch.,"High priority - likely to keep declining, act first"
ACC_0319,BizCorp_0319,APAC,Manufacturing,Enterprise,257040,0.9933,High,Yes,API usage fell -56% and active seats fell -51% together,This is not just a usage dip; fewer people are logging in at all. Prioritize an executive-sponsor call over a routine support touch.,"High priority - likely to keep declining, act first"
ACC_0307,BizCorp_0307,APAC,Logistics,Premium,58320,0.9933,High,Yes,API usage fell -51% and active seats fell -55% together,This is not just a usage dip; fewer people are logging in at all. Prioritize an executive-sponsor call over a routine support touch.,"High priority - likely to keep declining, act first"
ACC_0660,BizCorp_0660,EMEA,Logistics,Premium,22320,0.9933,High,Yes,API usage fell -49% and active seats fell -60% together,This is not just a usage dip; fewer people are logging in at all. Prioritize an executive-sponsor call over a routine support touch.,"High priority - likely to keep declining, act first"
ACC_0895,BizCorp_0895,AMER,Healthcare,Standard,17280,0.9932,High,Yes,API usage fell -57% and active seats fell -50% together,This is not just a usage dip; fewer people are logging in at all. Prioritize an executive-sponsor call over a routine support touch.,"High priority - likely to keep declining, act first"
ACC_0101,BizCorp_0101,EMEA,Logistics,Premium,74160,0.9932,High,Yes,API usage fell -52% and active seats fell -54% together,This is not just a usage dip; fewer people are logging in at all. Prioritize an executive-sponsor call over a routine support touch.,"High priority - likely to keep declining, act first"
ACC_0159,BizCorp_0159,EMEA,Manufacturing,Premium,39600,0.9931,High,Yes,API usage fell -47% and active seats fell -55% together,This is not just a usage dip; fewer people are logging in at all. Prioritize an executive-sponsor call over a routine support touch.,"High priority - likely to keep declining, act first"
ACC_0794,BizCorp_0794,APAC,Manufacturing,Standard,22080,0.9931,High,Yes,API usage fell -51% and active seats fell -50% together,This is not just a usage dip; fewer people are logging in at all. Prioritize an executive-sponsor call over a routine support touch.,"High priority - likely to keep declining, act first"
ACC_0420,BizCorp_0420,EMEA,Logistics,Premium,36000,0.993,High,Yes,API usage fell -52% and active seats fell -50% together,This is not just a usage dip; fewer people are logging in at all. Prioritize an executive-sponsor call over a routine support touch.,"High priority - likely to keep declining, act first"
ACC_0436,BizCorp_0436,EMEA,Technology,Premium,51840,0.9929,High,Yes,API usage fell -51% and active seats fell -56% together,This is not just a usage dip; fewer people are logging in at all. Prioritize an executive-sponsor call over a routine support touch.,"High priority - likely to keep declining, act first"
ACC_0773,BizCorp_0773,EMEA,Healthcare,Premium,33840,0.9928,High,Yes,API usage fell -53% and active seats fell -57% together,This is not just a usage dip; fewer people are logging in at all. Prioritize an executive-sponsor call over a routine support touch.,"High priority - likely to keep declining, act first"
ACC_0713,BizCorp_0713,EMEA,Manufacturing,Standard,9600,0.9928,High,Yes,API usage fell -49% and active seats fell -50% together,This is not just a usage dip; fewer people are logging in at all. Prioritize an executive-sponsor call over a routine support touch.,"High priority - likely to keep declining, act first"
ACC_0365,BizCorp_0365,EMEA,Logistics,Premium,69840,0.9927,High,Yes,API usage fell -51% and active seats fell -53% together,This is not just a usage dip; fewer people are logging in at all. Prioritize an executive-sponsor call over a routine support touch.,"High priority - likely to keep declining, act first"
ACC_0011,BizCorp_0011,AMER,Healthcare,Standard,18240,0.9926,High,Yes,API usage fell -55% and active seats fell -50% together,This is not just a usage dip; fewer people are logging in at all. Prioritize an executive-sponsor call over a routine support touch.,"High priority - likely to keep declining, act first"
ACC_0867,BizCorp_0867,APAC,Financial Services,Standard,12480,0.9925,High,Yes,API usage fell -56% and active seats fell -50% together,This is not just a usage dip; fewer people are logging in at all. Prioritize an executive-sponsor call over a routine support touch.,"High priority - likely to keep declining, act first"
ACC_0559,BizCorp_0559,APAC,Logistics,Premium,57600,0.9925,High,Yes,API usage fell -52% and active seats fell -54% together,This is not just a usage dip; fewer people are logging in at all. Prioritize an executive-sponsor call over a routine support touch.,"High priority - likely to keep declining, act first"
ACC_0318,BizCorp_0318,EMEA,Healthcare,Standard,14400,0.9924,High,Yes,API usage fell -48% and active seats fell -50% together,This is not just a usage dip; fewer people are logging in at all. Prioritize an executive-sponsor call over a routine support touch.,"High priority - likely to keep declining, act first"
ACC_0197,BizCorp_0197,AMER,Retail,Standard,12480,0.9924,High,Yes,API usage fell -47% and active seats fell -50% together,This is not just a usage dip; fewer people are logging in at all. Prioritize an executive-sponsor call over a routine support touch.,"High priority - likely to keep declining, act first"
ACC_0818,BizCorp_0818,AMER,Technology,Standard,20160,0.9924,High,Yes,API usage fell -52% and active seats fell -50% together,This is not just a usage dip; fewer people are logging in at all. Prioritize an executive-sponsor call over a routine support touch.,"High priority - likely to keep declining, act first"
ACC_0010,BizCorp_0010,APAC,Manufacturing,Standard,15360,0.9924,High,Yes,API usage fell -50% and active seats fell -50% together,This is not just a usage dip; fewer people are logging in at all. Prioritize an executive-sponsor call over a routine support touch.,"High priority - likely to keep declining, act first"
ACC_0595,BizCorp_0595,AMER,Financial Services,Standard,22080,0.9924,High,Yes,API usage fell -53% and active seats fell -50% together,This is not just a usage dip; fewer people are logging in at all. Prioritize an executive-sponsor call over a routine support touch.,"High priority - likely to keep declining, act first"
ACC_0226,BizCorp_0226,EMEA,Logistics,Premium,39600,0.9924,High,Yes,API usage fell -50% and active seats fell -50% together,This is not just a usage dip; fewer people are logging in at all. Prioritize an executive-sponsor call over a routine support touch.,"High priority - likely to keep declining, act first"
ACC_0199,BizCorp_0199,EMEA,Healthcare,Premium,61200,0.9923,High,Yes,API usage fell -45% and active seats fell -52% together,This is not just a usage dip; fewer people are logging in at all. Prioritize an executive-sponsor call over a routine support touch.,"High priority - likely to keep declining, act first"
ACC_0212,BizCorp_0212,EMEA,Retail,Premium,97200,0.9922,High,Yes,API usage fell -51% and active seats fell -53% together,This is not just a usage dip; fewer people are logging in at all. Prioritize an executive-sponsor call over a routine support touch.,"High priority - likely to keep declining, act first"
ACC_0485,BizCorp_0485,EMEA,Manufacturing,Enterprise,107460,0.9922,High,Yes,API usage fell -48% and active seats fell -52% together,This is not just a usage dip; fewer people are logging in at all. Prioritize an executive-sponsor call over a routine support touch.,"High priority - likely to keep declining, act first"
ACC_0320,BizCorp_0320,APAC,Logistics,Enterprise,232200,0.9922,High,Yes,API usage fell -51% and active seats fell -51% together,This is not just a usage dip; fewer people are logging in at all. Prioritize an executive-sponsor call over a routine support touch.,"High priority - likely to keep declining, act first"
ACC_0521,BizCorp_0521,AMER,Retail,Premium,58320,0.9921,High,Yes,API usage fell -45% and active seats fell -54% together,This is not just a usage dip; fewer people are logging in at all. Prioritize an executive-sponsor call over a routine support touch.,"High priority - likely to keep declining, act first"
ACC_0602,BizCorp_0602,AMER,Retail,Enterprise,111780,0.992,High,Yes,API usage fell -57% and active seats fell -51% together,This is not just a usage dip; fewer people are logging in at all. Prioritize an executive-sponsor call over a routine support touch.,"High priority - likely to keep declining, act first"
ACC_0314,BizCorp_0314,APAC,Retail,Premium,30240,0.992,High,Yes,API usage fell -54% and active seats fell -50% together,This is not just a usage dip; fewer people are logging in at all. Prioritize an executive-sponsor call over a routine support touch.,"High priority - likely to keep declining, act first"
ACC_0869,BizCorp_0869,APAC,Healthcare,Standard,16320,0.9919,High,Yes,API usage fell -54% and active seats fell -50% together,This is not just a usage dip; fewer people are logging in at all. Prioritize an executive-sponsor call over a routine support touch.,"High priority - likely to keep declining, act first"
ACC_0398,BizCorp_0398,APAC,Healthcare,Premium,21600,0.9919,High,Yes,API usage fell -51% and active seats fell -57% together,This is not just a usage dip; fewer people are logging in at all. Prioritize an executive-sponsor call over a routine support touch.,"High priority - likely to keep declining, act first"
ACC_0825,BizCorp_0825,APAC,Financial Services,Premium,43920,0.9918,High,Yes,API usage fell -55% and active seats fell -50% together,This is not just a usage dip; fewer people are logging in at all. Prioritize an executive-sponsor call over a routine support touch.,"High priority - likely to keep declining, act first"
ACC_0455,BizCorp_0455,AMER,Technology,Premium,46080,0.9918,High,Yes,API usage fell -53% and active seats fell -50% together,This is not just a usage dip; fewer people are logging in at all. Prioritize an executive-sponsor call over a routine support touch.,"High priority - likely to keep declining, act first"
ACC_0902,BizCorp_0902,AMER,Manufacturing,Enterprise,174420,0.9918,High,Yes,API usage fell -46% and active seats fell -50% together,This is not just a usage dip; fewer people are logging in at all. Prioritize an executive-sponsor call over a routine support touch.,"High priority - likely to keep declining, act first"
ACC_0739,BizCorp_0739,APAC,Manufacturing,Standard,11520,0.9918,High,Yes,API usage fell -50% and active seats fell -50% together,This is not just a usage dip; fewer people are logging in at all. Prioritize an executive-sponsor call over a routine support touch.,"High priority - likely to keep declining, act first"
ACC_0080,BizCorp_0080,APAC,Logistics,Enterprise,149040,0.9918,High,Yes,API usage fell -50% and active seats fell -52% together,This is not just a usage dip; fewer people are logging in at all. Prioritize an executive-sponsor call over a routine support touch.,"High priority - likely to keep declining, act first"
ACC_0795,BizCorp_0795,AMER,Retail,Enterprise,121500,0.9918,High,Yes,API usage fell -56% and active seats fell -50% together,This is not just a usage dip; fewer people are logging in at all. Prioritize an executive-sponsor call over a routine support touch.,"High priority - likely to keep declining, act first"
ACC_0059,BizCorp_0059,AMER,Healthcare,Standard,16320,0.9918,High,Yes,API usage fell -44% and active seats fell -50% together,This is not just a usage dip; fewer people are logging in at all. Prioritize an executive-sponsor call over a routine support touch.,"High priority - likely to keep declining, act first"
ACC_0858,BizCorp_0858,APAC,Financial Services,Standard,16320,0.9918,High,Yes,API usage fell -51% and active seats fell -50% together,This is not just a usage dip; fewer people are logging in at all. Prioritize an executive-sponsor call over a routine support touch.,"High priority - likely to keep declining, act first"
ACC_0598,BizCorp_0598,APAC,Technology,Standard,16320,0.9917,High,Yes,API usage fell -43% and active seats fell -50% together,This is not just a usage dip; fewer people are logging in at all. Prioritize an executive-sponsor call over a routine support touch.,"High priority - likely to keep declining, act first"
ACC_0171,BizCorp_0171,AMER,Financial Services,Premium,74880,0.9917,High,Yes,API usage fell -49% and active seats fell -56% together,This is not just a usage dip; fewer people are logging in at all. Prioritize an executive-sponsor call over a routine support touch.,"High priority - likely to keep declining, act first"
ACC_0734,BizCorp_0734,AMER,Manufacturing,Standard,13440,0.9916,High,Yes,API usage fell -50% and active seats fell -50% together,This is not just a usage dip; fewer people are logging in at all. Prioritize an executive-sponsor call over a routine support touch.,"High priority - likely to keep declining, act first"
ACC_0357,BizCorp_0357,EMEA,Manufacturing,Enterprise,193320,0.9916,High,Yes,API usage fell -51% and active seats fell -50% together,This is not just a usage dip; fewer people are logging in at all. Prioritize an executive-sponsor call over a routine support touch.,"High priority - likely to keep declining, act first"
ACC_0308,BizCorp_0308,APAC,Retail,Premium,33120,0.9915,High,Yes,API usage fell -51% and active seats fell -50% together,This is not just a usage dip; fewer people are logging in at all. Prioritize an executive-sponsor call over a routine support touch.,"High priority - likely to keep declining, act first"
ACC_0616,BizCorp_0616,APAC,Technology,Standard,11520,0.9915,High,Yes,API usage fell -51% and active seats fell -50% together,This is not just a usage dip; fewer people are logging in at all. Prioritize an executive-sponsor call over a routine support touch.,"High priority - likely to keep declining, act first"
ACC_0540,BizCorp_0540,EMEA,Retail,Enterprise,311580,0.9915,High,Yes,API usage fell -48% and active seats fell -51% together,This is not just a usage dip; fewer people are logging in at all. Prioritize an executive-sponsor call over a routine support touch.,"High priority - likely to keep declining, act first"
ACC_0099,BizCorp_0099,EMEA,Financial Services,Premium,30960,0.9915,High,Yes,API usage fell -52% and active seats fell -57% together,This is not just a usage dip; fewer people are logging in at all. Prioritize an executive-sponsor call over a routine support touch.,"High priority - likely to keep declining, act first"
ACC_0047,BizCorp_0047,APAC,Technology,Standard,14400,0.9914,High,Yes,API usage fell -51% and active seats fell -50% together,This is not just a usage dip; fewer people are logging in at all. Prioritize an executive-sponsor call over a routine support touch.,"High priority - likely to keep declining, act first"
ACC_0139,BizCorp_0139,AMER,Manufacturing,Premium,34560,0.9914,High,Yes,API usage fell -49% and active seats fell -55% together,This is not just a usage dip; fewer people are logging in at all. Prioritize an executive-sponsor call over a routine support touch.,"High priority - likely to keep declining, act first"
ACC_0599,BizCorp_0599,EMEA,Logistics,Standard,13440,0.9914,High,Yes,API usage fell -49% and active seats fell -50% together,This is not just a usage dip; fewer people are logging in at all. Prioritize an executive-sponsor call over a routine support touch.,"High priority - likely to keep declining, act first"
ACC_0600,BizCorp_0600,APAC,Financial Services,Premium,28080,0.9914,High,Yes,API usage fell -48% and active seats fell -60% together,This is not just a usage dip; fewer people are logging in at all. Prioritize an executive-sponsor call over a routine support touch.,"High priority - likely to keep declining, act first"
ACC_0835,BizCorp_0835,APAC,Healthcare,Standard,11520,0.9914,High,Yes,API usage fell -51% and active seats fell -50% together,This is not just a usage dip; fewer people are logging in at all. Prioritize an executive-sponsor call over a routine support touch.,"High priority - likely to keep declining, act first"
ACC_0459,BizCorp_0459,AMER,Logistics,Enterprise,177120,0.9914,High,Yes,API usage fell -51% and active seats fell -50% together,This is not just a usage dip; fewer people are logging in at all. Prioritize an executive-sponsor call over a routine support touch.,"High priority - likely to keep declining, act first"
ACC_0474,BizCorp_0474,APAC,Technology,Enterprise,205740,0.9914,High,Yes,API usage fell -56% and active seats fell -51% together,This is not just a usage dip; fewer people are logging in at all. Prioritize an executive-sponsor call over a routine support touch.,"High priority - likely to keep declining, act first"
ACC_0024,BizCorp_0024,EMEA,Technology,Enterprise,180900,0.9913,High,Yes,API usage fell -54% and active seats fell -51% together,This is not just a usage dip; fewer people are logging in at all. Prioritize an executive-sponsor call over a routine support touch.,"High priority - likely to keep declining, act first"
ACC_0584,BizCorp_0584,EMEA,Healthcare,Premium,60480,0.9913,High,Yes,API usage fell -51% and active seats fell -55% together,This is not just a usage dip; fewer people are logging in at all. Prioritize an executive-sponsor call over a routine support touch.,"High priority - likely to keep declining, act first"
ACC_0512,BizCorp_0512,APAC,Logistics,Enterprise,178740,0.9913,High,Yes,API usage fell -55% and active seats fell -51% together,This is not just a usage dip; fewer people are logging in at all. Prioritize an executive-sponsor call over a routine support touch.,"High priority - likely to keep declining, act first"
ACC_0566,BizCorp_0566,EMEA,Technology,Enterprise,193320,0.9913,High,Yes,API usage fell -45% and active seats fell -50% together,This is not just a usage dip; fewer people are logging in at all. Prioritize an executive-sponsor call over a routine support touch.,"High priority - likely to keep declining, act first"
ACC_0170,BizCorp_0170,AMER,Logistics,Premium,87120,0.9912,High,Yes,API usage fell -50% and active seats fell -50% together,This is not just a usage dip; fewer people are logging in at all. Prioritize an executive-sponsor call over a routine support touch.,"High priority - likely to keep declining, act first"
ACC_0037,BizCorp_0037,AMER,Technology,Premium,43200,0.9912,High,Yes,API usage fell -53% and active seats fell -50% together,This is not just a usage dip; fewer people are logging in at all. Prioritize an executive-sponsor call over a routine support touch.,"High priority - likely to keep declining, act first"
ACC_0578,BizCorp_0578,AMER,Retail,Enterprise,277560,0.9912,High,Yes,API usage fell -54% and active seats fell -50% together,This is not just a usage dip; fewer people are logging in at all. Prioritize an executive-sponsor call over a routine support touch.,"High priority - likely to keep declining, act first"
ACC_0016,BizCorp_0016,APAC,Manufacturing,Premium,47520,0.9912,High,Yes,API usage fell -44% and active seats fell -50% together,This is not just a usage dip; fewer people are logging in at all. Prioritize an executive-sponsor call over a routine support touch.,"High priority - likely to keep declining, act first"
ACC_0587,BizCorp_0587,AMER,Technology,Enterprise,376920,0.9911,High,Yes,API usage fell -53% and active seats fell -50% together,This is not just a usage dip; fewer people are logging in at all. Prioritize an executive-sponsor call over a routine support touch.,"High priority - likely to keep declining, act first"
ACC_0857,BizCorp_0857,AMER,Healthcare,Premium,59760,0.991,High,Yes,API usage fell -57% and active seats fell -50% together,This is not just a usage dip; fewer people are logging in at all. Prioritize an executive-sponsor call over a routine support touch.,"High priority - likely to keep declining, act first"
ACC_0549,BizCorp_0549,APAC,Financial Services,Premium,18720,0.9909,High,Yes,API usage fell -50% and active seats fell -60% together,This is not just a usage dip; fewer people are logging in at all. Prioritize an executive-sponsor call over a routine support touch.,"High priority - likely to keep declining, act first"
ACC_0557,BizCorp_0557,APAC,Technology,Premium,25920,0.9909,High,Yes,API usage fell -52% and active seats fell -50% together,This is not just a usage dip; fewer people are logging in at all. Prioritize an executive-sponsor call over a routine support touch.,"High priority - likely to keep declining, act first"
ACC_0253,BizCorp_0253,APAC,Retail,Premium,72000,0.9907,High,Yes,API usage fell -50% and active seats fell -53% together,This is not just a usage dip; fewer people are logging in at all. Prioritize an executive-sponsor call over a routine support touch.,"High priority - likely to keep declining, act first"
ACC_0400,BizCorp_0400,AMER,Manufacturing,Premium,21600,0.9907,High,Yes,API usage fell -48% and active seats fell -57% together,This is not just a usage dip; fewer people are logging in at all. Prioritize an executive-sponsor call over a routine support touch.,"High priority - likely to keep declining, act first"
ACC_0775,BizCorp_0775,AMER,Logistics,Premium,41760,0.9907,High,Yes,API usage fell -44% and active seats fell -56% together,This is not just a usage dip; fewer people are logging in at all. Prioritize an executive-sponsor call over a routine support touch.,"High priority - likely to keep declining, act first"
ACC_0957,BizCorp_0957,EMEA,Logistics,Premium,62640,0.9907,High,Yes,API usage fell -44% and active seats fell -50% together,This is not just a usage dip; fewer people are logging in at all. Prioritize an executive-sponsor call over a routine support touch.,"High priority - likely to keep declining, act first"
ACC_0718,BizCorp_0718,EMEA,Technology,Enterprise,75600,0.9906,High,Yes,API usage fell -52% and active seats fell -50% together,This is not just a usage dip; fewer people are logging in at all. Prioritize an executive-sponsor call over a routine support touch.,"High priority - likely to keep declining, act first"
ACC_0737,BizCorp_0737,AMER,Healthcare,Enterprise,129600,0.9905,High,Yes,API usage fell -57% and active seats fell -51% together,This is not just a usage dip; fewer people are logging in at all. Prioritize an executive-sponsor call over a routine support touch.,"High priority - likely to keep declining, act first"
ACC_0855,BizCorp_0855,EMEA,Logistics,Enterprise,113940,0.9905,High,Yes,API usage fell -43% and active seats fell -50% together,This is not just a usage dip; fewer people are logging in at all. Prioritize an executive-sponsor call over a routine support touch.,"High priority - likely to keep declining, act first"
ACC_0178,BizCorp_0178,APAC,Manufacturing,Enterprise,146880,0.9904,High,Yes,API usage fell -49% and active seats fell -52% together,This is not just a usage dip; fewer people are logging in at all. Prioritize an executive-sponsor call over a routine support touch.,"High priority - likely to keep declining, act first"
ACC_0909,BizCorp_0909,AMER,Technology,Premium,70560,0.9904,High,Yes,API usage fell -52% and active seats fell -52% together,This is not just a usage dip; fewer people are logging in at all. Prioritize an executive-sponsor call over a routine support touch.,"High priority - likely to keep declining, act first"
ACC_0022,BizCorp_0022,APAC,Logistics,Premium,20880,0.9904,High,Yes,API usage fell -50% and active seats fell -50% together,This is not just a usage dip; fewer people are logging in at all. Prioritize an executive-sponsor call over a routine support touch.,"High priority - likely to keep declining, act first"
ACC_0774,BizCorp_0774,AMER,Retail,Enterprise,194400,0.9904,High,Yes,API usage fell -42% and active seats fell -51% together,This is not just a usage dip; fewer people are logging in at all. Prioritize an executive-sponsor call over a routine support touch.,"High priority - likely to keep declining, act first"
ACC_0894,BizCorp_0894,APAC,Financial Services,Premium,62640,0.9903,High,Yes,API usage fell -51% and active seats fell -50% together,This is not just a usage dip; fewer people are logging in at all. Prioritize an executive-sponsor call over a routine support touch.,"High priority - likely to keep declining, act first"
ACC_0338,BizCorp_0338,EMEA,Technology,Premium,66240,0.9902,High,Yes,API usage fell -46% and active seats fell -53% together,This is not just a usage dip; fewer people are logging in at all. Prioritize an executive-sponsor call over a routine support touch.,"High priority - likely to keep declining, act first"
ACC_0994,BizCorp_0994,AMER,Retail,Enterprise,127440,0.9902,High,Yes,API usage fell -52% and active seats fell -50% together,This is not just a usage dip; fewer people are logging in at all. Prioritize an executive-sponsor call over a routine support touch.,"High priority - likely to keep declining, act first"
ACC_0582,BizCorp_0582,APAC,Logistics,Enterprise,205200,0.9902,High,Yes,API usage fell -53% and active seats fell -51% together,This is not just a usage dip; fewer people are logging in at all. Prioritize an executive-sponsor call over a routine support touch.,"High priority - likely to keep declining, act first"
ACC_0679,BizCorp_0679,APAC,Logistics,Premium,39600,0.9901,High,Yes,API usage fell -51% and active seats fell -50% together,This is not just a usage dip; fewer people are logging in at all. Prioritize an executive-sponsor call over a routine support touch.,"High priority - likely to keep declining, act first"
ACC_0935,BizCorp_0935,EMEA,Healthcare,Enterprise,277560,0.9901,High,Yes,API usage fell -53% and active seats fell -50% together,This is not just a usage dip; fewer people are logging in at all. Prioritize an executive-sponsor call over a routine support touch.,"High priority - likely to keep declining, act first"
ACC_0949,BizCorp_0949,AMER,Technology,Enterprise,340740,0.9901,High,Yes,API usage fell -55% and active seats fell -50% together,This is not just a usage dip; fewer people are logging in at all. Prioritize an executive-sponsor call over a routine support touch.,"High priority - likely to keep declining, act first"
ACC_0826,BizCorp_0826,APAC,Logistics,Premium,28080,0.99,High,Yes,API usage fell -46% and active seats fell -50% together,This is not just a usage dip; fewer people are logging in at all. Prioritize an executive-sponsor call over a routine support touch.,"High priority - likely to keep declining, act first"
ACC_0796,BizCorp_0796,AMER,Retail,Premium,83520,0.9899,High,Yes,API usage fell -45% and active seats fell -50% together,This is not just a usage dip; fewer people are logging in at all. Prioritize an executive-sponsor call over a routine support touch.,"High priority - likely to keep declining, act first"
ACC_0537,BizCorp_0537,EMEA,Technology,Premium,54000,0.9899,High,Yes,API usage fell -49% and active seats fell -50% together,This is not just a usage dip; fewer people are logging in at all. Prioritize an executive-sponsor call over a routine support touch.,"High priority - likely to keep declining, act first"
ACC_0502,BizCorp_0502,AMER,Financial Services,Enterprise,390420,0.9899,High,Yes,API usage fell -55% and active seats fell -51% together,This is not just a usage dip; fewer people are logging in at all. Prioritize an executive-sponsor call over a routine support touch.,"High priority - likely to keep declining, act first"
ACC_0515,BizCorp_0515,AMER,Financial Services,Premium,60480,0.9898,High,Yes,API usage fell -53% and active seats fell -50% together,This is not just a usage dip; fewer people are logging in at all. Prioritize an executive-sponsor call over a routine support touch.,"High priority - likely to keep declining, act first"
ACC_0544,BizCorp_0544,EMEA,Manufacturing,Enterprise,144720,0.9897,High,Yes,API usage fell -46% and active seats fell -51% together,This is not just a usage dip; fewer people are logging in at all. Prioritize an executive-sponsor call over a routine support touch.,"High priority - likely to keep declining, act first"
ACC_0638,BizCorp_0638,EMEA,Healthcare,Premium,40320,0.9896,High,Yes,API usage fell -48% and active seats fell -50% together,This is not just a usage dip; fewer people are logging in at all. Prioritize an executive-sponsor call over a routine support touch.,"High priority - likely to keep declining, act first"
ACC_0889,BizCorp_0889,AMER,Technology,Enterprise,248940,0.9896,High,Yes,API usage fell -49% and active seats fell -50% together,This is not just a usage dip; fewer people are logging in at all. Prioritize an executive-sponsor call over a routine support touch.,"High priority - likely to keep declining, act first"
ACC_0822,BizCorp_0822,AMER,Logistics,Standard,16320,0.9896,High,Yes,API usage fell -47% and active seats fell -50% together,This is not just a usage dip; fewer people are logging in at all. Prioritize an executive-sponsor call over a routine support touch.,"High priority - likely to keep declining, act first"
ACC_0509,BizCorp_0509,AMER,Healthcare,Premium,43200,0.9895,High,Yes,API usage fell -52% and active seats fell -57% together,This is not just a usage dip; fewer people are logging in at all. Prioritize an executive-sponsor call over a routine support touch.,"High priority - likely to keep declining, act first"
ACC_0710,BizCorp_0710,APAC,Retail,Enterprise,70740,0.9895,High,Yes,API usage fell -50% and active seats fell -50% together,This is not just a usage dip; fewer people are logging in at all. Prioritize an executive-sponsor call over a routine support touch.,"High priority - likely to keep declining, act first"
ACC_0898,BizCorp_0898,EMEA,Technology,Enterprise,238680,0.9892,High,Yes,API usage fell -52% and active seats fell -50% together,This is not just a usage dip; fewer people are logging in at all. Prioritize an executive-sponsor call over a routine support touch.,"High priority - likely to keep declining, act first"
ACC_0495,BizCorp_0495,APAC,Healthcare,Premium,35280,0.9892,High,Yes,API usage fell -49% and active seats fell -50% together,This is not just a usage dip; fewer people are logging in at all. Prioritize an executive-sponsor call over a routine support touch.,"High priority - likely to keep declining, act first"
ACC_0781,BizCorp_0781,AMER,Healthcare,Premium,22320,0.989,High,Yes,API usage fell -50% and active seats fell -57% together,This is not just a usage dip; fewer people are logging in at all. Prioritize an executive-sponsor call over a routine support touch.,"High priority - likely to keep declining, act first"
ACC_0601,BizCorp_0601,APAC,Manufacturing,Enterprise,201420,0.989,High,Yes,API usage fell -51% and active seats fell -51% together,This is not just a usage dip; fewer people are logging in at all. Prioritize an executive-sponsor call over a routine support touch.,"High priority - likely to keep declining, act first"
ACC_0371,BizCorp_0371,APAC,Logistics,Enterprise,202500,0.989,High,Yes,API usage fell -53% and active seats fell -50% together,This is not just a usage dip; fewer people are logging in at all. Prioritize an executive-sponsor call over a routine support touch.,"High priority - likely to keep declining, act first"
ACC_0553,BizCorp_0553,APAC,Retail,Enterprise,87480,0.989,High,Yes,API usage fell -46% and active seats fell -51% together,This is not just a usage dip; fewer people are logging in at all. Prioritize an executive-sponsor call over a routine support touch.,"High priority - likely to keep declining, act first"
ACC_0451,BizCorp_0451,EMEA,Technology,Enterprise,90720,0.9889,High,Yes,API usage fell -52% and active seats fell -50% together,This is not just a usage dip; fewer people are logging in at all. Prioritize an executive-sponsor call over a routine support touch.,"High priority - likely to keep declining, act first"
ACC_0692,BizCorp_0692,AMER,Financial Services,Premium,58320,0.9886,High,Yes,API usage fell -53% and active seats fell -50% together,This is not just a usage dip; fewer people are logging in at all. Prioritize an executive-sponsor call over a routine support touch.,"High priority - likely to keep declining, act first"
ACC_0166,BizCorp_0166,AMER,Technology,Premium,38880,0.9886,High,Yes,API usage fell -49% and active seats fell -55% together,This is not just a usage dip; fewer people are logging in at all. Prioritize an executive-sponsor call over a routine support touch.,"High priority - likely to keep declining, act first"
ACC_0904,BizCorp_0904,AMER,Technology,Premium,70560,0.9886,High,Yes,API usage fell -51% and active seats fell -50% together,This is not just a usage dip; fewer people are logging in at all. Prioritize an executive-sponsor call over a routine support touch.,"High priority - likely to keep declining, act first"
ACC_0385,BizCorp_0385,AMER,Technology,Enterprise,151200,0.9885,High,Yes,API usage fell -52% and active seats fell -50% together,This is not just a usage dip; fewer people are logging in at all. Prioritize an executive-sponsor call over a routine support touch.,"High priority - likely to keep declining, act first"
ACC_0793,BizCorp_0793,EMEA,Retail,Enterprise,88020,0.9884,High,Yes,API usage fell -46% and active seats fell -50% together,This is not just a usage dip; fewer people are logging in at all. Prioritize an executive-sponsor call over a routine support touch.,"High priority - likely to keep declining, act first"
ACC_0231,BizCorp_0231,EMEA,Technology,Premium,48960,0.9883,High,Yes,API usage fell -47% and active seats fell -54% together,This is not just a usage dip; fewer people are logging in at all. Prioritize an executive-sponsor call over a routine support touch.,"High priority - likely to keep declining, act first"
ACC_0547,BizCorp_0547,AMER,Manufacturing,Premium,154800,0.9882,High,Yes,API usage fell -44% and active seats fell -50% together,This is not just a usage dip; fewer people are logging in at all. Prioritize an executive-sponsor call over a routine support touch.,"High priority - likely to keep declining, act first"
ACC_0984,BizCorp_0984,AMER,Retail,Premium,36720,0.9882,High,Yes,API usage fell -48% and active seats fell -50% together,This is not just a usage dip; fewer people are logging in at all. Prioritize an executive-sponsor call over a routine support touch.,"High priority - likely to keep declining, act first"
ACC_0859,BizCorp_0859,APAC,Healthcare,Standard,8640,0.9881,Medium,Yes,API usage fell -48% and active seats fell -50% together,This is not just a usage dip; fewer people are logging in at all. Prioritize an executive-sponsor call over a routine support touch.,Medium priority - watch
ACC_0506,BizCorp_0506,EMEA,Retail,Enterprise,239760,0.9881,Medium,Yes,API usage fell -49% and active seats fell -51% together,This is not just a usage dip; fewer people are logging in at all. Prioritize an executive-sponsor call over a routine support touch.,Medium priority - watch
ACC_0562,BizCorp_0562,AMER,Financial Services,Standard,12480,0.9881,Medium,Yes,API usage fell -50% and active seats fell -50% together,This is not just a usage dip; fewer people are logging in at all. Prioritize an executive-sponsor call over a routine support touch.,Medium priority - watch
ACC_0355,BizCorp_0355,AMER,Technology,Premium,83520,0.9881,High,Yes,API usage fell -51% and active seats fell -50% together,This is not just a usage dip; fewer people are logging in at all. Prioritize an executive-sponsor call over a routine support touch.,"High priority - likely to keep declining, act first"
ACC_0986,BizCorp_0986,AMER,Retail,Premium,68400,0.988,Medium,Yes,API usage fell -49% and active seats fell -50% together,This is not just a usage dip; fewer people are logging in at all. Prioritize an executive-sponsor call over a routine support touch.,Medium priority - watch
ACC_0538,BizCorp_0538,AMER,Logistics,Enterprise,166860,0.988,Medium,Yes,API usage fell -49% and active seats fell -51% together,This is not just a usage dip; fewer people are logging in at all. Prioritize an executive-sponsor call over a routine support touch.,Medium priority - watch
ACC_0048,BizCorp_0048,APAC,Technology,Premium,59760,0.9879,Medium,Yes,API usage fell -49% and active seats fell -53% together,This is not just a usage dip; fewer people are logging in at all. Prioritize an executive-sponsor call over a routine support touch.,Medium priority - watch
ACC_0478,BizCorp_0478,AMER,Logistics,Enterprise,169020,0.9878,Medium,Yes,API usage fell -52% and active seats fell -50% together,This is not just a usage dip; fewer people are logging in at all. Prioritize an executive-sponsor call over a routine support touch.,Medium priority - watch
ACC_0593,BizCorp_0593,APAC,Technology,Enterprise,170100,0.9878,Medium,Yes,API usage fell -50% and active seats fell -51% together,This is not just a usage dip; fewer people are logging in at all. Prioritize an executive-sponsor call over a routine support touch.,Medium priority - watch
ACC_0883,BizCorp_0883,EMEA,Financial Services,Premium,27360,0.9878,Medium,Yes,API usage fell -50% and active seats fell -50% together,This is not just a usage dip; fewer people are logging in at all. Prioritize an executive-sponsor call over a routine support touch.,Medium priority - watch
ACC_0693,BizCorp_0693,EMEA,Healthcare,Enterprise,170100,0.9875,Medium,Yes,API usage fell -52% and active seats fell -51% together,This is not just a usage dip; fewer people are logging in at all. Prioritize an executive-sponsor call over a routine support touch.,Medium priority - watch
ACC_0269,BizCorp_0269,AMER,Healthcare,Enterprise,204660,0.9873,Medium,Yes,API usage fell -45% and active seats fell -51% together,This is not just a usage dip; fewer people are logging in at all. Prioritize an executive-sponsor call over a routine support touch.,Medium priority - watch
ACC_0150,BizCorp_0150,APAC,Technology,Enterprise,124740,0.9872,Medium,Yes,API usage fell -52% and active seats fell -50% together,This is not just a usage dip; fewer people are logging in at all. Prioritize an executive-sponsor call over a routine support touch.,Medium priority - watch
ACC_0444,BizCorp_0444,APAC,Technology,Enterprise,149580,0.987,Medium,Yes,API usage fell -42% and active seats fell -50% together,This is not just a usage dip; fewer people are logging in at all. Prioritize an executive-sponsor call over a routine support touch.,Medium priority - watch
ACC_0448,BizCorp_0448,APAC,Retail,Enterprise,387180,0.987,Medium,Yes,API usage fell -47% and active seats fell -51% together,This is not just a usage dip; fewer people are logging in at all. Prioritize an executive-sponsor call over a routine support touch.,Medium priority - watch
ACC_0141,BizCorp_0141,AMER,Technology,Premium,45360,0.9869,Medium,Yes,API usage fell -48% and active seats fell -50% together,This is not just a usage dip; fewer people are logging in at all. Prioritize an executive-sponsor call over a routine support touch.,Medium priority - watch
ACC_0174,BizCorp_0174,EMEA,Technology,Enterprise,104220,0.9869,Medium,Yes,API usage fell -44% and active seats fell -51% together,This is not just a usage dip; fewer people are logging in at all. Prioritize an executive-sponsor call over a routine support touch.,Medium priority - watch
ACC_0372,BizCorp_0372,AMER,Manufacturing,Premium,55440,0.9868,Medium,Yes,API usage fell -48% and active seats fell -50% together,This is not just a usage dip; fewer people are logging in at all. Prioritize an executive-sponsor call over a routine support touch.,Medium priority - watch
ACC_0760,BizCorp_0760,AMER,Technology,Enterprise,186300,0.9867,Medium,Yes,API usage fell -48% and active seats fell -51% together,This is not just a usage dip; fewer people are logging in at all. Prioritize an executive-sponsor call over a routine support touch.,Medium priority - watch
ACC_0390,BizCorp_0390,EMEA,Technology,Premium,38880,0.9866,Medium,Yes,API usage fell -46% and active seats fell -50% together,This is not just a usage dip; fewer people are logging in at all. Prioritize an executive-sponsor call over a routine support touch.,Medium priority - watch
ACC_0766,BizCorp_0766,APAC,Healthcare,Premium,139680,0.9863,Medium,Yes,API usage fell -50% and active seats fell -52% together,This is not just a usage dip; fewer people are logging in at all. Prioritize an executive-sponsor call over a routine support touch.,Medium priority - watch
ACC_0063,BizCorp_0063,AMER,Logistics,Enterprise,257580,0.9862,Medium,Yes,API usage fell -50% and active seats fell -51% together,This is not just a usage dip; fewer people are logging in at all. Prioritize an executive-sponsor call over a routine support touch.,Medium priority - watch
ACC_0892,BizCorp_0892,AMER,Healthcare,Enterprise,282960,0.9862,Medium,Yes,API usage fell -51% and active seats fell -51% together,This is not just a usage dip; fewer people are logging in at all. Prioritize an executive-sponsor call over a routine support touch.,Medium priority - watch
ACC_0880,BizCorp_0880,AMER,Financial Services,Enterprise,56700,0.9861,Medium,Yes,API usage fell -51% and active seats fell -50% together,This is not just a usage dip; fewer people are logging in at all. Prioritize an executive-sponsor call over a routine support touch.,Medium priority - watch
ACC_0612,BizCorp_0612,APAC,Healthcare,Enterprise,112320,0.9858,Medium,Yes,API usage fell -46% and active seats fell -52% together,This is not just a usage dip; fewer people are logging in at all. Prioritize an executive-sponsor call over a routine support touch.,Medium priority - watch
ACC_0452,BizCorp_0452,EMEA,Retail,Enterprise,109080,0.9856,Medium,Yes,API usage fell -47% and active seats fell -52% together,This is not just a usage dip; fewer people are logging in at all. Prioritize an executive-sponsor call over a routine support touch.,Medium priority - watch
ACC_0694,BizCorp_0694,APAC,Technology,Enterprise,58860,0.9852,Medium,Yes,API usage fell -47% and active seats fell -50% together,This is not just a usage dip; fewer people are logging in at all. Prioritize an executive-sponsor call over a routine support touch.,Medium priority - watch
ACC_0917,BizCorp_0917,APAC,Financial Services,Enterprise,95580,0.9852,Medium,Yes,API usage fell -44% and active seats fell -51% together,This is not just a usage dip; fewer people are logging in at all. Prioritize an executive-sponsor call over a routine support touch.,Medium priority - watch
ACC_0326,BizCorp_0326,AMER,Healthcare,Premium,46080,0.9851,Medium,Yes,API usage fell -51% and active seats fell -50% together,This is not just a usage dip; fewer people are logging in at all. Prioritize an executive-sponsor call over a routine support touch.,Medium priority - watch
ACC_0680,BizCorp_0680,APAC,Technology,Enterprise,109620,0.985,Medium,Yes,API usage fell -52% and active seats fell -50% together,This is not just a usage dip; fewer people are logging in at all. Prioritize an executive-sponsor call over a routine support touch.,Medium priority - watch
ACC_0842,BizCorp_0842,APAC,Retail,Enterprise,76680,0.9849,Medium,Yes,API usage fell -48% and active seats fell -50% together,This is not just a usage dip; fewer people are logging in at all. Prioritize an executive-sponsor call over a routine support touch.,Medium priority - watch
ACC_0511,BizCorp_0511,AMER,Logistics,Enterprise,293220,0.9848,Medium,Yes,API usage fell -50% and active seats fell -51% together,This is not just a usage dip; fewer people are logging in at all. Prioritize an executive-sponsor call over a routine support touch.,Medium priority - watch
ACC_0742,BizCorp_0742,AMER,Financial Services,Standard,36480,0.9845,Medium,Yes,API usage fell -44% and active seats fell -50% together,This is not just a usage dip; fewer people are logging in at all. Prioritize an executive-sponsor call over a routine support touch.,Medium priority - watch
ACC_0282,BizCorp_0282,AMER,Healthcare,Enterprise,171180,0.9844,Medium,Yes,API usage fell -51% and active seats fell -51% together,This is not just a usage dip; fewer people are logging in at all. Prioritize an executive-sponsor call over a routine support touch.,Medium priority - watch
ACC_0961,BizCorp_0961,APAC,Technology,Enterprise,131220,0.9841,Medium,Yes,API usage fell -49% and active seats fell -51% together,This is not just a usage dip; fewer people are logging in at all. Prioritize an executive-sponsor call over a routine support touch.,Medium priority - watch
ACC_0296,BizCorp_0296,AMER,Technology,Enterprise,302940,0.9837,Medium,Yes,API usage fell -49% and active seats fell -50% together,This is not just a usage dip; fewer people are logging in at all. Prioritize an executive-sponsor call over a routine support touch.,Medium priority - watch
ACC_0180,BizCorp_0180,AMER,Technology,Enterprise,130140,0.9837,Medium,Yes,API usage fell -50% and active seats fell -52% together,This is not just a usage dip; fewer people are logging in at all. Prioritize an executive-sponsor call over a routine support touch.,Medium priority - watch
ACC_0922,BizCorp_0922,AMER,Logistics,Enterprise,136080,0.9836,Medium,Yes,API usage fell -44% and active seats fell -51% together,This is not just a usage dip; fewer people are logging in at all. Prioritize an executive-sponsor call over a routine support touch.,Medium priority - watch
ACC_0098,BizCorp_0098,AMER,Financial Services,Premium,64080,0.9836,Medium,Yes,API usage fell -48% and active seats fell -56% together,This is not just a usage dip; fewer people are logging in at all. Prioritize an executive-sponsor call over a routine support touch.,Medium priority - watch
ACC_0113,BizCorp_0113,APAC,Healthcare,Enterprise,115020,0.9834,Medium,Yes,API usage fell -45% and active seats fell -50% together,This is not just a usage dip; fewer people are logging in at all. Prioritize an executive-sponsor call over a routine support touch.,Medium priority - watch
ACC_0714,BizCorp_0714,APAC,Technology,Enterprise,106380,0.9825,Medium,Yes,API usage fell -44% and active seats fell -51% together,This is not just a usage dip; fewer people are logging in at all. Prioritize an executive-sponsor call over a routine support touch.,Medium priority - watch
ACC_0342,BizCorp_0342,AMER,Healthcare,Enterprise,136080,0.9809,Medium,Yes,API usage fell -43% and active seats fell -51% together,This is not just a usage dip; fewer people are logging in at all. Prioritize an executive-sponsor call over a routine support touch.,Medium priority - watch
ACC_0945,BizCorp_0945,APAC,Financial Services,Premium,68400,0.9804,Medium,Yes,API usage fell -47% and active seats fell -50% together,This is not just a usage dip; fewer people are logging in at all. Prioritize an executive-sponsor call over a routine support touch.,Medium priority - watch
ACC_0635,BizCorp_0635,EMEA,Retail,Standard,6720,0.9797,Medium,Yes,API usage fell -56% and active seats fell +0% together,This is not just a usage dip; fewer people are logging in at all. Prioritize an executive-sponsor call over a routine support touch.,Medium priority - watch
ACC_0292,BizCorp_0292,APAC,Manufacturing,Standard,3840,0.9746,Medium,Yes,API usage fell -57% and active seats fell +0% together,This is not just a usage dip; fewer people are logging in at all. Prioritize an executive-sponsor call over a routine support touch.,Medium priority - watch
ACC_0526,BizCorp_0526,EMEA,Retail,Standard,3840,0.9744,Medium,Yes,API usage fell -46% and active seats fell +0% together,This is not just a usage dip; fewer people are logging in at all. Prioritize an executive-sponsor call over a routine support touch.,Medium priority - watch
ACC_0535,BizCorp_0535,APAC,Manufacturing,Standard,11520,0.9723,Medium,Yes,API usage fell -54% and active seats fell +0% together,This is not just a usage dip; fewer people are logging in at all. Prioritize an executive-sponsor call over a routine support touch.,Medium priority - watch
ACC_0248,BizCorp_0248,AMER,Manufacturing,Standard,11520,0.9689,Medium,Yes,API usage fell -54% and active seats fell +0% together,This is not just a usage dip; fewer people are logging in at all. Prioritize an executive-sponsor call over a routine support touch.,Medium priority - watch
ACC_0981,BizCorp_0981,EMEA,Manufacturing,Standard,4800,0.9668,Medium,Yes,API usage fell -42% and active seats fell +0% together,This is not just a usage dip; fewer people are logging in at all. Prioritize an executive-sponsor call over a routine support touch.,Medium priority - watch
ACC_0816,BizCorp_0816,EMEA,Financial Services,Standard,3840,0.9658,Medium,Yes,API usage fell -52% and active seats fell +0% together,This is not just a usage dip; fewer people are logging in at all. Prioritize an executive-sponsor call over a routine support touch.,Medium priority - watch
ACC_0820,BizCorp_0820,EMEA,Healthcare,Standard,2880,0.9652,Medium,Yes,API usage fell -43% and active seats fell +0% together,This is not just a usage dip; fewer people are logging in at all. Prioritize an executive-sponsor call over a routine support touch.,Medium priority - watch
ACC_0908,BizCorp_0908,AMER,Logistics,Standard,2880,0.9635,Medium,Yes,API usage fell -51% and active seats fell +0% together,This is not just a usage dip; fewer people are logging in at all. Prioritize an executive-sponsor call over a routine support touch.,Medium priority - watch
ACC_0944,BizCorp_0944,APAC,Financial Services,Standard,10560,0.9633,Medium,Yes,API usage fell -56% and active seats fell +0% together,This is not just a usage dip; fewer people are logging in at all. Prioritize an executive-sponsor call over a routine support touch.,Medium priority - watch
ACC_0220,BizCorp_0220,AMER,Financial Services,Standard,2880,0.9629,Medium,Yes,API usage fell -55% and active seats fell +0% together,This is not just a usage dip; fewer people are logging in at all. Prioritize an executive-sponsor call over a routine support touch.,Medium priority - watch
ACC_0524,BizCorp_0524,APAC,Technology,Standard,6720,0.9626,Medium,Yes,API usage fell -54% and active seats fell +0% together,This is not just a usage dip; fewer people are logging in at all. Prioritize an executive-sponsor call over a routine support touch.,Medium priority - watch
ACC_0915,BizCorp_0915,AMER,Manufacturing,Standard,11520,0.9624,Medium,Yes,API usage fell -54% and active seats fell +0% together,This is not just a usage dip; fewer people are logging in at all. Prioritize an executive-sponsor call over a routine support touch.,Medium priority - watch
ACC_0294,BizCorp_0294,EMEA,Financial Services,Standard,5760,0.9613,Medium,Yes,API usage fell -54% and active seats fell +0% together,This is not just a usage dip; fewer people are logging in at all. Prioritize an executive-sponsor call over a routine support touch.,Medium priority - watch
ACC_0532,BizCorp_0532,AMER,Logistics,Standard,5760,0.9603,Medium,Yes,API usage fell -47% and active seats fell +0% together,This is not just a usage dip; fewer people are logging in at all. Prioritize an executive-sponsor call over a routine support touch.,Medium priority - watch
ACC_0884,BizCorp_0884,APAC,Financial Services,Standard,4800,0.96,Medium,Yes,API usage fell -54% and active seats fell +0% together,This is not just a usage dip; fewer people are logging in at all. Prioritize an executive-sponsor call over a routine support touch.,Medium priority - watch
ACC_0716,BizCorp_0716,APAC,Technology,Standard,5760,0.9598,Medium,Yes,API usage fell -43% and active seats fell +0% together,This is not just a usage dip; fewer people are logging in at all. Prioritize an executive-sponsor call over a routine support touch.,Medium priority - watch
ACC_0561,BizCorp_0561,EMEA,Retail,Standard,7680,0.9594,Medium,Yes,API usage fell -50% and active seats fell +0% together,This is not just a usage dip; fewer people are logging in at all. Prioritize an executive-sponsor call over a routine support touch.,Medium priority - watch
ACC_0573,BizCorp_0573,AMER,Retail,Standard,9600,0.9591,Medium,Yes,API usage fell -51% and active seats fell +0% together,This is not just a usage dip; fewer people are logging in at all. Prioritize an executive-sponsor call over a routine support touch.,Medium priority - watch
ACC_0534,BizCorp_0534,APAC,Manufacturing,Standard,7680,0.9584,Medium,Yes,API usage fell -52% and active seats fell +0% together,This is not just a usage dip; fewer people are logging in at all. Prioritize an executive-sponsor call over a routine support touch.,Medium priority - watch
ACC_0487,BizCorp_0487,EMEA,Technology,Standard,8640,0.9571,Medium,Yes,API usage fell -51% and active seats fell +0% together,This is not just a usage dip; fewer people are logging in at all. Prioritize an executive-sponsor call over a routine support touch.,Medium priority - watch
ACC_0323,BizCorp_0323,EMEA,Healthcare,Standard,10560,0.9571,Medium,Yes,API usage fell -49% and active seats fell +0% together,This is not just a usage dip; fewer people are logging in at all. Prioritize an executive-sponsor call over a routine support touch.,Medium priority - watch
ACC_0596,BizCorp_0596,AMER,Logistics,Standard,4800,0.9566,Medium,Yes,API usage fell -49% and active seats fell +0% together,This is not just a usage dip; fewer people are logging in at all. Prioritize an executive-sponsor call over a routine support touch.,Medium priority - watch
ACC_0797,BizCorp_0797,AMER,Retail,Standard,7680,0.9566,Medium,Yes,API usage fell -49% and active seats fell +0% together,This is not just a usage dip; fewer people are logging in at all. Prioritize an executive-sponsor call over a routine support touch.,Medium priority - watch
ACC_0244,BizCorp_0244,AMER,Logistics,Standard,6720,0.9566,Medium,Yes,API usage fell -52% and active seats fell +0% together,This is not just a usage dip; fewer people are logging in at all. Prioritize an executive-sponsor call over a routine support touch.,Medium priority - watch
ACC_0746,BizCorp_0746,EMEA,Financial Services,Standard,6720,0.9564,Medium,Yes,API usage fell -52% and active seats fell +0% together,This is not just a usage dip; fewer people are logging in at all. Prioritize an executive-sponsor call over a routine support touch.,Medium priority - watch
ACC_0789,BizCorp_0789,AMER,Financial Services,Standard,5760,0.9559,Medium,Yes,API usage fell -55% and active seats fell +0% together,This is not just a usage dip; fewer people are logging in at all. Prioritize an executive-sponsor call over a routine support touch.,Medium priority - watch
ACC_0195,BizCorp_0195,APAC,Technology,Standard,4800,0.9559,Medium,Yes,API usage fell -49% and active seats fell +0% together,This is not just a usage dip; fewer people are logging in at all. Prioritize an executive-sponsor call over a routine support touch.,Medium priority - watch
ACC_0155,BizCorp_0155,AMER,Financial Services,Standard,6720,0.9548,Medium,Yes,API usage fell -55% and active seats fell +0% together,This is not just a usage dip; fewer people are logging in at all. Prioritize an executive-sponsor call over a routine support touch.,Medium priority - watch
ACC_0131,BizCorp_0131,APAC,Manufacturing,Standard,7680,0.9543,Medium,Yes,API usage fell -51% and active seats fell +0% together,This is not just a usage dip; fewer people are logging in at all. Prioritize an executive-sponsor call over a routine support touch.,Medium priority - watch
ACC_0268,BizCorp_0268,APAC,Technology,Standard,13440,0.9537,Medium,Yes,API usage fell -52% and active seats fell +0% together,This is not just a usage dip; fewer people are logging in at all. Prioritize an executive-sponsor call over a routine support touch.,Medium priority - watch
ACC_0807,BizCorp_0807,APAC,Healthcare,Standard,6720,0.9524,Medium,Yes,API usage fell -44% and active seats fell +0% together,This is not just a usage dip; fewer people are logging in at all. Prioritize an executive-sponsor call over a routine support touch.,Medium priority - watch
ACC_0476,BizCorp_0476,AMER,Manufacturing,Standard,6720,0.952,Medium,Yes,API usage fell -46% and active seats fell +0% together,This is not just a usage dip; fewer people are logging in at all. Prioritize an executive-sponsor call over a routine support touch.,Medium priority - watch
ACC_0905,BizCorp_0905,EMEA,Logistics,Standard,7680,0.9517,Medium,Yes,API usage fell -42% and active seats fell +0% together,This is not just a usage dip; fewer people are logging in at all. Prioritize an executive-sponsor call over a routine support touch.,Medium priority - watch
ACC_0301,BizCorp_0301,AMER,Logistics,Standard,5760,0.9516,Medium,Yes,API usage fell -48% and active seats fell +0% together,This is not just a usage dip; fewer people are logging in at all. Prioritize an executive-sponsor call over a routine support touch.,Medium priority - watch
ACC_0564,BizCorp_0564,EMEA,Technology,Standard,11520,0.9512,Medium,Yes,API usage fell -49% and active seats fell +0% together,This is not just a usage dip; fewer people are logging in at all. Prioritize an executive-sponsor call over a routine support touch.,Medium priority - watch
ACC_0827,BizCorp_0827,AMER,Logistics,Standard,4800,0.9511,Medium,Yes,API usage fell -49% and active seats fell +0% together,This is not just a usage dip; fewer people are logging in at all. Prioritize an executive-sponsor call over a routine support touch.,Medium priority - watch
ACC_0071,BizCorp_0071,EMEA,Financial Services,Standard,13440,0.9476,Medium,Yes,API usage fell -52% and active seats fell +0% together,This is not just a usage dip; fewer people are logging in at all. Prioritize an executive-sponsor call over a routine support touch.,Medium priority - watch
ACC_0753,BizCorp_0753,APAC,Retail,Standard,10560,0.9473,Medium,Yes,API usage fell -50% and active seats fell +0% together,This is not just a usage dip; fewer people are logging in at all. Prioritize an executive-sponsor call over a routine support touch.,Medium priority - watch
ACC_0287,BizCorp_0287,AMER,Financial Services,Standard,3840,0.9468,Medium,Yes,API usage fell -45% and active seats fell +0% together,This is not just a usage dip; fewer people are logging in at all. Prioritize an executive-sponsor call over a routine support touch.,Medium priority - watch
ACC_0520,BizCorp_0520,APAC,Healthcare,Standard,7680,0.9467,Medium,Yes,API usage fell -50% and active seats fell +0% together,This is not just a usage dip; fewer people are logging in at all. Prioritize an executive-sponsor call over a routine support touch.,Medium priority - watch
ACC_0089,BizCorp_0089,APAC,Healthcare,Standard,7680,0.9451,Medium,Yes,API usage fell -52% and active seats fell +0% together,This is not just a usage dip; fewer people are logging in at all. Prioritize an executive-sponsor call over a routine support touch.,Medium priority - watch
ACC_0362,BizCorp_0362,AMER,Healthcare,Standard,6720,0.9419,Medium,Yes,API usage fell -50% and active seats fell +0% together,This is not just a usage dip; fewer people are logging in at all. Prioritize an executive-sponsor call over a routine support touch.,Medium priority - watch
ACC_0057,BizCorp_0057,AMER,Financial Services,Standard,5760,0.9397,Medium,Yes,API usage fell -43% and active seats fell +0% together,This is not just a usage dip; fewer people are logging in at all. Prioritize an executive-sponsor call over a routine support touch.,Medium priority - watch
ACC_0555,BizCorp_0555,APAC,Logistics,Standard,7680,0.9382,Medium,Yes,API usage fell -48% and active seats fell +0% together,This is not just a usage dip; fewer people are logging in at all. Prioritize an executive-sponsor call over a routine support touch.,Medium priority - watch
ACC_0952,BizCorp_0952,APAC,Financial Services,Standard,9600,0.9353,Medium,Yes,API usage fell -50% and active seats fell +0% together,This is not just a usage dip; fewer people are logging in at all. Prioritize an executive-sponsor call over a routine support touch.,Medium priority - watch
ACC_0194,BizCorp_0194,EMEA,Healthcare,Standard,11520,0.9339,Medium,Yes,API usage fell -48% and active seats fell +0% together,This is not just a usage dip; fewer people are logging in at all. Prioritize an executive-sponsor call over a routine support touch.,Medium priority - watch
ACC_0740,BizCorp_0740,AMER,Technology,Standard,11520,0.9333,Medium,Yes,API usage fell -49% and active seats fell +0% together,This is not just a usage dip; fewer people are logging in at all. Prioritize an executive-sponsor call over a routine support touch.,Medium priority - watch
ACC_0542,BizCorp_0542,APAC,Healthcare,Standard,3840,0.9257,Medium,Yes,API usage fell -44% and active seats fell +0% together,This is not just a usage dip; fewer people are logging in at all. Prioritize an executive-sponsor call over a routine support touch.,Medium priority - watch
ACC_0620,BizCorp_0620,EMEA,Manufacturing,Premium,34560,0.7806,Medium,No,API usage fell -30% and active seats fell -15% together,This is not just a usage dip; fewer people are logging in at all. Prioritize an executive-sponsor call over a routine support touch.,Medium priority - watch
ACC_0569,BizCorp_0569,AMER,Financial Services,Standard,5760,0.776,Medium,No,Active seats fell -33% last month,Check for an offboarded champion or a team reorg; get reintroduced to whoever is using the product day to day now.,Medium priority - watch
ACC_0837,BizCorp_0837,EMEA,Logistics,Standard,11520,0.7465,Medium,No,API usage fell -30% last month,"Open with the drop-off itself: ask what changed operationally last month (an integration issue, a champion leaving, a competing tool).",Medium priority - watch
ACC_0350,BizCorp_0350,AMER,Retail,Premium,44640,0.6908,Medium,No,API usage fell -26% and active seats fell -15% together,This is not just a usage dip; fewer people are logging in at all. Prioritize an executive-sponsor call over a routine support touch.,Medium priority - watch
ACC_0914,BizCorp_0914,APAC,Logistics,Premium,57600,0.678,Medium,No,API usage fell -26% last month,"Open with the drop-off itself: ask what changed operationally last month (an integration issue, a champion leaving, a competing tool).",Medium priority - watch
ACC_0623,BizCorp_0623,EMEA,Manufacturing,Premium,34560,0.67,Medium,No,API usage fell -21% last month,"Open with the drop-off itself: ask what changed operationally last month (an integration issue, a champion leaving, a competing tool).",Medium priority - watch
ACC_0728,BizCorp_0728,EMEA,Manufacturing,Premium,25920,0.6498,Medium,No,API usage fell -24% last month,"Open with the drop-off itself: ask what changed operationally last month (an integration issue, a champion leaving, a competing tool).",Medium priority - watch
ACC_0225,BizCorp_0225,APAC,Logistics,Premium,34560,0.6466,Medium,No,API usage fell -26% last month,"Open with the drop-off itself: ask what changed operationally last month (an integration issue, a champion leaving, a competing tool).",Medium priority - watch
ACC_0087,BizCorp_0087,AMER,Manufacturing,Standard,17280,0.6417,Medium,No,API usage fell -24% last month,"Open with the drop-off itself: ask what changed operationally last month (an integration issue, a champion leaving, a competing tool).",Medium priority - watch
ACC_0251,BizCorp_0251,AMER,Retail,Premium,18720,0.6379,Medium,No,API usage fell -10% and active seats fell -16% together,This is not just a usage dip; fewer people are logging in at all. Prioritize an executive-sponsor call over a routine support touch.,Medium priority - watch
ACC_0619,BizCorp_0619,AMER,Manufacturing,Standard,3840,0.6208,Medium,No,Active seats fell -33% last month,Check for an offboarded champion or a team reorg; get reintroduced to whoever is using the product day to day now.,Medium priority - watch
ACC_0798,BizCorp_0798,AMER,Logistics,Standard,21120,0.6184,Medium,No,API usage fell -27% last month,"Open with the drop-off itself: ask what changed operationally last month (an integration issue, a champion leaving, a competing tool).",Medium priority - watch
ACC_0273,BizCorp_0273,APAC,Manufacturing,Standard,14400,0.6145,Medium,No,API usage fell -25% last month,"Open with the drop-off itself: ask what changed operationally last month (an integration issue, a champion leaving, a competing tool).",Medium priority - watch
ACC_0262,BizCorp_0262,EMEA,Retail,Premium,46080,0.6101,Medium,No,Active seats fell -10% last month,Check for an offboarded champion or a team reorg; get reintroduced to whoever is using the product day to day now.,Medium priority - watch
ACC_0697,BizCorp_0697,EMEA,Technology,Enterprise,73440,0.5988,Medium,No,API usage fell -22% last month,"Open with the drop-off itself: ask what changed operationally last month (an integration issue, a champion leaving, a competing tool).",Medium priority - watch
ACC_0354,BizCorp_0354,APAC,Technology,Premium,69840,0.5922,Medium,No,API usage fell -27% last month,"Open with the drop-off itself: ask what changed operationally last month (an integration issue, a champion leaving, a competing tool).",Medium priority - watch
ACC_0531,BizCorp_0531,EMEA,Financial Services,Standard,8640,0.5871,Medium,No,API usage fell -14% and active seats fell -12% together,This is not just a usage dip; fewer people are logging in at all. Prioritize an executive-sponsor call over a routine support touch.,Medium priority - watch
ACC_0923,BizCorp_0923,APAC,Retail,Standard,2880,0.5842,Medium,No,Usage has swung sharply for two months running,Confirm this isn't seasonal (their own busy/slow cycle) before treating it as a churn signal.,Medium priority - watch
ACC_0977,BizCorp_0977,APAC,Technology,Premium,64080,0.5744,Medium,No,API usage fell -12% and active seats fell -17% together,This is not just a usage dip; fewer people are logging in at all. Prioritize an executive-sponsor call over a routine support touch.,Medium priority - watch
ACC_0828,BizCorp_0828,APAC,Manufacturing,Enterprise,83700,0.5675,Medium,No,API usage fell -16% last month,"Open with the drop-off itself: ask what changed operationally last month (an integration issue, a champion leaving, a competing tool).",Medium priority - watch
ACC_0887,BizCorp_0887,AMER,Financial Services,Standard,10560,0.5653,Medium,No,API usage fell -27% last month,"Open with the drop-off itself: ask what changed operationally last month (an integration issue, a champion leaving, a competing tool).",Medium priority - watch
ACC_0785,BizCorp_0785,AMER,Healthcare,Standard,28800,0.5567,Medium,No,API usage fell -25% last month,"Open with the drop-off itself: ask what changed operationally last month (an integration issue, a champion leaving, a competing tool).",Medium priority - watch
ACC_0727,BizCorp_0727,EMEA,Financial Services,Standard,14400,0.5562,Medium,No,API usage fell -17% and active seats fell -11% together,This is not just a usage dip; fewer people are logging in at all. Prioritize an executive-sponsor call over a routine support touch.,Medium priority - watch
ACC_0845,BizCorp_0845,EMEA,Manufacturing,Standard,19200,0.5555,Medium,No,Active seats fell -11% last month,Check for an offboarded champion or a team reorg; get reintroduced to whoever is using the product day to day now.,Medium priority - watch
ACC_0415,BizCorp_0415,EMEA,Financial Services,Standard,3840,0.5534,Medium,No,API usage fell -21% last month,"Open with the drop-off itself: ask what changed operationally last month (an integration issue, a champion leaving, a competing tool).",Medium priority - watch
ACC_0956,BizCorp_0956,EMEA,Technology,Standard,5760,0.5518,Medium,No,Active seats fell -25% last month,Check for an offboarded champion or a team reorg; get reintroduced to whoever is using the product day to day now.,Medium priority - watch
ACC_0075,BizCorp_0075,APAC,Manufacturing,Standard,18240,0.5381,Medium,No,API usage fell -18% last month,"Open with the drop-off itself: ask what changed operationally last month (an integration issue, a champion leaving, a competing tool).",Medium priority - watch
ACC_0783,BizCorp_0783,EMEA,Retail,Standard,16320,0.538,Medium,No,API usage fell -18% last month,"Open with the drop-off itself: ask what changed operationally last month (an integration issue, a champion leaving, a competing tool).",Medium priority - watch
ACC_0748,BizCorp_0748,EMEA,Logistics,Premium,32400,0.5374,Medium,No,Usage has swung sharply for two months running,Confirm this isn't seasonal (their own busy/slow cycle) before treating it as a churn signal.,Medium priority - watch
ACC_0369,BizCorp_0369,EMEA,Technology,Enterprise,127440,0.5357,Medium,No,Active seats fell -5% last month,Check for an offboarded champion or a team reorg; get reintroduced to whoever is using the product day to day now.,Medium priority - watch
ACC_0133,BizCorp_0133,AMER,Manufacturing,Premium,28800,0.5347,Medium,No,API usage fell -14% and active seats fell -10% together,This is not just a usage dip; fewer people are logging in at all. Prioritize an executive-sponsor call over a routine support touch.,Medium priority - watch
ACC_0670,BizCorp_0670,AMER,Financial Services,Standard,1920,0.5313,Medium,No,Usage has swung sharply for two months running,Confirm this isn't seasonal (their own busy/slow cycle) before treating it as a churn signal.,Medium priority - watch
ACC_0929,BizCorp_0929,EMEA,Manufacturing,Premium,34560,0.5284,Medium,No,API usage fell -17% last month,"Open with the drop-off itself: ask what changed operationally last month (an integration issue, a champion leaving, a competing tool).",Medium priority - watch
ACC_0770,BizCorp_0770,APAC,Logistics,Premium,39600,0.5275,Medium,No,API usage fell -28% last month,"Open with the drop-off itself: ask what changed operationally last month (an integration issue, a champion leaving, a competing tool).",Medium priority - watch
ACC_0423,BizCorp_0423,AMER,Manufacturing,Standard,15360,0.527,Medium,No,API usage fell -24% last month,"Open with the drop-off itself: ask what changed operationally last month (an integration issue, a champion leaving, a competing tool).",Medium priority - watch
ACC_0096,BizCorp_0096,EMEA,Manufacturing,Standard,10560,0.5259,Medium,No,Active seats fell -17% last month,Check for an offboarded champion or a team reorg; get reintroduced to whoever is using the product day to day now.,Medium priority - watch
ACC_0363,BizCorp_0363,AMER,Manufacturing,Premium,39600,0.5217,Medium,No,API usage fell -19% last month,"Open with the drop-off itself: ask what changed operationally last month (an integration issue, a champion leaving, a competing tool).",Medium priority - watch
ACC_0627,BizCorp_0627,AMER,Logistics,Enterprise,103680,0.5196,Medium,No,API usage fell -18% and active seats fell -5% together,This is not just a usage dip; fewer people are logging in at all. Prioritize an executive-sponsor call over a routine support touch.,Medium priority - watch
ACC_0877,BizCorp_0877,AMER,Retail,Standard,6720,0.5164,Medium,No,Active seats fell -25% last month,Check for an offboarded champion or a team reorg; get reintroduced to whoever is using the product day to day now.,Medium priority - watch
ACC_0408,BizCorp_0408,APAC,Financial Services,Standard,20160,0.5133,Medium,No,Active seats fell -7% last month,Check for an offboarded champion or a team reorg; get reintroduced to whoever is using the product day to day now.,Medium priority - watch
ACC_0334,BizCorp_0334,AMER,Financial Services,Standard,9600,0.5126,Medium,No,API usage fell -14% and active seats fell -11% together,This is not just a usage dip; fewer people are logging in at all. Prioritize an executive-sponsor call over a routine support touch.,Medium priority - watch
ACC_0962,BizCorp_0962,APAC,Retail,Enterprise,205740,0.5118,Medium,No,API usage fell -18% and active seats fell -7% together,This is not just a usage dip; fewer people are logging in at all. Prioritize an executive-sponsor call over a routine support touch.,Medium priority - watch
ACC_0672,BizCorp_0672,APAC,Retail,Enterprise,239760,0.5083,Medium,No,API usage fell -27% last month,"Open with the drop-off itself: ask what changed operationally last month (an integration issue, a champion leaving, a competing tool).",Medium priority - watch
ACC_0453,BizCorp_0453,EMEA,Manufacturing,Standard,5760,0.5073,Medium,No,Active seats fell -17% last month,Check for an offboarded champion or a team reorg; get reintroduced to whoever is using the product day to day now.,Medium priority - watch
ACC_0893,BizCorp_0893,EMEA,Technology,Premium,48960,0.5012,Medium,No,Usage has swung sharply for two months running,Confirm this isn't seasonal (their own busy/slow cycle) before treating it as a churn signal.,Medium priority - watch
ACC_0068,BizCorp_0068,EMEA,Logistics,Standard,5760,0.5,Medium,No,API usage fell -14% last month,"Open with the drop-off itself: ask what changed operationally last month (an integration issue, a champion leaving, a competing tool).",Medium priority - watch
ACC_0020,BizCorp_0020,APAC,Manufacturing,Enterprise,208440,0.4959,Medium,No,API usage fell -18% last month,"Open with the drop-off itself: ask what changed operationally last month (an integration issue, a champion leaving, a competing tool).",Medium priority - watch
ACC_0435,BizCorp_0435,APAC,Healthcare,Standard,4800,0.4934,Medium,No,API usage fell -11% and active seats fell +0% together,This is not just a usage dip; fewer people are logging in at all. Prioritize an executive-sponsor call over a routine support touch.,Medium priority - watch
ACC_0189,BizCorp_0189,EMEA,Retail,Standard,17280,0.4873,Medium,No,Active seats fell -12% last month,Check for an offboarded champion or a team reorg; get reintroduced to whoever is using the product day to day now.,Medium priority - watch
ACC_0240,BizCorp_0240,APAC,Manufacturing,Standard,9600,0.4861,Medium,No,API usage fell -19% last month,"Open with the drop-off itself: ask what changed operationally last month (an integration issue, a champion leaving, a competing tool).",Medium priority - watch
ACC_0274,BizCorp_0274,AMER,Logistics,Enterprise,216000,0.4843,Medium,No,API usage fell -18% and active seats fell -9% together,This is not just a usage dip; fewer people are logging in at all. Prioritize an executive-sponsor call over a routine support touch.,Medium priority - watch
ACC_0407,BizCorp_0407,APAC,Logistics,Enterprise,154440,0.4808,Medium,No,API usage fell -10% and active seats fell -11% together,This is not just a usage dip; fewer people are logging in at all. Prioritize an executive-sponsor call over a routine support touch.,Medium priority - watch
ACC_0777,BizCorp_0777,AMER,Healthcare,Standard,8640,0.4782,Medium,No,Active seats fell -20% last month,Check for an offboarded champion or a team reorg; get reintroduced to whoever is using the product day to day now.,Medium priority - watch
ACC_0158,BizCorp_0158,APAC,Financial Services,Standard,21120,0.4767,Medium,No,API usage fell -16% and active seats fell -7% together,This is not just a usage dip; fewer people are logging in at all. Prioritize an executive-sponsor call over a routine support touch.,Medium priority - watch
ACC_0567,BizCorp_0567,AMER,Logistics,Standard,5760,0.4759,Medium,No,API usage fell -21% last month,"Open with the drop-off itself: ask what changed operationally last month (an integration issue, a champion leaving, a competing tool).",Medium priority - watch
ACC_0368,BizCorp_0368,APAC,Retail,Enterprise,197640,0.4755,Medium,No,API usage fell -15% and active seats fell +1% together,This is not just a usage dip; fewer people are logging in at all. Prioritize an executive-sponsor call over a routine support touch.,Medium priority - watch
ACC_0165,BizCorp_0165,EMEA,Healthcare,Enterprise,170100,0.4693,Medium,No,Usage has swung sharply for two months running,Confirm this isn't seasonal (their own busy/slow cycle) before treating it as a churn signal.,Medium priority - watch
ACC_0971,BizCorp_0971,AMER,Logistics,Standard,13440,0.469,Medium,No,API usage fell -12% and active seats fell -11% together,This is not just a usage dip; fewer people are logging in at all. Prioritize an executive-sponsor call over a routine support touch.,Medium priority - watch
ACC_0607,BizCorp_0607,AMER,Manufacturing,Premium,55440,0.469,Medium,No,API usage fell -15% and active seats fell -4% together,This is not just a usage dip; fewer people are logging in at all. Prioritize an executive-sponsor call over a routine support touch.,Medium priority - watch
ACC_0726,BizCorp_0726,AMER,Manufacturing,Premium,65520,0.4654,Medium,No,API usage fell -16% and active seats fell -8% together,This is not just a usage dip; fewer people are logging in at all. Prioritize an executive-sponsor call over a routine support touch.,Medium priority - watch
ACC_0006,BizCorp_0006,EMEA,Technology,Enterprise,248400,0.4649,Medium,No,Usage has swung sharply for two months running,Confirm this isn't seasonal (their own busy/slow cycle) before treating it as a churn signal.,Medium priority - watch
ACC_0432,BizCorp_0432,EMEA,Technology,Standard,7680,0.4642,Medium,No,Usage has swung sharply for two months running,Confirm this isn't seasonal (their own busy/slow cycle) before treating it as a churn signal.,Medium priority - watch
ACC_0261,BizCorp_0261,APAC,Retail,Premium,31680,0.4642,Medium,No,Active seats fell -19% last month,Check for an offboarded champion or a team reorg; get reintroduced to whoever is using the product day to day now.,Medium priority - watch
ACC_0104,BizCorp_0104,APAC,Technology,Enterprise,291060,0.4612,Medium,No,API usage fell -22% last month,"Open with the drop-off itself: ask what changed operationally last month (an integration issue, a champion leaving, a competing tool).",Medium priority - watch
ACC_0863,BizCorp_0863,AMER,Technology,Enterprise,153360,0.4609,Medium,No,API usage fell -15% and active seats fell -12% together,This is not just a usage dip; fewer people are logging in at all. Prioritize an executive-sponsor call over a routine support touch.,Medium priority - watch
ACC_0527,BizCorp_0527,AMER,Manufacturing,Standard,14400,0.4609,Medium,No,API usage fell -26% last month,"Open with the drop-off itself: ask what changed operationally last month (an integration issue, a champion leaving, a competing tool).",Medium priority - watch
ACC_0351,BizCorp_0351,AMER,Retail,Premium,84240,0.4603,Medium,No,API usage fell -18% and active seats fell -5% together,This is not just a usage dip; fewer people are logging in at all. Prioritize an executive-sponsor call over a routine support touch.,Medium priority - watch
ACC_0009,BizCorp_0009,AMER,Healthcare,Standard,14400,0.4594,Medium,No,API usage fell -13% and active seats fell -10% together,This is not just a usage dip; fewer people are logging in at all. Prioritize an executive-sponsor call over a routine support touch.,Medium priority - watch
ACC_0188,BizCorp_0188,APAC,Logistics,Standard,5760,0.4561,Medium,No,Active seats fell -17% last month,Check for an offboarded champion or a team reorg; get reintroduced to whoever is using the product day to day now.,Medium priority - watch
ACC_0872,BizCorp_0872,APAC,Healthcare,Premium,40320,0.4553,Medium,No,API usage fell -26% last month,"Open with the drop-off itself: ask what changed operationally last month (an integration issue, a champion leaving, a competing tool).",Medium priority - watch
ACC_0280,BizCorp_0280,EMEA,Healthcare,Enterprise,183060,0.4541,Medium,No,API usage fell -13% last month,"Open with the drop-off itself: ask what changed operationally last month (an integration issue, a champion leaving, a competing tool).",Medium priority - watch
ACC_0930,BizCorp_0930,AMER,Financial Services,Standard,14400,0.4533,Medium,No,Active seats fell -14% last month,Check for an offboarded champion or a team reorg; get reintroduced to whoever is using the product day to day now.,Medium priority - watch
ACC_1000,BizCorp_1000,AMER,Technology,Premium,21600,0.4522,Medium,No,Active seats fell -13% last month,Check for an offboarded champion or a team reorg; get reintroduced to whoever is using the product day to day now.,Medium priority - watch
ACC_0560,BizCorp_0560,EMEA,Logistics,Enterprise,170100,0.4522,Medium,No,API usage fell -26% last month,"Open with the drop-off itself: ask what changed operationally last month (an integration issue, a champion leaving, a competing tool).",Medium priority - watch
ACC_0868,BizCorp_0868,AMER,Technology,Standard,3840,0.4424,Medium,No,API usage fell -10% and active seats fell +0% together,This is not just a usage dip; fewer people are logging in at all. Prioritize an executive-sponsor call over a routine support touch.,Medium priority - watch
ACC_0782,BizCorp_0782,AMER,Retail,Premium,16560,0.4382,Medium,No,Active seats fell -9% last month,Check for an offboarded champion or a team reorg; get reintroduced to whoever is using the product day to day now.,Medium priority - watch
ACC_0207,BizCorp_0207,AMER,Technology,Enterprise,147960,0.4363,Medium,No,API usage fell -14% and active seats fell -7% together,This is not just a usage dip; fewer people are logging in at all. Prioritize an executive-sponsor call over a routine support touch.,Medium priority - watch
ACC_0410,BizCorp_0410,AMER,Manufacturing,Standard,7680,0.4352,Medium,No,Usage has swung sharply for two months running,Confirm this isn't seasonal (their own busy/slow cycle) before treating it as a churn signal.,Medium priority - watch
ACC_0285,BizCorp_0285,AMER,Logistics,Premium,27360,0.4339,Medium,No,API usage fell -16% last month,"Open with the drop-off itself: ask what changed operationally last month (an integration issue, a champion leaving, a competing tool).",Medium priority - watch
ACC_0594,BizCorp_0594,EMEA,Healthcare,Premium,36720,0.4321,Medium,No,Usage has swung sharply for two months running,Confirm this isn't seasonal (their own busy/slow cycle) before treating it as a churn signal.,Medium priority - watch
ACC_0236,BizCorp_0236,AMER,Manufacturing,Standard,16320,0.4299,Medium,No,API usage fell -19% last month,"Open with the drop-off itself: ask what changed operationally last month (an integration issue, a champion leaving, a competing tool).",Medium priority - watch
ACC_0219,BizCorp_0219,APAC,Healthcare,Standard,7680,0.4279,Medium,No,Active seats fell -12% last month,Check for an offboarded champion or a team reorg; get reintroduced to whoever is using the product day to day now.,Medium priority - watch
ACC_0411,BizCorp_0411,EMEA,Financial Services,Standard,2880,0.4269,Medium,No,Usage has swung sharply for two months running,Confirm this isn't seasonal (their own busy/slow cycle) before treating it as a churn signal.,Medium priority - watch
ACC_0241,BizCorp_0241,AMER,Manufacturing,Enterprise,292680,0.4261,Medium,No,API usage fell -3% and active seats fell -3% together,This is not just a usage dip; fewer people are logging in at all. Prioritize an executive-sponsor call over a routine support touch.,Medium priority - watch
ACC_0508,BizCorp_0508,APAC,Manufacturing,Standard,21120,0.4256,Medium,No,API usage fell -26% last month,"Open with the drop-off itself: ask what changed operationally last month (an integration issue, a champion leaving, a competing tool).",Medium priority - watch
ACC_0247,BizCorp_0247,APAC,Healthcare,Standard,12480,0.4253,Medium,No,API usage fell -8% and active seats fell -8% together,This is not just a usage dip; fewer people are logging in at all. Prioritize an executive-sponsor call over a routine support touch.,Medium priority - watch
ACC_0621,BizCorp_0621,AMER,Financial Services,Standard,9600,0.4223,Medium,No,API usage fell -11% and active seats fell -11% together,This is not just a usage dip; fewer people are logging in at all. Prioritize an executive-sponsor call over a routine support touch.,Medium priority - watch
ACC_0234,BizCorp_0234,EMEA,Technology,Premium,55440,0.4207,Medium,No,Active seats fell -14% last month,Check for an offboarded champion or a team reorg; get reintroduced to whoever is using the product day to day now.,Medium priority - watch
ACC_0570,BizCorp_0570,APAC,Healthcare,Premium,107280,0.42,Medium,No,API usage fell -13% last month,"Open with the drop-off itself: ask what changed operationally last month (an integration issue, a champion leaving, a competing tool).",Medium priority - watch
ACC_0109,BizCorp_0109,AMER,Healthcare,Standard,10560,0.4168,Medium,No,API usage fell -17% and active seats fell +0% together,This is not just a usage dip; fewer people are logging in at all. Prioritize an executive-sponsor call over a routine support touch.,Medium priority - watch
ACC_0628,BizCorp_0628,APAC,Manufacturing,Enterprise,183600,0.4162,Medium,No,API usage fell -14% last month,"Open with the drop-off itself: ask what changed operationally last month (an integration issue, a champion leaving, a competing tool).",Medium priority - watch
ACC_0175,BizCorp_0175,EMEA,Retail,Premium,40320,0.4153,Medium,No,Usage has swung sharply for two months running,Confirm this isn't seasonal (their own busy/slow cycle) before treating it as a churn signal.,Medium priority - watch
ACC_0137,BizCorp_0137,APAC,Logistics,Enterprise,155520,0.4121,Medium,No,Active seats fell -11% last month,Check for an offboarded champion or a team reorg; get reintroduced to whoever is using the product day to day now.,Medium priority - watch
ACC_0499,BizCorp_0499,EMEA,Financial Services,Standard,4800,0.4117,Medium,No,API usage fell -7% and active seats fell +0% together,This is not just a usage dip; fewer people are logging in at all. Prioritize an executive-sponsor call over a routine support touch.,Medium priority - watch
ACC_0378,BizCorp_0378,EMEA,Logistics,Enterprise,291060,0.4112,Medium,No,API usage fell -11% and active seats fell +2% together,This is not just a usage dip; fewer people are logging in at all. Prioritize an executive-sponsor call over a routine support touch.,Medium priority - watch
ACC_0065,BizCorp_0065,AMER,Retail,Enterprise,200880,0.4109,Medium,No,Active seats fell -16% last month,Check for an offboarded champion or a team reorg; get reintroduced to whoever is using the product day to day now.,Medium priority - watch
ACC_0021,BizCorp_0021,EMEA,Healthcare,Standard,11520,0.4094,Medium,No,API usage fell -11% and active seats fell +0% together,This is not just a usage dip; fewer people are logging in at all. Prioritize an executive-sponsor call over a routine support touch.,Medium priority - watch
ACC_0681,BizCorp_0681,APAC,Financial Services,Standard,6720,0.4092,Medium,No,API usage fell -3% last month,"Open with the drop-off itself: ask what changed operationally last month (an integration issue, a champion leaving, a competing tool).",Medium priority - watch
ACC_0106,BizCorp_0106,EMEA,Manufacturing,Enterprise,163620,0.4087,Medium,No,API usage fell -9% and active seats fell -5% together,This is not just a usage dip; fewer people are logging in at all. Prioritize an executive-sponsor call over a routine support touch.,Medium priority - watch
ACC_0954,BizCorp_0954,EMEA,Healthcare,Standard,8640,0.4086,Medium,No,Usage has swung sharply for two months running,Confirm this isn't seasonal (their own busy/slow cycle) before treating it as a churn signal.,Medium priority - watch
ACC_0925,BizCorp_0925,EMEA,Healthcare,Premium,26640,0.4086,Medium,No,API usage fell -8% last month,"Open with the drop-off itself: ask what changed operationally last month (an integration issue, a champion leaving, a competing tool).",Medium priority - watch
ACC_0966,BizCorp_0966,EMEA,Manufacturing,Enterprise,163620,0.4084,Medium,No,API usage fell -16% last month,"Open with the drop-off itself: ask what changed operationally last month (an integration issue, a champion leaving, a competing tool).",Medium priority - watch
ACC_0523,BizCorp_0523,EMEA,Technology,Standard,7680,0.4072,Medium,No,Active seats fell -14% last month,Check for an offboarded champion or a team reorg; get reintroduced to whoever is using the product day to day now.,Medium priority - watch
ACC_0846,BizCorp_0846,EMEA,Healthcare,Premium,23040,0.4062,Medium,No,Active seats fell -5% last month,Check for an offboarded champion or a team reorg; get reintroduced to whoever is using the product day to day now.,Medium priority - watch
ACC_0092,BizCorp_0092,APAC,Logistics,Premium,52560,0.4056,Medium,No,API usage fell -14% last month,"Open with the drop-off itself: ask what changed operationally last month (an integration issue, a champion leaving, a competing tool).",Medium priority - watch
ACC_0346,BizCorp_0346,AMER,Manufacturing,Enterprise,95580,0.4053,Medium,No,API usage fell -9% and active seats fell -13% together,This is not just a usage dip; fewer people are logging in at all. Prioritize an executive-sponsor call over a routine support touch.,Medium priority - watch
ACC_0298,BizCorp_0298,AMER,Financial Services,Premium,87840,0.4042,Medium,No,API usage fell -21% last month,"Open with the drop-off itself: ask what changed operationally last month (an integration issue, a champion leaving, a competing tool).",Medium priority - watch
ACC_0458,BizCorp_0458,EMEA,Financial Services,Standard,9600,0.4039,Medium,No,Usage has swung sharply for two months running,Confirm this isn't seasonal (their own busy/slow cycle) before treating it as a churn signal.,Medium priority - watch
ACC_0702,BizCorp_0702,EMEA,Financial Services,Premium,69840,0.4034,Medium,No,API usage fell -9% last month,"Open with the drop-off itself: ask what changed operationally last month (an integration issue, a champion leaving, a competing tool).",Medium priority - watch
ACC_0344,BizCorp_0344,AMER,Technology,Standard,14400,0.4028,Low,No,Active seats fell -11% last month,Check for an offboarded champion or a team reorg; get reintroduced to whoever is using the product day to day now.,Lower priority within the at-risk pool
ACC_0395,BizCorp_0395,EMEA,Healthcare,Standard,32640,0.4023,Low,No,Usage has swung sharply for two months running,Confirm this isn't seasonal (their own busy/slow cycle) before treating it as a churn signal.,Lower priority within the at-risk pool
ACC_0707,BizCorp_0707,AMER,Retail,Enterprise,248400,0.4012,Low,No,Usage has swung sharply for two months running,Confirm this isn't seasonal (their own busy/slow cycle) before treating it as a churn signal.,Lower priority within the at-risk pool
ACC_0834,BizCorp_0834,EMEA,Healthcare,Enterprise,133920,0.4001,Low,No,Usage has swung sharply for two months running,Confirm this isn't seasonal (their own busy/slow cycle) before treating it as a churn signal.,Lower priority within the at-risk pool
ACC_0756,BizCorp_0756,EMEA,Logistics,Enterprise,137700,0.3995,Low,No,Active seats fell -10% last month,Check for an offboarded champion or a team reorg; get reintroduced to whoever is using the product day to day now.,Lower priority within the at-risk pool
ACC_0056,BizCorp_0056,EMEA,Retail,Premium,37440,0.3958,Low,No,API usage fell -14% last month,"Open with the drop-off itself: ask what changed operationally last month (an integration issue, a champion leaving, a competing tool).",Lower priority within the at-risk pool
ACC_0146,BizCorp_0146,EMEA,Retail,Standard,16320,0.3914,Low,No,Active seats fell -10% last month,Check for an offboarded champion or a team reorg; get reintroduced to whoever is using the product day to day now.,Lower priority within the at-risk pool
ACC_0768,BizCorp_0768,APAC,Retail,Standard,15360,0.3908,Low,No,API usage fell -18% last month,"Open with the drop-off itself: ask what changed operationally last month (an integration issue, a champion leaving, a competing tool).",Lower priority within the at-risk pool
ACC_0751,BizCorp_0751,EMEA,Logistics,Standard,17280,0.39,Low,No,API usage fell -4% and active seats fell +0% together,This is not just a usage dip; fewer people are logging in at all. Prioritize an executive-sponsor call over a routine support touch.,Lower priority within the at-risk pool
ACC_0850,BizCorp_0850,AMER,Retail,Standard,7680,0.39,Low,No,Usage has swung sharply for two months running,Confirm this isn't seasonal (their own busy/slow cycle) before treating it as a churn signal.,Lower priority within the at-risk pool
ACC_0124,BizCorp_0124,APAC,Manufacturing,Enterprise,131760,0.3896,Low,No,Active seats fell -5% last month,Check for an offboarded champion or a team reorg; get reintroduced to whoever is using the product day to day now.,Lower priority within the at-risk pool
ACC_0759,BizCorp_0759,EMEA,Healthcare,Standard,13440,0.3881,Low,No,Active seats fell -7% last month,Check for an offboarded champion or a team reorg; get reintroduced to whoever is using the product day to day now.,Lower priority within the at-risk pool
ACC_0361,BizCorp_0361,AMER,Manufacturing,Standard,12480,0.3875,Low,No,Usage has swung sharply for two months running,Confirm this isn't seasonal (their own busy/slow cycle) before treating it as a churn signal.,Lower priority within the at-risk pool
ACC_0614,BizCorp_0614,EMEA,Healthcare,Premium,102240,0.3868,Low,No,Usage has swung sharply for two months running,Confirm this isn't seasonal (their own busy/slow cycle) before treating it as a churn signal.,Lower priority within the at-risk pool
ACC_0035,BizCorp_0035,APAC,Retail,Standard,15360,0.3827,Low,No,Active seats fell -11% last month,Check for an offboarded champion or a team reorg; get reintroduced to whoever is using the product day to day now.,Lower priority within the at-risk pool
ACC_0725,BizCorp_0725,AMER,Logistics,Enterprise,131760,0.3823,Low,No,API usage fell -13% last month,"Open with the drop-off itself: ask what changed operationally last month (an integration issue, a champion leaving, a competing tool).",Lower priority within the at-risk pool
ACC_0907,BizCorp_0907,APAC,Financial Services,Standard,4800,0.3821,Low,No,API usage fell -23% last month,"Open with the drop-off itself: ask what changed operationally last month (an integration issue, a champion leaving, a competing tool).",Lower priority within the at-risk pool
ACC_0306,BizCorp_0306,AMER,Technology,Premium,69120,0.3818,Low,No,Usage has swung sharply for two months running,Confirm this isn't seasonal (their own busy/slow cycle) before treating it as a churn signal.,Lower priority within the at-risk pool
ACC_0382,BizCorp_0382,APAC,Technology,Enterprise,413100,0.3807,Low,No,API usage fell -18% and active seats fell +6% together,This is not just a usage dip; fewer people are logging in at all. Prioritize an executive-sponsor call over a routine support touch.,Lower priority within the at-risk pool
ACC_0817,BizCorp_0817,EMEA,Retail,Enterprise,105300,0.3806,Low,No,API usage fell -6% last month,"Open with the drop-off itself: ask what changed operationally last month (an integration issue, a champion leaving, a competing tool).",Lower priority within the at-risk pool
ACC_0979,BizCorp_0979,EMEA,Retail,Standard,7680,0.3802,Low,No,Usage has swung sharply for two months running,Confirm this isn't seasonal (their own busy/slow cycle) before treating it as a churn signal.,Lower priority within the at-risk pool
ACC_0921,BizCorp_0921,AMER,Financial Services,Premium,20160,0.3801,Low,No,Active seats fell -4% last month,Check for an offboarded champion or a team reorg; get reintroduced to whoever is using the product day to day now.,Lower priority within the at-risk pool
ACC_0856,BizCorp_0856,APAC,Technology,Premium,30240,0.3786,Low,No,Active seats fell -12% last month,Check for an offboarded champion or a team reorg; get reintroduced to whoever is using the product day to day now.,Lower priority within the at-risk pool
ACC_0916,BizCorp_0916,APAC,Technology,Enterprise,113940,0.3772,Low,No,Active seats fell -7% last month,Check for an offboarded champion or a team reorg; get reintroduced to whoever is using the product day to day now.,Lower priority within the at-risk pool
ACC_0736,BizCorp_0736,EMEA,Retail,Enterprise,236520,0.3754,Low,No,Active seats fell -3% last month,Check for an offboarded champion or a team reorg; get reintroduced to whoever is using the product day to day now.,Lower priority within the at-risk pool
ACC_0792,BizCorp_0792,EMEA,Healthcare,Enterprise,124200,0.3753,Low,No,Active seats fell -8% last month,Check for an offboarded champion or a team reorg; get reintroduced to whoever is using the product day to day now.,Lower priority within the at-risk pool
ACC_0091,BizCorp_0091,AMER,Logistics,Standard,17280,0.375,Low,No,API usage fell -16% last month,"Open with the drop-off itself: ask what changed operationally last month (an integration issue, a champion leaving, a competing tool).",Lower priority within the at-risk pool
ACC_0611,BizCorp_0611,EMEA,Manufacturing,Enterprise,77220,0.3745,Low,No,Active seats fell -11% last month,Check for an offboarded champion or a team reorg; get reintroduced to whoever is using the product day to day now.,Lower priority within the at-risk pool
ACC_0700,BizCorp_0700,APAC,Financial Services,Standard,11520,0.3745,Low,No,API usage fell -12% and active seats fell +0% together,This is not just a usage dip; fewer people are logging in at all. Prioritize an executive-sponsor call over a routine support touch.,Lower priority within the at-risk pool
ACC_0996,BizCorp_0996,EMEA,Manufacturing,Premium,39600,0.3744,Low,No,Active seats fell -3% last month,Check for an offboarded champion or a team reorg; get reintroduced to whoever is using the product day to day now.,Lower priority within the at-risk pool
ACC_0121,BizCorp_0121,APAC,Healthcare,Standard,3840,0.3728,Low,No,API usage fell -18% last month,"Open with the drop-off itself: ask what changed operationally last month (an integration issue, a champion leaving, a competing tool).",Lower priority within the at-risk pool
ACC_0284,BizCorp_0284,APAC,Financial Services,Enterprise,207900,0.3721,Low,No,API usage fell -12% and active seats fell -8% together,This is not just a usage dip; fewer people are logging in at all. Prioritize an executive-sponsor call over a routine support touch.,Lower priority within the at-risk pool
ACC_0814,BizCorp_0814,AMER,Logistics,Enterprise,86940,0.3718,Low,No,Usage has swung sharply for two months running,Confirm this isn't seasonal (their own busy/slow cycle) before treating it as a churn signal.,Lower priority within the at-risk pool
ACC_0674,BizCorp_0674,EMEA,Healthcare,Enterprise,252180,0.37,Low,No,Active seats fell -8% last month,Check for an offboarded champion or a team reorg; get reintroduced to whoever is using the product day to day now.,Lower priority within the at-risk pool
ACC_0585,BizCorp_0585,EMEA,Technology,Standard,6720,0.3687,Low,No,API usage fell -10% last month,"Open with the drop-off itself: ask what changed operationally last month (an integration issue, a champion leaving, a competing tool).",Lower priority within the at-risk pool
ACC_0953,BizCorp_0953,AMER,Retail,Standard,2880,0.3684,Low,No,Usage has swung sharply for two months running,Confirm this isn't seasonal (their own busy/slow cycle) before treating it as a churn signal.,Lower priority within the at-risk pool
ACC_0539,BizCorp_0539,AMER,Technology,Premium,69120,0.3679,Low,No,API usage fell -15% last month,"Open with the drop-off itself: ask what changed operationally last month (an integration issue, a champion leaving, a competing tool).",Lower priority within the at-risk pool
ACC_0513,BizCorp_0513,AMER,Financial Services,Premium,30960,0.3667,Low,No,API usage fell -14% and active seats fell -7% together,This is not just a usage dip; fewer people are logging in at all. Prioritize an executive-sponsor call over a routine support touch.,Lower priority within the at-risk pool
ACC_0457,BizCorp_0457,EMEA,Logistics,Enterprise,172800,0.3654,Low,No,Usage has swung sharply for two months running,Confirm this isn't seasonal (their own busy/slow cycle) before treating it as a churn signal.,Lower priority within the at-risk pool
ACC_0808,BizCorp_0808,EMEA,Technology,Premium,50400,0.365,Low,No,API usage fell -12% last month,"Open with the drop-off itself: ask what changed operationally last month (an integration issue, a champion leaving, a competing tool).",Lower priority within the at-risk pool
ACC_0832,BizCorp_0832,EMEA,Financial Services,Premium,46800,0.3642,Low,No,Active seats fell -12% last month,Check for an offboarded champion or a team reorg; get reintroduced to whoever is using the product day to day now.,Lower priority within the at-risk pool
ACC_0266,BizCorp_0266,EMEA,Logistics,Enterprise,96120,0.3622,Low,No,Usage has swung sharply for two months running,Confirm this isn't seasonal (their own busy/slow cycle) before treating it as a churn signal.,Lower priority within the at-risk pool
ACC_0514,BizCorp_0514,AMER,Technology,Premium,107280,0.3592,Low,No,Active seats fell -5% last month,Check for an offboarded champion or a team reorg; get reintroduced to whoever is using the product day to day now.,Lower priority within the at-risk pool
ACC_0629,BizCorp_0629,AMER,Financial Services,Standard,19200,0.3585,Low,No,API usage fell -19% last month,"Open with the drop-off itself: ask what changed operationally last month (an integration issue, a champion leaving, a competing tool).",Lower priority within the at-risk pool
ACC_0839,BizCorp_0839,AMER,Financial Services,Standard,10560,0.3523,Low,No,API usage fell -17% last month,"Open with the drop-off itself: ask what changed operationally last month (an integration issue, a champion leaving, a competing tool).",Lower priority within the at-risk pool
ACC_0203,BizCorp_0203,AMER,Technology,Enterprise,187920,0.352,Low,No,API usage fell -18% last month,"Open with the drop-off itself: ask what changed operationally last month (an integration issue, a champion leaving, a competing tool).",Lower priority within the at-risk pool
ACC_0706,BizCorp_0706,APAC,Technology,Enterprise,71820,0.3519,Low,No,Active seats fell -13% last month,Check for an offboarded champion or a team reorg; get reintroduced to whoever is using the product day to day now.,Lower priority within the at-risk pool
ACC_0148,BizCorp_0148,EMEA,Financial Services,Standard,3840,0.35,Low,No,API usage fell -4% and active seats fell +0% together,This is not just a usage dip; fewer people are logging in at all. Prioritize an executive-sponsor call over a routine support touch.,Lower priority within the at-risk pool
ACC_0610,BizCorp_0610,AMER,Technology,Standard,2880,0.3497,Low,No,Active seats fell +0% last month,Check for an offboarded champion or a team reorg; get reintroduced to whoever is using the product day to day now.,Lower priority within the at-risk pool
ACC_0528,BizCorp_0528,AMER,Logistics,Enterprise,100440,0.3468,Low,No,API usage fell -9% last month,"Open with the drop-off itself: ask what changed operationally last month (an integration issue, a champion leaving, a competing tool).",Lower priority within the at-risk pool
ACC_0257,BizCorp_0257,EMEA,Financial Services,Standard,11520,0.3467,Low,No,API usage fell -6% last month,"Open with the drop-off itself: ask what changed operationally last month (an integration issue, a champion leaving, a competing tool).",Lower priority within the at-risk pool
ACC_0406,BizCorp_0406,AMER,Financial Services,Standard,20160,0.3448,Low,No,API usage fell -20% last month,"Open with the drop-off itself: ask what changed operationally last month (an integration issue, a champion leaving, a competing tool).",Lower priority within the at-risk pool
ACC_0167,BizCorp_0167,EMEA,Financial Services,Premium,28800,0.3444,Low,No,Usage has swung sharply for two months running,Confirm this isn't seasonal (their own busy/slow cycle) before treating it as a churn signal.,Lower priority within the at-risk pool
ACC_0422,BizCorp_0422,AMER,Healthcare,Standard,14400,0.3414,Low,No,API usage fell -18% last month,"Open with the drop-off itself: ask what changed operationally last month (an integration issue, a champion leaving, a competing tool).",Lower priority within the at-risk pool
ACC_0865,BizCorp_0865,EMEA,Technology,Enterprise,197640,0.341,Low,No,API usage fell -15% last month,"Open with the drop-off itself: ask what changed operationally last month (an integration issue, a champion leaving, a competing tool).",Lower priority within the at-risk pool
ACC_0083,BizCorp_0083,EMEA,Technology,Premium,26640,0.341,Low,No,API usage fell -5% and active seats fell -4% together,This is not just a usage dip; fewer people are logging in at all. Prioritize an executive-sponsor call over a routine support touch.,Lower priority within the at-risk pool
ACC_0145,BizCorp_0145,APAC,Technology,Standard,14400,0.3397,Low,No,API usage fell -11% and active seats fell +0% together,This is not just a usage dip; fewer people are logging in at all. Prioritize an executive-sponsor call over a routine support touch.,Lower priority within the at-risk pool
ACC_0666,BizCorp_0666,EMEA,Retail,Premium,79920,0.338,Low,No,API usage fell -4% and active seats fell -3% together,This is not just a usage dip; fewer people are logging in at all. Prioritize an executive-sponsor call over a routine support touch.,Lower priority within the at-risk pool
ACC_0518,BizCorp_0518,APAC,Retail,Premium,121680,0.3368,Low,No,Active seats fell +0% last month,Check for an offboarded champion or a team reorg; get reintroduced to whoever is using the product day to day now.,Lower priority within the at-risk pool
ACC_0608,BizCorp_0608,EMEA,Retail,Enterprise,129600,0.3366,Low,No,API usage fell -10% last month,"Open with the drop-off itself: ask what changed operationally last month (an integration issue, a champion leaving, a competing tool).",Lower priority within the at-risk pool
ACC_0399,BizCorp_0399,APAC,Technology,Enterprise,275940,0.3361,Low,No,API usage fell -9% and active seats fell -10% together,This is not just a usage dip; fewer people are logging in at all. Prioritize an executive-sponsor call over a routine support touch.,Lower priority within the at-risk pool
ACC_0758,BizCorp_0758,APAC,Retail,Standard,1920,0.3359,Low,No,Active seats fell +0% last month,Check for an offboarded champion or a team reorg; get reintroduced to whoever is using the product day to day now.,Lower priority within the at-risk pool
ACC_0938,BizCorp_0938,EMEA,Retail,Enterprise,101520,0.3344,Low,No,API usage fell -20% last month,"Open with the drop-off itself: ask what changed operationally last month (an integration issue, a champion leaving, a competing tool).",Lower priority within the at-risk pool
ACC_0752,BizCorp_0752,AMER,Healthcare,Standard,14400,0.3328,Low,No,API usage fell -7% and active seats fell +0% together,This is not just a usage dip; fewer people are logging in at all. Prioritize an executive-sponsor call over a routine support touch.,Lower priority within the at-risk pool
ACC_0997,BizCorp_0997,EMEA,Technology,Enterprise,181980,0.3324,Low,No,Usage has swung sharply for two months running,Confirm this isn't seasonal (their own busy/slow cycle) before treating it as a churn signal.,Lower priority within the at-risk pool
ACC_0948,BizCorp_0948,APAC,Healthcare,Standard,21120,0.3318,Low,No,API usage fell -13% last month,"Open with the drop-off itself: ask what changed operationally last month (an integration issue, a champion leaving, a competing tool).",Lower priority within the at-risk pool
ACC_0366,BizCorp_0366,APAC,Retail,Standard,29760,0.3305,Low,No,API usage fell -16% last month,"Open with the drop-off itself: ask what changed operationally last month (an integration issue, a champion leaving, a competing tool).",Lower priority within the at-risk pool
ACC_0214,BizCorp_0214,APAC,Manufacturing,Premium,104400,0.3304,Low,No,Usage has swung sharply for two months running,Confirm this isn't seasonal (their own busy/slow cycle) before treating it as a churn signal.,Lower priority within the at-risk pool
ACC_0545,BizCorp_0545,AMER,Manufacturing,Standard,9600,0.3298,Low,No,Usage has swung sharply for two months running,Confirm this isn't seasonal (their own busy/slow cycle) before treating it as a churn signal.,Lower priority within the at-risk pool
ACC_0588,BizCorp_0588,APAC,Manufacturing,Premium,25200,0.3287,Low,No,Usage has swung sharply for two months running,Confirm this isn't seasonal (their own busy/slow cycle) before treating it as a churn signal.,Lower priority within the at-risk pool
ACC_0206,BizCorp_0206,APAC,Technology,Enterprise,95580,0.3284,Low,No,Active seats fell -4% last month,Check for an offboarded champion or a team reorg; get reintroduced to whoever is using the product day to day now.,Lower priority within the at-risk pool
ACC_0202,BizCorp_0202,AMER,Technology,Enterprise,121500,0.3276,Low,No,Active seats fell -13% last month,Check for an offboarded champion or a team reorg; get reintroduced to whoever is using the product day to day now.,Lower priority within the at-risk pool
ACC_0852,BizCorp_0852,EMEA,Technology,Enterprise,270000,0.3275,Low,No,Active seats fell -6% last month,Check for an offboarded champion or a team reorg; get reintroduced to whoever is using the product day to day now.,Lower priority within the at-risk pool
ACC_0228,BizCorp_0228,AMER,Manufacturing,Enterprise,84240,0.3272,Low,No,API usage fell -6% last month,"Open with the drop-off itself: ask what changed operationally last month (an integration issue, a champion leaving, a competing tool).",Lower priority within the at-risk pool
ACC_0761,BizCorp_0761,AMER,Logistics,Standard,19200,0.3267,Low,No,Active seats fell -6% last month,Check for an offboarded champion or a team reorg; get reintroduced to whoever is using the product day to day now.,Lower priority within the at-risk pool
ACC_0115,BizCorp_0115,APAC,Logistics,Standard,6720,0.3261,Low,No,API usage fell -6% and active seats fell +0% together,This is not just a usage dip; fewer people are logging in at all. Prioritize an executive-sponsor call over a routine support touch.,Lower priority within the at-risk pool
ACC_0503,BizCorp_0503,AMER,Logistics,Enterprise,93420,0.3246,Low,No,API usage fell -6% and active seats fell -5% together,This is not just a usage dip; fewer people are logging in at all. Prioritize an executive-sponsor call over a routine support touch.,Lower priority within the at-risk pool
ACC_0295,BizCorp_0295,APAC,Technology,Premium,104400,0.324,Low,No,Active seats fell -11% last month,Check for an offboarded champion or a team reorg; get reintroduced to whoever is using the product day to day now.,Lower priority within the at-risk pool
ACC_0815,BizCorp_0815,AMER,Logistics,Standard,10560,0.3233,Low,No,API usage fell -5% last month,"Open with the drop-off itself: ask what changed operationally last month (an integration issue, a champion leaving, a competing tool).",Lower priority within the at-risk pool
ACC_0618,BizCorp_0618,AMER,Retail,Premium,67680,0.3232,Low,No,Usage has swung sharply for two months running,Confirm this isn't seasonal (their own busy/slow cycle) before treating it as a churn signal.,Lower priority within the at-risk pool
ACC_0985,BizCorp_0985,APAC,Logistics,Premium,40320,0.3224,Low,No,Active seats fell -14% last month,Check for an offboarded champion or a team reorg; get reintroduced to whoever is using the product day to day now.,Lower priority within the at-risk pool
ACC_0625,BizCorp_0625,APAC,Financial Services,Standard,15360,0.3221,Low,No,API usage fell -11% and active seats fell +0% together,This is not just a usage dip; fewer people are logging in at all. Prioritize an executive-sponsor call over a routine support touch.,Lower priority within the at-risk pool
ACC_0430,BizCorp_0430,EMEA,Manufacturing,Enterprise,218700,0.3212,Low,No,Active seats fell -12% last month,Check for an offboarded champion or a team reorg; get reintroduced to whoever is using the product day to day now.,Lower priority within the at-risk pool
ACC_0086,BizCorp_0086,APAC,Retail,Standard,5760,0.3203,Low,No,Usage has swung sharply for two months running,Confirm this isn't seasonal (their own busy/slow cycle) before treating it as a churn signal.,Lower priority within the at-risk pool
ACC_0888,BizCorp_0888,AMER,Logistics,Premium,33840,0.3184,Low,No,Active seats fell -15% last month,Check for an offboarded champion or a team reorg; get reintroduced to whoever is using the product day to day now.,Lower priority within the at-risk pool
ACC_0967,BizCorp_0967,APAC,Financial Services,Standard,4800,0.3167,Low,No,API usage fell -15% last month,"Open with the drop-off itself: ask what changed operationally last month (an integration issue, a champion leaving, a competing tool).",Lower priority within the at-risk pool
ACC_0405,BizCorp_0405,EMEA,Logistics,Standard,25920,0.3167,Low,No,Active seats fell +0% last month,Check for an offboarded champion or a team reorg; get reintroduced to whoever is using the product day to day now.,Lower priority within the at-risk pool
ACC_0654,BizCorp_0654,AMER,Retail,Enterprise,88020,0.316,Low,No,API usage fell -8% last month,"Open with the drop-off itself: ask what changed operationally last month (an integration issue, a champion leaving, a competing tool).",Lower priority within the at-risk pool
ACC_0347,BizCorp_0347,EMEA,Technology,Premium,68400,0.3157,Low,No,API usage fell -18% last month,"Open with the drop-off itself: ask what changed operationally last month (an integration issue, a champion leaving, a competing tool).",Lower priority within the at-risk pool
ACC_0173,BizCorp_0173,EMEA,Financial Services,Premium,57600,0.3152,Low,No,Active seats fell -11% last month,Check for an offboarded champion or a team reorg; get reintroduced to whoever is using the product day to day now.,Lower priority within the at-risk pool
ACC_0481,BizCorp_0481,AMER,Logistics,Standard,9600,0.3143,Low,No,Usage has swung sharply for two months running,Confirm this isn't seasonal (their own busy/slow cycle) before treating it as a churn signal.,Lower priority within the at-risk pool
ACC_0374,BizCorp_0374,AMER,Technology,Enterprise,419040,0.3137,Low,No,Usage has swung sharply for two months running,Confirm this isn't seasonal (their own busy/slow cycle) before treating it as a churn signal.,Lower priority within the at-risk pool
ACC_0267,BizCorp_0267,APAC,Technology,Premium,32400,0.3136,Low,No,Usage has swung sharply for two months running,Confirm this isn't seasonal (their own busy/slow cycle) before treating it as a churn signal.,Lower priority within the at-risk pool
ACC_0445,BizCorp_0445,APAC,Healthcare,Standard,23040,0.3106,Low,No,Usage has swung sharply for two months running,Confirm this isn't seasonal (their own busy/slow cycle) before treating it as a churn signal.,Lower priority within the at-risk pool
ACC_0117,BizCorp_0117,APAC,Retail,Enterprise,203580,0.3098,Low,No,Active seats fell -11% last month,Check for an offboarded champion or a team reorg; get reintroduced to whoever is using the product day to day now.,Lower priority within the at-risk pool
ACC_0657,BizCorp_0657,AMER,Healthcare,Premium,44640,0.3097,Low,No,API usage fell -10% last month,"Open with the drop-off itself: ask what changed operationally last month (an integration issue, a champion leaving, a competing tool).",Lower priority within the at-risk pool
ACC_0208,BizCorp_0208,APAC,Technology,Premium,61920,0.3095,Low,No,Active seats fell -16% last month,Check for an offboarded champion or a team reorg; get reintroduced to whoever is using the product day to day now.,Lower priority within the at-risk pool
ACC_0934,BizCorp_0934,APAC,Retail,Premium,48240,0.3086,Low,No,Active seats fell -7% last month,Check for an offboarded champion or a team reorg; get reintroduced to whoever is using the product day to day now.,Lower priority within the at-risk pool
ACC_0927,BizCorp_0927,AMER,Retail,Enterprise,315360,0.3083,Low,No,Usage has swung sharply for two months running,Confirm this isn't seasonal (their own busy/slow cycle) before treating it as a churn signal.,Lower priority within the at-risk pool
ACC_0151,BizCorp_0151,EMEA,Technology,Enterprise,320760,0.3082,Low,No,API usage fell -6% last month,"Open with the drop-off itself: ask what changed operationally last month (an integration issue, a champion leaving, a competing tool).",Lower priority within the at-risk pool
ACC_0488,BizCorp_0488,EMEA,Technology,Premium,44640,0.3081,Low,No,Usage has swung sharply for two months running,Confirm this isn't seasonal (their own busy/slow cycle) before treating it as a churn signal.,Lower priority within the at-risk pool
ACC_0684,BizCorp_0684,AMER,Retail,Standard,6720,0.3075,Low,No,Usage has swung sharply for two months running,Confirm this isn't seasonal (their own busy/slow cycle) before treating it as a churn signal.,Lower priority within the at-risk pool
ACC_0325,BizCorp_0325,APAC,Technology,Premium,23760,0.3068,Low,No,API usage fell -13% last month,"Open with the drop-off itself: ask what changed operationally last month (an integration issue, a champion leaving, a competing tool).",Lower priority within the at-risk pool
ACC_0130,BizCorp_0130,EMEA,Retail,Premium,63360,0.3052,Low,No,Active seats fell -4% last month,Check for an offboarded champion or a team reorg; get reintroduced to whoever is using the product day to day now.,Lower priority within the at-risk pool
ACC_0252,BizCorp_0252,APAC,Technology,Premium,28800,0.3039,Low,No,Usage has swung sharply for two months running,Confirm this isn't seasonal (their own busy/slow cycle) before treating it as a churn signal.,Lower priority within the at-risk pool
ACC_0975,BizCorp_0975,AMER,Manufacturing,Standard,5760,0.3021,Low,No,Active seats fell +0% last month,Check for an offboarded champion or a team reorg; get reintroduced to whoever is using the product day to day now.,Lower priority within the at-risk pool
ACC_0221,BizCorp_0221,AMER,Logistics,Standard,13440,0.3016,Low,No,API usage fell -13% last month,"Open with the drop-off itself: ask what changed operationally last month (an integration issue, a champion leaving, a competing tool).",Lower priority within the at-risk pool
ACC_0591,BizCorp_0591,AMER,Financial Services,Premium,29520,0.3013,Low,No,Usage has swung sharply for two months running,Confirm this isn't seasonal (their own busy/slow cycle) before treating it as a churn signal.,Lower priority within the at-risk pool
ACC_0417,BizCorp_0417,APAC,Financial Services,Standard,20160,0.3005,Low,No,Usage has swung sharply for two months running,Confirm this isn't seasonal (their own busy/slow cycle) before treating it as a churn signal.,Lower priority within the at-risk pool
ACC_0413,BizCorp_0413,EMEA,Logistics,Premium,35280,0.3005,Low,No,API usage fell -8% last month,"Open with the drop-off itself: ask what changed operationally last month (an integration issue, a champion leaving, a competing tool).",Lower priority within the at-risk pool
ACC_0622,BizCorp_0622,AMER,Retail,Premium,45360,0.3004,Low,No,API usage fell -11% last month,"Open with the drop-off itself: ask what changed operationally last month (an integration issue, a champion leaving, a competing tool).",Lower priority within the at-risk pool
ACC_0281,BizCorp_0281,AMER,Healthcare,Standard,14400,0.2998,Low,No,API usage fell -13% last month,"Open with the drop-off itself: ask what changed operationally last month (an integration issue, a champion leaving, a competing tool).",Lower priority within the at-risk pool
ACC_0053,BizCorp_0053,APAC,Manufacturing,Standard,5760,0.2988,Low,No,API usage fell -3% and active seats fell +0% together,This is not just a usage dip; fewer people are logging in at all. Prioritize an executive-sponsor call over a routine support touch.,Lower priority within the at-risk pool
ACC_0875,BizCorp_0875,EMEA,Logistics,Premium,40320,0.2985,Low,No,API usage fell -7% last month,"Open with the drop-off itself: ask what changed operationally last month (an integration issue, a champion leaving, a competing tool).",Lower priority within the at-risk pool
ACC_0631,BizCorp_0631,AMER,Technology,Premium,52560,0.2974,Low,No,API usage fell -16% last month,"Open with the drop-off itself: ask what changed operationally last month (an integration issue, a champion leaving, a competing tool).",Lower priority within the at-risk pool
ACC_0791,BizCorp_0791,APAC,Logistics,Standard,13440,0.297,Low,No,Active seats fell +0% last month,Check for an offboarded champion or a team reorg; get reintroduced to whoever is using the product day to day now.,Lower priority within the at-risk pool
ACC_0387,BizCorp_0387,AMER,Logistics,Standard,6720,0.2961,Low,No,Usage has swung sharply for two months running,Confirm this isn't seasonal (their own busy/slow cycle) before treating it as a churn signal.,Lower priority within the at-risk pool
ACC_0747,BizCorp_0747,AMER,Manufacturing,Standard,5760,0.2953,Low,No,Active seats fell +0% last month,Check for an offboarded champion or a team reorg; get reintroduced to whoever is using the product day to day now.,Lower priority within the at-risk pool
ACC_0005,BizCorp_0005,AMER,Logistics,Standard,4800,0.2941,Low,No,Usage has swung sharply for two months running,Confirm this isn't seasonal (their own busy/slow cycle) before treating it as a churn signal.,Lower priority within the at-risk pool
ACC_0723,BizCorp_0723,APAC,Retail,Premium,66240,0.2928,Low,No,Active seats fell -9% last month,Check for an offboarded champion or a team reorg; get reintroduced to whoever is using the product day to day now.,Lower priority within the at-risk pool
ACC_0980,BizCorp_0980,APAC,Logistics,Enterprise,197100,0.2917,Low,No,Usage has swung sharply for two months running,Confirm this isn't seasonal (their own busy/slow cycle) before treating it as a churn signal.,Lower priority within the at-risk pool
ACC_0122,BizCorp_0122,AMER,Financial Services,Standard,10560,0.2914,Low,No,API usage fell -8% last month,"Open with the drop-off itself: ask what changed operationally last month (an integration issue, a champion leaving, a competing tool).",Lower priority within the at-risk pool
ACC_0473,BizCorp_0473,APAC,Technology,Enterprise,73980,0.2906,Low,No,API usage fell -13% last month,"Open with the drop-off itself: ask what changed operationally last month (an integration issue, a champion leaving, a competing tool).",Lower priority within the at-risk pool
ACC_0510,BizCorp_0510,EMEA,Technology,Enterprise,211680,0.2903,Low,No,API usage fell -9% and active seats fell +9% together,This is not just a usage dip; fewer people are logging in at all. Prioritize an executive-sponsor call over a routine support touch.,Lower priority within the at-risk pool
ACC_0671,BizCorp_0671,AMER,Technology,Enterprise,237060,0.2894,Low,No,Active seats fell -11% last month,Check for an offboarded champion or a team reorg; get reintroduced to whoever is using the product day to day now.,Lower priority within the at-risk pool
ACC_0058,BizCorp_0058,EMEA,Healthcare,Standard,9600,0.2892,Low,No,API usage fell -10% last month,"Open with the drop-off itself: ask what changed operationally last month (an integration issue, a champion leaving, a competing tool).",Lower priority within the at-risk pool
ACC_0230,BizCorp_0230,APAC,Financial Services,Standard,8640,0.2891,Low,No,API usage fell -8% last month,"Open with the drop-off itself: ask what changed operationally last month (an integration issue, a champion leaving, a competing tool).",Lower priority within the at-risk pool
ACC_0255,BizCorp_0255,APAC,Technology,Premium,46080,0.2888,Low,No,Active seats fell -6% last month,Check for an offboarded champion or a team reorg; get reintroduced to whoever is using the product day to day now.,Lower priority within the at-risk pool
ACC_0303,BizCorp_0303,EMEA,Technology,Enterprise,132840,0.2877,Low,No,Active seats fell -12% last month,Check for an offboarded champion or a team reorg; get reintroduced to whoever is using the product day to day now.,Lower priority within the at-risk pool
ACC_0854,BizCorp_0854,EMEA,Healthcare,Standard,2880,0.2876,Low,No,Active seats fell +0% last month,Check for an offboarded champion or a team reorg; get reintroduced to whoever is using the product day to day now.,Lower priority within the at-risk pool
ACC_0813,BizCorp_0813,AMER,Logistics,Enterprise,146880,0.2858,Low,No,Active seats fell -3% last month,Check for an offboarded champion or a team reorg; get reintroduced to whoever is using the product day to day now.,Lower priority within the at-risk pool
ACC_0085,BizCorp_0085,AMER,Logistics,Enterprise,56700,0.2853,Low,No,API usage fell -12% last month,"Open with the drop-off itself: ask what changed operationally last month (an integration issue, a champion leaving, a competing tool).",Lower priority within the at-risk pool
ACC_0359,BizCorp_0359,APAC,Retail,Enterprise,261360,0.2847,Low,No,API usage fell -7% and active seats fell -5% together,This is not just a usage dip; fewer people are logging in at all. Prioritize an executive-sponsor call over a routine support touch.,Lower priority within the at-risk pool
ACC_0800,BizCorp_0800,AMER,Technology,Enterprise,71280,0.2837,Low,No,Usage has swung sharply for two months running,Confirm this isn't seasonal (their own busy/slow cycle) before treating it as a churn signal.,Lower priority within the at-risk pool
ACC_0120,BizCorp_0120,AMER,Manufacturing,Standard,15360,0.2814,Low,No,Active seats fell -9% last month,Check for an offboarded champion or a team reorg; get reintroduced to whoever is using the product day to day now.,Lower priority within the at-risk pool
ACC_0153,BizCorp_0153,AMER,Retail,Enterprise,205740,0.2804,Low,No,Usage has swung sharply for two months running,Confirm this isn't seasonal (their own busy/slow cycle) before treating it as a churn signal.,Lower priority within the at-risk pool
ACC_0192,BizCorp_0192,AMER,Technology,Premium,59040,0.279,Low,No,Usage has swung sharply for two months running,Confirm this isn't seasonal (their own busy/slow cycle) before treating it as a churn signal.,Lower priority within the at-risk pool
ACC_0784,BizCorp_0784,APAC,Logistics,Standard,19200,0.2782,Low,No,Active seats fell -8% last month,Check for an offboarded champion or a team reorg; get reintroduced to whoever is using the product day to day now.,Lower priority within the at-risk pool
ACC_0116,BizCorp_0116,APAC,Retail,Enterprise,96660,0.2776,Low,No,API usage fell -7% last month,"Open with the drop-off itself: ask what changed operationally last month (an integration issue, a champion leaving, a competing tool).",Lower priority within the at-risk pool
ACC_0882,BizCorp_0882,AMER,Technology,Enterprise,192240,0.2741,Low,No,API usage fell -16% last month,"Open with the drop-off itself: ask what changed operationally last month (an integration issue, a champion leaving, a competing tool).",Lower priority within the at-risk pool
ACC_0926,BizCorp_0926,AMER,Logistics,Premium,36000,0.2737,Low,No,Usage has swung sharply for two months running,Confirm this isn't seasonal (their own busy/slow cycle) before treating it as a churn signal.,Lower priority within the at-risk pool
ACC_0471,BizCorp_0471,EMEA,Manufacturing,Standard,5760,0.2731,Low,No,Active seats fell -25% last month,Check for an offboarded champion or a team reorg; get reintroduced to whoever is using the product day to day now.,Lower priority within the at-risk pool
ACC_0443,BizCorp_0443,APAC,Manufacturing,Enterprise,319680,0.2728,Low,No,Usage has swung sharply for two months running,Confirm this isn't seasonal (their own busy/slow cycle) before treating it as a churn signal.,Lower priority within the at-risk pool
ACC_0650,BizCorp_0650,EMEA,Financial Services,Standard,32640,0.2726,Low,No,Usage has swung sharply for two months running,Confirm this isn't seasonal (their own busy/slow cycle) before treating it as a churn signal.,Lower priority within the at-risk pool
ACC_0055,BizCorp_0055,AMER,Manufacturing,Premium,27360,0.2718,Low,No,API usage fell -13% last month,"Open with the drop-off itself: ask what changed operationally last month (an integration issue, a champion leaving, a competing tool).",Lower priority within the at-risk pool
ACC_0871,BizCorp_0871,APAC,Healthcare,Standard,20160,0.2715,Low,No,Active seats fell -14% last month,Check for an offboarded champion or a team reorg; get reintroduced to whoever is using the product day to day now.,Lower priority within the at-risk pool
ACC_0968,BizCorp_0968,APAC,Logistics,Standard,11520,0.2712,Low,No,Active seats fell -14% last month,Check for an offboarded champion or a team reorg; get reintroduced to whoever is using the product day to day now.,Lower priority within the at-risk pool
ACC_0331,BizCorp_0331,EMEA,Manufacturing,Premium,47520,0.2692,Low,No,Usage has swung sharply for two months running,Confirm this isn't seasonal (their own busy/slow cycle) before treating it as a churn signal.,Lower priority within the at-risk pool
ACC_0254,BizCorp_0254,AMER,Technology,Enterprise,114480,0.2677,Low,No,API usage fell -5% last month,"Open with the drop-off itself: ask what changed operationally last month (an integration issue, a champion leaving, a competing tool).",Lower priority within the at-risk pool
ACC_0874,BizCorp_0874,AMER,Manufacturing,Premium,30960,0.2667,Low,No,API usage fell -11% last month,"Open with the drop-off itself: ask what changed operationally last month (an integration issue, a champion leaving, a competing tool).",Lower priority within the at-risk pool
ACC_0300,BizCorp_0300,APAC,Financial Services,Standard,7680,0.2651,Low,No,Active seats fell -20% last month,Check for an offboarded champion or a team reorg; get reintroduced to whoever is using the product day to day now.,Lower priority within the at-risk pool
ACC_0313,BizCorp_0313,APAC,Technology,Enterprise,336420,0.265,Low,No,Usage has swung sharply for two months running,Confirm this isn't seasonal (their own busy/slow cycle) before treating it as a churn signal.,Lower priority within the at-risk pool
ACC_0041,BizCorp_0041,APAC,Logistics,Premium,34560,0.2648,Low,No,API usage fell -17% last month,"Open with the drop-off itself: ask what changed operationally last month (an integration issue, a champion leaving, a competing tool).",Lower priority within the at-risk pool
ACC_0054,BizCorp_0054,AMER,Retail,Standard,11520,0.2607,Low,No,Usage has swung sharply for two months running,Confirm this isn't seasonal (their own busy/slow cycle) before treating it as a churn signal.,Lower priority within the at-risk pool
ACC_0467,BizCorp_0467,APAC,Healthcare,Standard,7680,0.26,Low,No,Usage has swung sharply for two months running,Confirm this isn't seasonal (their own busy/slow cycle) before treating it as a churn signal.,Lower priority within the at-risk pool
ACC_0356,BizCorp_0356,APAC,Manufacturing,Premium,61200,0.2599,Low,No,API usage fell -6% last month,"Open with the drop-off itself: ask what changed operationally last month (an integration issue, a champion leaving, a competing tool).",Lower priority within the at-risk pool
ACC_0465,BizCorp_0465,AMER,Retail,Premium,124560,0.2574,Low,No,API usage fell -11% last month,"Open with the drop-off itself: ask what changed operationally last month (an integration issue, a champion leaving, a competing tool).",Lower priority within the at-risk pool
ACC_0186,BizCorp_0186,APAC,Technology,Premium,45360,0.2567,Low,No,Usage has swung sharply for two months running,Confirm this isn't seasonal (their own busy/slow cycle) before treating it as a churn signal.,Lower priority within the at-risk pool
ACC_0959,BizCorp_0959,AMER,Healthcare,Standard,4800,0.2567,Low,No,Usage has swung sharply for two months running,Confirm this isn't seasonal (their own busy/slow cycle) before treating it as a churn signal.,Lower priority within the at-risk pool
ACC_0352,BizCorp_0352,APAC,Logistics,Premium,35280,0.2541,Low,No,API usage fell -3% and active seats fell +0% together,This is not just a usage dip; fewer people are logging in at all. Prioritize an executive-sponsor call over a routine support touch.,Lower priority within the at-risk pool
ACC_0989,BizCorp_0989,AMER,Retail,Standard,9600,0.2532,Low,No,Usage has swung sharply for two months running,Confirm this isn't seasonal (their own busy/slow cycle) before treating it as a churn signal.,Lower priority within the at-risk pool
ACC_0574,BizCorp_0574,APAC,Healthcare,Standard,14400,0.2522,Low,No,API usage fell -10% last month,"Open with the drop-off itself: ask what changed operationally last month (an integration issue, a champion leaving, a competing tool).",Lower priority within the at-risk pool
ACC_0639,BizCorp_0639,AMER,Logistics,Standard,4800,0.252,Low,No,Usage has swung sharply for two months running,Confirm this isn't seasonal (their own busy/slow cycle) before treating it as a churn signal.,Lower priority within the at-risk pool
ACC_0982,BizCorp_0982,APAC,Technology,Enterprise,115560,0.2518,Low,No,API usage fell -13% last month,"Open with the drop-off itself: ask what changed operationally last month (an integration issue, a champion leaving, a competing tool).",Lower priority within the at-risk pool
ACC_0013,BizCorp_0013,APAC,Technology,Enterprise,73440,0.2499,Low,No,API usage fell -12% last month,"Open with the drop-off itself: ask what changed operationally last month (an integration issue, a champion leaving, a competing tool).",Lower priority within the at-risk pool
ACC_0677,BizCorp_0677,APAC,Financial Services,Premium,25200,0.2483,Low,No,Active seats fell -5% last month,Check for an offboarded champion or a team reorg; get reintroduced to whoever is using the product day to day now.,Lower priority within the at-risk pool
ACC_0711,BizCorp_0711,AMER,Retail,Enterprise,150120,0.2477,Low,No,Active seats fell -4% last month,Check for an offboarded champion or a team reorg; get reintroduced to whoever is using the product day to day now.,Lower priority within the at-risk pool
ACC_0831,BizCorp_0831,EMEA,Technology,Premium,36720,0.2468,Low,No,API usage fell -5% and active seats fell +3% together,This is not just a usage dip; fewer people are logging in at all. Prioritize an executive-sponsor call over a routine support touch.,Lower priority within the at-risk pool
ACC_0081,BizCorp_0081,EMEA,Financial Services,Premium,61200,0.2466,Low,No,Active seats fell -6% last month,Check for an offboarded champion or a team reorg; get reintroduced to whoever is using the product day to day now.,Lower priority within the at-risk pool
ACC_0581,BizCorp_0581,EMEA,Manufacturing,Standard,27840,0.2452,Low,No,Usage has swung sharply for two months running,Confirm this isn't seasonal (their own busy/slow cycle) before treating it as a churn signal.,Lower priority within the at-risk pool
ACC_0305,BizCorp_0305,APAC,Technology,Enterprise,251100,0.245,Low,No,Usage has swung sharply for two months running,Confirm this isn't seasonal (their own busy/slow cycle) before treating it as a churn signal.,Lower priority within the at-risk pool
ACC_0763,BizCorp_0763,APAC,Healthcare,Standard,4800,0.2447,Low,No,Active seats fell +0% last month,Check for an offboarded champion or a team reorg; get reintroduced to whoever is using the product day to day now.,Lower priority within the at-risk pool
ACC_0652,BizCorp_0652,APAC,Healthcare,Premium,40320,0.2443,Low,No,API usage fell -5% and active seats fell -6% together,This is not just a usage dip; fewer people are logging in at all. Prioritize an executive-sponsor call over a routine support touch.,Lower priority within the at-risk pool
ACC_0830,BizCorp_0830,AMER,Healthcare,Premium,87840,0.2428,Low,No,API usage fell -11% last month,"Open with the drop-off itself: ask what changed operationally last month (an integration issue, a champion leaving, a competing tool).",Lower priority within the at-risk pool
ACC_0017,BizCorp_0017,AMER,Retail,Enterprise,243000,0.2422,Low,No,API usage fell -14% last month,"Open with the drop-off itself: ask what changed operationally last month (an integration issue, a champion leaving, a competing tool).",Lower priority within the at-risk pool
ACC_0812,BizCorp_0812,APAC,Healthcare,Standard,6720,0.2417,Low,No,API usage fell -25% last month,"Open with the drop-off itself: ask what changed operationally last month (an integration issue, a champion leaving, a competing tool).",Lower priority within the at-risk pool
ACC_0686,BizCorp_0686,EMEA,Financial Services,Premium,54720,0.2407,Low,No,API usage fell -12% last month,"Open with the drop-off itself: ask what changed operationally last month (an integration issue, a champion leaving, a competing tool).",Lower priority within the at-risk pool
ACC_0250,BizCorp_0250,APAC,Technology,Standard,11520,0.24,Low,No,Usage has swung sharply for two months running,Confirm this isn't seasonal (their own busy/slow cycle) before treating it as a churn signal.,Lower priority within the at-risk pool
ACC_0802,BizCorp_0802,AMER,Healthcare,Standard,10560,0.2389,Low,No,Active seats fell +0% last month,Check for an offboarded champion or a team reorg; get reintroduced to whoever is using the product day to day now.,Lower priority within the at-risk pool
ACC_0176,BizCorp_0176,APAC,Logistics,Premium,64800,0.2386,Low,No,API usage fell -13% last month,"Open with the drop-off itself: ask what changed operationally last month (an integration issue, a champion leaving, a competing tool).",Lower priority within the at-risk pool
ACC_0517,BizCorp_0517,EMEA,Manufacturing,Standard,9600,0.2384,Low,No,API usage fell -13% last month,"Open with the drop-off itself: ask what changed operationally last month (an integration issue, a champion leaving, a competing tool).",Lower priority within the at-risk pool
ACC_0983,BizCorp_0983,EMEA,Technology,Enterprise,119340,0.2381,Low,No,Usage has swung sharply for two months running,Confirm this isn't seasonal (their own busy/slow cycle) before treating it as a churn signal.,Lower priority within the at-risk pool
ACC_0572,BizCorp_0572,AMER,Financial Services,Premium,71280,0.2381,Low,No,API usage fell -11% last month,"Open with the drop-off itself: ask what changed operationally last month (an integration issue, a champion leaving, a competing tool).",Lower priority within the at-risk pool
ACC_0290,BizCorp_0290,AMER,Technology,Premium,57600,0.238,Low,No,API usage fell -3% last month,"Open with the drop-off itself: ask what changed operationally last month (an integration issue, a champion leaving, a competing tool).",Lower priority within the at-risk pool
ACC_0665,BizCorp_0665,EMEA,Healthcare,Enterprise,304560,0.2376,Low,No,Active seats fell -11% last month,Check for an offboarded champion or a team reorg; get reintroduced to whoever is using the product day to day now.,Lower priority within the at-risk pool
ACC_0821,BizCorp_0821,AMER,Technology,Premium,54720,0.2374,Low,No,API usage fell -4% and active seats fell +4% together,This is not just a usage dip; fewer people are logging in at all. Prioritize an executive-sponsor call over a routine support touch.,Lower priority within the at-risk pool
ACC_0550,BizCorp_0550,AMER,Logistics,Enterprise,96120,0.2374,Low,No,API usage fell -13% last month,"Open with the drop-off itself: ask what changed operationally last month (an integration issue, a champion leaving, a competing tool).",Lower priority within the at-risk pool
ACC_0605,BizCorp_0605,APAC,Financial Services,Standard,17280,0.2364,Low,No,Usage has swung sharply for two months running,Confirm this isn't seasonal (their own busy/slow cycle) before treating it as a churn signal.,Lower priority within the at-risk pool
ACC_0007,BizCorp_0007,AMER,Technology,Premium,69120,0.2362,Low,No,API usage fell -7% last month,"Open with the drop-off itself: ask what changed operationally last month (an integration issue, a champion leaving, a competing tool).",Lower priority within the at-risk pool
ACC_0222,BizCorp_0222,APAC,Retail,Premium,31680,0.2354,Low,No,API usage fell -6% and active seats fell +9% together,This is not just a usage dip; fewer people are logging in at all. Prioritize an executive-sponsor call over a routine support touch.,Lower priority within the at-risk pool
ACC_0492,BizCorp_0492,AMER,Technology,Enterprise,61560,0.234,Low,No,Usage has swung sharply for two months running,Confirm this isn't seasonal (their own busy/slow cycle) before treating it as a churn signal.,Lower priority within the at-risk pool
ACC_0237,BizCorp_0237,AMER,Logistics,Enterprise,201420,0.2335,Low,No,Usage has swung sharply for two months running,Confirm this isn't seasonal (their own busy/slow cycle) before treating it as a churn signal.,Lower priority within the at-risk pool
ACC_0653,BizCorp_0653,APAC,Healthcare,Enterprise,131220,0.2329,Low,No,API usage fell -9% last month,"Open with the drop-off itself: ask what changed operationally last month (an integration issue, a champion leaving, a competing tool).",Lower priority within the at-risk pool
ACC_0450,BizCorp_0450,AMER,Technology,Enterprise,105840,0.2323,Low,No,API usage fell -7% last month,"Open with the drop-off itself: ask what changed operationally last month (an integration issue, a champion leaving, a competing tool).",Lower priority within the at-risk pool
ACC_0943,BizCorp_0943,APAC,Technology,Standard,16320,0.2318,Low,No,Active seats fell +0% last month,Check for an offboarded champion or a team reorg; get reintroduced to whoever is using the product day to day now.,Lower priority within the at-risk pool
ACC_0743,BizCorp_0743,EMEA,Technology,Premium,97200,0.2316,Low,No,API usage fell -10% last month,"Open with the drop-off itself: ask what changed operationally last month (an integration issue, a champion leaving, a competing tool).",Lower priority within the at-risk pool
ACC_0040,BizCorp_0040,APAC,Retail,Enterprise,99900,0.2303,Low,No,Usage has swung sharply for two months running,Confirm this isn't seasonal (their own busy/slow cycle) before treating it as a churn signal.,Lower priority within the at-risk pool
ACC_0879,BizCorp_0879,APAC,Technology,Enterprise,252180,0.2302,Low,No,Usage has swung sharply for two months running,Confirm this isn't seasonal (their own busy/slow cycle) before treating it as a churn signal.,Lower priority within the at-risk pool
ACC_0974,BizCorp_0974,APAC,Financial Services,Premium,36720,0.2301,Low,No,Usage has swung sharply for two months running,Confirm this isn't seasonal (their own busy/slow cycle) before treating it as a churn signal.,Lower priority within the at-risk pool
ACC_0421,BizCorp_0421,APAC,Logistics,Premium,46800,0.23,Low,No,API usage fell -18% last month,"Open with the drop-off itself: ask what changed operationally last month (an integration issue, a champion leaving, a competing tool).",Lower priority within the at-risk pool
ACC_0764,BizCorp_0764,APAC,Logistics,Premium,43200,0.2288,Low,No,API usage fell -4% last month,"Open with the drop-off itself: ask what changed operationally last month (an integration issue, a champion leaving, a competing tool).",Lower priority within the at-risk pool
ACC_0143,BizCorp_0143,AMER,Technology,Premium,54000,0.2283,Low,No,Usage has swung sharply for two months running,Confirm this isn't seasonal (their own busy/slow cycle) before treating it as a churn signal.,Lower priority within the at-risk pool
ACC_0765,BizCorp_0765,AMER,Technology,Premium,97920,0.2279,Low,No,Usage has swung sharply for two months running,Confirm this isn't seasonal (their own busy/slow cycle) before treating it as a churn signal.,Lower priority within the at-risk pool
ACC_0836,BizCorp_0836,AMER,Logistics,Standard,8640,0.2277,Low,No,Active seats fell -17% last month,Check for an offboarded champion or a team reorg; get reintroduced to whoever is using the product day to day now.,Lower priority within the at-risk pool
ACC_0014,BizCorp_0014,AMER,Healthcare,Premium,22320,0.2276,Low,No,API usage fell -17% last month,"Open with the drop-off itself: ask what changed operationally last month (an integration issue, a champion leaving, a competing tool).",Lower priority within the at-risk pool
ACC_0806,BizCorp_0806,AMER,Financial Services,Premium,75600,0.227,Low,No,API usage fell -14% last month,"Open with the drop-off itself: ask what changed operationally last month (an integration issue, a champion leaving, a competing tool).",Lower priority within the at-risk pool
ACC_0396,BizCorp_0396,APAC,Logistics,Premium,23760,0.2263,Low,No,Active seats fell -14% last month,Check for an offboarded champion or a team reorg; get reintroduced to whoever is using the product day to day now.,Lower priority within the at-risk pool
ACC_0324,BizCorp_0324,APAC,Retail,Enterprise,120420,0.2257,Low,No,Active seats fell -3% last month,Check for an offboarded champion or a team reorg; get reintroduced to whoever is using the product day to day now.,Lower priority within the at-risk pool
ACC_0840,BizCorp_0840,AMER,Financial Services,Standard,10560,0.2253,Low,No,API usage fell -2% last month,"Open with the drop-off itself: ask what changed operationally last month (an integration issue, a champion leaving, a competing tool).",Lower priority within the at-risk pool
ACC_0613,BizCorp_0613,AMER,Logistics,Premium,95040,0.225,Low,No,Usage has swung sharply for two months running,Confirm this isn't seasonal (their own busy/slow cycle) before treating it as a churn signal.,Lower priority within the at-risk pool
ACC_0418,BizCorp_0418,AMER,Technology,Premium,25920,0.2245,Low,No,API usage fell -5% and active seats fell +7% together,This is not just a usage dip; fewer people are logging in at all. Prioritize an executive-sponsor call over a routine support touch.,Lower priority within the at-risk pool
ACC_0530,BizCorp_0530,AMER,Healthcare,Standard,22080,0.2236,Low,No,API usage fell -13% last month,"Open with the drop-off itself: ask what changed operationally last month (an integration issue, a champion leaving, a competing tool).",Lower priority within the at-risk pool
ACC_0633,BizCorp_0633,AMER,Technology,Premium,43920,0.2221,Low,No,Active seats fell -6% last month,Check for an offboarded champion or a team reorg; get reintroduced to whoever is using the product day to day now.,Lower priority within the at-risk pool
ACC_0861,BizCorp_0861,APAC,Retail,Standard,5760,0.2219,Low,No,Active seats fell +0% last month,Check for an offboarded champion or a team reorg; get reintroduced to whoever is using the product day to day now.,Lower priority within the at-risk pool
ACC_0824,BizCorp_0824,APAC,Technology,Enterprise,115560,0.2215,Low,No,Usage has swung sharply for two months running,Confirm this isn't seasonal (their own busy/slow cycle) before treating it as a churn signal.,Lower priority within the at-risk pool
ACC_0210,BizCorp_0210,AMER,Logistics,Enterprise,264060,0.2192,Low,No,Active seats fell -11% last month,Check for an offboarded champion or a team reorg; get reintroduced to whoever is using the product day to day now.,Lower priority within the at-risk pool
ACC_0911,BizCorp_0911,APAC,Retail,Standard,13440,0.2191,Low,No,Usage has swung sharply for two months running,Confirm this isn't seasonal (their own busy/slow cycle) before treating it as a churn signal.,Lower priority within the at-risk pool
ACC_0641,BizCorp_0641,APAC,Retail,Standard,7680,0.2189,Low,No,Usage has swung sharply for two months running,Confirm this isn't seasonal (their own busy/slow cycle) before treating it as a churn signal.,Lower priority within the at-risk pool
ACC_0260,BizCorp_0260,AMER,Manufacturing,Premium,39600,0.2188,Low,No,Usage has swung sharply for two months running,Confirm this isn't seasonal (their own busy/slow cycle) before treating it as a churn signal.,Lower priority within the at-risk pool
ACC_0112,BizCorp_0112,EMEA,Technology,Premium,33840,0.2179,Low,No,Usage has swung sharply for two months running,Confirm this isn't seasonal (their own busy/slow cycle) before treating it as a churn signal.,Lower priority within the at-risk pool
ACC_0664,BizCorp_0664,APAC,Retail,Enterprise,221400,0.2168,Low,No,Active seats fell -7% last month,Check for an offboarded champion or a team reorg; get reintroduced to whoever is using the product day to day now.,Lower priority within the at-risk pool
ACC_0885,BizCorp_0885,APAC,Technology,Premium,34560,0.2139,Low,No,API usage fell -10% last month,"Open with the drop-off itself: ask what changed operationally last month (an integration issue, a champion leaving, a competing tool).",Lower priority within the at-risk pool
ACC_0032,BizCorp_0032,AMER,Logistics,Premium,29520,0.2136,Low,No,Usage has swung sharply for two months running,Confirm this isn't seasonal (their own busy/slow cycle) before treating it as a churn signal.,Lower priority within the at-risk pool
ACC_0655,BizCorp_0655,EMEA,Technology,Premium,46080,0.2136,Low,No,Active seats fell -2% last month,Check for an offboarded champion or a team reorg; get reintroduced to whoever is using the product day to day now.,Lower priority within the at-risk pool
ACC_0942,BizCorp_0942,APAC,Retail,Premium,92880,0.2124,Low,No,Usage has swung sharply for two months running,Confirm this isn't seasonal (their own busy/slow cycle) before treating it as a churn signal.,Lower priority within the at-risk pool
ACC_0646,BizCorp_0646,AMER,Logistics,Premium,28080,0.2121,Low,No,API usage fell -12% last month,"Open with the drop-off itself: ask what changed operationally last month (an integration issue, a champion leaving, a competing tool).",Lower priority within the at-risk pool
ACC_0810,BizCorp_0810,AMER,Healthcare,Enterprise,136620,0.2112,Low,No,Active seats fell -6% last month,Check for an offboarded champion or a team reorg; get reintroduced to whoever is using the product day to day now.,Lower priority within the at-risk pool
ACC_0072,BizCorp_0072,AMER,Financial Services,Standard,18240,0.2112,Low,No,Usage has swung sharply for two months running,Confirm this isn't seasonal (their own busy/slow cycle) before treating it as a churn signal.,Lower priority within the at-risk pool
ACC_0643,BizCorp_0643,APAC,Financial Services,Premium,66960,0.2105,Low,No,Active seats fell -4% last month,Check for an offboarded champion or a team reorg; get reintroduced to whoever is using the product day to day now.,Lower priority within the at-risk pool
ACC_0648,BizCorp_0648,AMER,Manufacturing,Premium,25920,0.2104,Low,No,Usage has swung sharply for two months running,Confirm this isn't seasonal (their own busy/slow cycle) before treating it as a churn signal.,Lower priority within the at-risk pool
ACC_0565,BizCorp_0565,EMEA,Healthcare,Premium,43200,0.2097,Low,No,API usage fell -5% last month,"Open with the drop-off itself: ask what changed operationally last month (an integration issue, a champion leaving, a competing tool).",Lower priority within the at-risk pool
ACC_0090,BizCorp_0090,AMER,Technology,Enterprise,261360,0.2094,Low,No,API usage fell -17% last month,"Open with the drop-off itself: ask what changed operationally last month (an integration issue, a champion leaving, a competing tool).",Lower priority within the at-risk pool
ACC_0741,BizCorp_0741,AMER,Healthcare,Premium,21600,0.2092,Low,No,Usage has swung sharply for two months running,Confirm this isn't seasonal (their own busy/slow cycle) before treating it as a churn signal.,Lower priority within the at-risk pool
ACC_0951,BizCorp_0951,APAC,Logistics,Premium,59040,0.2091,Low,No,API usage fell -7% last month,"Open with the drop-off itself: ask what changed operationally last month (an integration issue, a champion leaving, a competing tool).",Lower priority within the at-risk pool
ACC_0003,BizCorp_0003,AMER,Retail,Enterprise,259200,0.2086,Low,No,API usage fell -10% last month,"Open with the drop-off itself: ask what changed operationally last month (an integration issue, a champion leaving, a competing tool).",Lower priority within the at-risk pool
ACC_0486,BizCorp_0486,APAC,Logistics,Enterprise,99360,0.2085,Low,No,Usage has swung sharply for two months running,Confirm this isn't seasonal (their own busy/slow cycle) before treating it as a churn signal.,Lower priority within the at-risk pool
ACC_0330,BizCorp_0330,APAC,Logistics,Enterprise,93420,0.2084,Low,No,Active seats fell -6% last month,Check for an offboarded champion or a team reorg; get reintroduced to whoever is using the product day to day now.,Lower priority within the at-risk pool
ACC_0289,BizCorp_0289,APAC,Technology,Enterprise,130140,0.207,Low,No,Active seats fell -5% last month,Check for an offboarded champion or a team reorg; get reintroduced to whoever is using the product day to day now.,Lower priority within the at-risk pool
ACC_0205,BizCorp_0205,APAC,Financial Services,Premium,66960,0.2057,Low,No,Active seats fell -2% last month,Check for an offboarded champion or a team reorg; get reintroduced to whoever is using the product day to day now.,Lower priority within the at-risk pool
ACC_0993,BizCorp_0993,AMER,Logistics,Enterprise,270000,0.2056,Low,No,Usage has swung sharply for two months running,Confirm this isn't seasonal (their own busy/slow cycle) before treating it as a churn signal.,Lower priority within the at-risk pool
ACC_0647,BizCorp_0647,AMER,Technology,Standard,22080,0.2052,Low,No,API usage fell -12% last month,"Open with the drop-off itself: ask what changed operationally last month (an integration issue, a champion leaving, a competing tool).",Lower priority within the at-risk pool
ACC_0919,BizCorp_0919,AMER,Financial Services,Premium,95760,0.2046,Low,No,Active seats fell -5% last month,Check for an offboarded champion or a team reorg; get reintroduced to whoever is using the product day to day now.,Lower priority within the at-risk pool
ACC_0429,BizCorp_0429,APAC,Financial Services,Enterprise,93420,0.2038,Low,No,Active seats fell -1% last month,Check for an offboarded champion or a team reorg; get reintroduced to whoever is using the product day to day now.,Lower priority within the at-risk pool
ACC_0097,BizCorp_0097,APAC,Retail,Standard,12480,0.2018,Low,No,Active seats fell -12% last month,Check for an offboarded champion or a team reorg; get reintroduced to whoever is using the product day to day now.,Lower priority within the at-risk pool
ACC_0688,BizCorp_0688,AMER,Manufacturing,Enterprise,209520,0.2018,Low,No,Active seats fell -5% last month,Check for an offboarded champion or a team reorg; get reintroduced to whoever is using the product day to day now.,Lower priority within the at-risk pool
ACC_0809,BizCorp_0809,EMEA,Healthcare,Standard,3840,0.2015,Low,No,Usage has swung sharply for two months running,Confirm this isn't seasonal (their own busy/slow cycle) before treating it as a churn signal.,Lower priority within the at-risk pool
ACC_0402,BizCorp_0402,APAC,Healthcare,Premium,56880,0.2006,Low,No,Active seats fell +0% last month,Check for an offboarded champion or a team reorg; get reintroduced to whoever is using the product day to day now.,Lower priority within the at-risk pool
ACC_0497,BizCorp_0497,APAC,Logistics,Enterprise,351000,0.2004,Low,No,Active seats fell -4% last month,Check for an offboarded champion or a team reorg; get reintroduced to whoever is using the product day to day now.,Lower priority within the at-risk pool
ACC_0084,BizCorp_0084,APAC,Healthcare,Enterprise,176580,0.2,Low,No,Usage has swung sharply for two months running,Confirm this isn't seasonal (their own busy/slow cycle) before treating it as a churn signal.,Lower priority within the at-risk pool
ACC_0291,BizCorp_0291,AMER,Healthcare,Enterprise,58320,0.1993,Low,No,Usage has swung sharply for two months running,Confirm this isn't seasonal (their own busy/slow cycle) before treating it as a churn signal.,Lower priority within the at-risk pool
ACC_0924,BizCorp_0924,APAC,Technology,Enterprise,182520,0.1988,Low,No,API usage fell -6% last month,"Open with the drop-off itself: ask what changed operationally last month (an integration issue, a champion leaving, a competing tool).",Lower priority within the at-risk pool
ACC_0843,BizCorp_0843,AMER,Technology,Premium,51120,0.1987,Low,No,Usage has swung sharply for two months running,Confirm this isn't seasonal (their own busy/slow cycle) before treating it as a churn signal.,Lower priority within the at-risk pool
ACC_0315,BizCorp_0315,APAC,Healthcare,Enterprise,183060,0.1981,Low,No,Usage has swung sharply for two months running,Confirm this isn't seasonal (their own busy/slow cycle) before treating it as a churn signal.,Lower priority within the at-risk pool
ACC_0067,BizCorp_0067,AMER,Retail,Enterprise,119340,0.1973,Low,No,API usage fell -8% last month,"Open with the drop-off itself: ask what changed operationally last month (an integration issue, a champion leaving, a competing tool).",Lower priority within the at-risk pool
ACC_0991,BizCorp_0991,APAC,Healthcare,Standard,17280,0.1973,Low,No,Usage has swung sharply for two months running,Confirm this isn't seasonal (their own busy/slow cycle) before treating it as a churn signal.,Lower priority within the at-risk pool
ACC_0388,BizCorp_0388,AMER,Logistics,Premium,34560,0.1957,Low,No,Active seats fell -12% last month,Check for an offboarded champion or a team reorg; get reintroduced to whoever is using the product day to day now.,Lower priority within the at-risk pool
ACC_0364,BizCorp_0364,APAC,Healthcare,Premium,33840,0.1936,Low,No,API usage fell -9% last month,"Open with the drop-off itself: ask what changed operationally last month (an integration issue, a champion leaving, a competing tool).",Lower priority within the at-risk pool
ACC_0659,BizCorp_0659,APAC,Technology,Enterprise,234900,0.1934,Low,No,Usage has swung sharply for two months running,Confirm this isn't seasonal (their own busy/slow cycle) before treating it as a churn signal.,Lower priority within the at-risk pool
ACC_0656,BizCorp_0656,AMER,Retail,Enterprise,289440,0.192,Low,No,Usage has swung sharply for two months running,Confirm this isn't seasonal (their own busy/slow cycle) before treating it as a churn signal.,Lower priority within the at-risk pool
ACC_0940,BizCorp_0940,AMER,Retail,Premium,77760,0.1904,Low,No,API usage fell -3% and active seats fell +5% together,This is not just a usage dip; fewer people are logging in at all. Prioritize an executive-sponsor call over a routine support touch.,Lower priority within the at-risk pool
ACC_0976,BizCorp_0976,APAC,Financial Services,Standard,3840,0.1903,Low,No,Usage has swung sharply for two months running,Confirm this isn't seasonal (their own busy/slow cycle) before treating it as a churn signal.,Lower priority within the at-risk pool
ACC_0687,BizCorp_0687,APAC,Retail,Standard,10560,0.1902,Low,No,API usage fell -6% last month,"Open with the drop-off itself: ask what changed operationally last month (an integration issue, a champion leaving, a competing tool).",Lower priority within the at-risk pool
ACC_0162,BizCorp_0162,APAC,Technology,Premium,77760,0.1885,Low,No,Active seats fell -16% last month,Check for an offboarded champion or a team reorg; get reintroduced to whoever is using the product day to day now.,Lower priority within the at-risk pool
ACC_0552,BizCorp_0552,APAC,Logistics,Premium,63360,0.1877,Low,No,API usage fell -15% last month,"Open with the drop-off itself: ask what changed operationally last month (an integration issue, a champion leaving, a competing tool).",Lower priority within the at-risk pool
ACC_0936,BizCorp_0936,APAC,Logistics,Premium,27360,0.1871,Low,No,Usage has swung sharply for two months running,Confirm this isn't seasonal (their own busy/slow cycle) before treating it as a churn signal.,Lower priority within the at-risk pool
ACC_0615,BizCorp_0615,APAC,Healthcare,Standard,10560,0.1866,Low,No,Active seats fell +0% last month,Check for an offboarded champion or a team reorg; get reintroduced to whoever is using the product day to day now.,Lower priority within the at-risk pool
ACC_0088,BizCorp_0088,AMER,Logistics,Premium,18720,0.184,Low,No,Usage has swung sharply for two months running,Confirm this isn't seasonal (their own busy/slow cycle) before treating it as a churn signal.,Lower priority within the at-risk pool
ACC_0439,BizCorp_0439,APAC,Financial Services,Standard,13440,0.1828,Low,No,Usage has swung sharply for two months running,Confirm this isn't seasonal (their own busy/slow cycle) before treating it as a churn signal.,Lower priority within the at-risk pool
ACC_0969,BizCorp_0969,AMER,Technology,Premium,31680,0.1823,Low,No,Usage has swung sharply for two months running,Confirm this isn't seasonal (their own busy/slow cycle) before treating it as a churn signal.,Lower priority within the at-risk pool
ACC_0239,BizCorp_0239,APAC,Financial Services,Premium,38880,0.1822,Low,No,API usage fell -4% last month,"Open with the drop-off itself: ask what changed operationally last month (an integration issue, a champion leaving, a competing tool).",Lower priority within the at-risk pool
ACC_0223,BizCorp_0223,APAC,Healthcare,Standard,7680,0.1819,Low,No,API usage fell -14% last month,"Open with the drop-off itself: ask what changed operationally last month (an integration issue, a champion leaving, a competing tool).",Lower priority within the at-risk pool
ACC_0233,BizCorp_0233,AMER,Retail,Enterprise,144180,0.1806,Low,No,API usage fell -11% last month,"Open with the drop-off itself: ask what changed operationally last month (an integration issue, a champion leaving, a competing tool).",Lower priority within the at-risk pool
ACC_0626,BizCorp_0626,EMEA,Logistics,Enterprise,105300,0.1805,Low,No,Active seats fell +3% last month,Check for an offboarded champion or a team reorg; get reintroduced to whoever is using the product day to day now.,Lower priority within the at-risk pool
ACC_0136,BizCorp_0136,APAC,Logistics,Premium,46800,0.1804,Low,No,Active seats fell +0% last month,Check for an offboarded champion or a team reorg; get reintroduced to whoever is using the product day to day now.,Lower priority within the at-risk pool
ACC_0878,BizCorp_0878,AMER,Technology,Enterprise,110160,0.1789,Low,No,API usage fell -10% last month,"Open with the drop-off itself: ask what changed operationally last month (an integration issue, a champion leaving, a competing tool).",Lower priority within the at-risk pool
ACC_0634,BizCorp_0634,EMEA,Healthcare,Enterprise,98820,0.1788,Low,No,Usage has swung sharply for two months running,Confirm this isn't seasonal (their own busy/slow cycle) before treating it as a churn signal.,Lower priority within the at-risk pool
ACC_0061,BizCorp_0061,APAC,Healthcare,Premium,66240,0.1777,Low,No,Usage has swung sharply for two months running,Confirm this isn't seasonal (their own busy/slow cycle) before treating it as a churn signal.,Lower priority within the at-risk pool
ACC_0733,BizCorp_0733,APAC,Logistics,Premium,22320,0.1776,Low,No,Usage has swung sharply for two months running,Confirm this isn't seasonal (their own busy/slow cycle) before treating it as a churn signal.,Lower priority within the at-risk pool
ACC_0209,BizCorp_0209,APAC,Technology,Enterprise,173340,0.1774,Low,No,Active seats fell -6% last month,Check for an offboarded champion or a team reorg; get reintroduced to whoever is using the product day to day now.,Lower priority within the at-risk pool
ACC_0317,BizCorp_0317,AMER,Technology,Premium,26640,0.1772,Low,No,Active seats fell -8% last month,Check for an offboarded champion or a team reorg; get reintroduced to whoever is using the product day to day now.,Lower priority within the at-risk pool
ACC_0049,BizCorp_0049,EMEA,Technology,Enterprise,212220,0.1766,Low,No,Usage has swung sharply for two months running,Confirm this isn't seasonal (their own busy/slow cycle) before treating it as a churn signal.,Lower priority within the at-risk pool
ACC_0841,BizCorp_0841,APAC,Technology,Premium,25200,0.1765,Low,No,Usage has swung sharply for two months running,Confirm this isn't seasonal (their own busy/slow cycle) before treating it as a churn signal.,Lower priority within the at-risk pool
ACC_0941,BizCorp_0941,EMEA,Technology,Premium,35280,0.1762,Low,No,Usage has swung sharply for two months running,Confirm this isn't seasonal (their own busy/slow cycle) before treating it as a churn signal.,Lower priority within the at-risk pool
ACC_0196,BizCorp_0196,APAC,Technology,Premium,74880,0.176,Low,No,Usage has swung sharply for two months running,Confirm this isn't seasonal (their own busy/slow cycle) before treating it as a churn signal.,Lower priority within the at-risk pool
ACC_0157,BizCorp_0157,AMER,Technology,Enterprise,151740,0.1757,Low,No,Active seats fell +3% last month,Check for an offboarded champion or a team reorg; get reintroduced to whoever is using the product day to day now.,Lower priority within the at-risk pool
ACC_0838,BizCorp_0838,APAC,Technology,Enterprise,111240,0.1756,Low,No,Usage has swung sharply for two months running,Confirm this isn't seasonal (their own busy/slow cycle) before treating it as a churn signal.,Lower priority within the at-risk pool
ACC_0965,BizCorp_0965,APAC,Financial Services,Standard,12480,0.1755,Low,No,API usage fell -14% last month,"Open with the drop-off itself: ask what changed operationally last month (an integration issue, a champion leaving, a competing tool).",Lower priority within the at-risk pool
ACC_0988,BizCorp_0988,EMEA,Manufacturing,Enterprise,224100,0.1747,Low,No,Active seats fell -8% last month,Check for an offboarded champion or a team reorg; get reintroduced to whoever is using the product day to day now.,Lower priority within the at-risk pool
ACC_0918,BizCorp_0918,AMER,Technology,Standard,9600,0.1744,Low,No,API usage fell -6% last month,"Open with the drop-off itself: ask what changed operationally last month (an integration issue, a champion leaving, a competing tool).",Lower priority within the at-risk pool
ACC_0108,BizCorp_0108,AMER,Retail,Premium,68400,0.1743,Low,No,Active seats fell -15% last month,Check for an offboarded champion or a team reorg; get reintroduced to whoever is using the product day to day now.,Lower priority within the at-risk pool
ACC_0249,BizCorp_0249,APAC,Retail,Enterprise,264060,0.1741,Low,No,Usage has swung sharply for two months running,Confirm this isn't seasonal (their own busy/slow cycle) before treating it as a churn signal.,Lower priority within the at-risk pool
ACC_0144,BizCorp_0144,AMER,Technology,Premium,66960,0.1739,Low,No,Active seats fell +4% last month,Check for an offboarded champion or a team reorg; get reintroduced to whoever is using the product day to day now.,Lower priority within the at-risk pool
ACC_0309,BizCorp_0309,APAC,Financial Services,Premium,28080,0.1738,Low,No,Usage has swung sharply for two months running,Confirm this isn't seasonal (their own busy/slow cycle) before treating it as a churn signal.,Lower priority within the at-risk pool
ACC_0771,BizCorp_0771,APAC,Technology,Premium,36000,0.1731,Low,No,Usage has swung sharply for two months running,Confirm this isn't seasonal (their own busy/slow cycle) before treating it as a churn signal.,Lower priority within the at-risk pool
ACC_0682,BizCorp_0682,APAC,Logistics,Enterprise,121500,0.1726,Low,No,API usage fell -4% last month,"Open with the drop-off itself: ask what changed operationally last month (an integration issue, a champion leaving, a competing tool).",Lower priority within the at-risk pool
ACC_0786,BizCorp_0786,APAC,Retail,Premium,79200,0.1725,Low,No,Active seats fell +5% last month,Check for an offboarded champion or a team reorg; get reintroduced to whoever is using the product day to day now.,Lower priority within the at-risk pool
ACC_0288,BizCorp_0288,AMER,Logistics,Premium,117360,0.1719,Low,No,Usage has swung sharply for two months running,Confirm this isn't seasonal (their own busy/slow cycle) before treating it as a churn signal.,Lower priority within the at-risk pool
ACC_0023,BizCorp_0023,EMEA,Healthcare,Premium,34560,0.1709,Low,No,API usage fell -4% last month,"Open with the drop-off itself: ask what changed operationally last month (an integration issue, a champion leaving, a competing tool).",Lower priority within the at-risk pool
ACC_0589,BizCorp_0589,AMER,Manufacturing,Standard,10560,0.1701,Low,No,Usage has swung sharply for two months running,Confirm this isn't seasonal (their own busy/slow cycle) before treating it as a churn signal.,Lower priority within the at-risk pool
ACC_0446,BizCorp_0446,EMEA,Technology,Enterprise,130680,0.17,Low,No,API usage fell -3% last month,"Open with the drop-off itself: ask what changed operationally last month (an integration issue, a champion leaving, a competing tool).",Lower priority within the at-risk pool
ACC_0204,BizCorp_0204,AMER,Technology,Enterprise,193860,0.1699,Low,No,API usage fell -3% last month,"Open with the drop-off itself: ask what changed operationally last month (an integration issue, a champion leaving, a competing tool).",Lower priority within the at-risk pool
ACC_0477,BizCorp_0477,AMER,Financial Services,Standard,10560,0.1693,Low,No,Active seats fell +0% last month,Check for an offboarded champion or a team reorg; get reintroduced to whoever is using the product day to day now.,Lower priority within the at-risk pool
ACC_0900,BizCorp_0900,APAC,Healthcare,Enterprise,142020,0.1693,Low,No,Usage has swung sharply for two months running,Confirm this isn't seasonal (their own busy/slow cycle) before treating it as a churn signal.,Lower priority within the at-risk pool
ACC_0705,BizCorp_0705,APAC,Technology,Standard,11520,0.1691,Low,No,Usage has swung sharply for two months running,Confirm this isn't seasonal (their own busy/slow cycle) before treating it as a churn signal.,Lower priority within the at-risk pool
ACC_0265,BizCorp_0265,AMER,Healthcare,Standard,5760,0.1686,Low,No,Usage has swung sharply for two months running,Confirm this isn't seasonal (their own busy/slow cycle) before treating it as a churn signal.,Lower priority within the at-risk pool
ACC_0114,BizCorp_0114,EMEA,Technology,Enterprise,56700,0.1679,Low,No,Usage has swung sharply for two months running,Confirm this isn't seasonal (their own busy/slow cycle) before treating it as a churn signal.,Lower priority within the at-risk pool
ACC_0211,BizCorp_0211,APAC,Financial Services,Premium,27360,0.1675,Low,No,Active seats fell +6% last month,Check for an offboarded champion or a team reorg; get reintroduced to whoever is using the product day to day now.,Lower priority within the at-risk pool
ACC_0533,BizCorp_0533,AMER,Financial Services,Premium,19440,0.1675,Low,No,Usage has swung sharply for two months running,Confirm this isn't seasonal (their own busy/slow cycle) before treating it as a churn signal.,Lower priority within the at-risk pool
ACC_0731,BizCorp_0731,APAC,Logistics,Premium,30240,0.1674,Low,No,API usage fell -5% last month,"Open with the drop-off itself: ask what changed operationally last month (an integration issue, a champion leaving, a competing tool).",Lower priority within the at-risk pool
ACC_0995,BizCorp_0995,APAC,Manufacturing,Enterprise,401760,0.1668,Low,No,Usage has swung sharply for two months running,Confirm this isn't seasonal (their own busy/slow cycle) before treating it as a churn signal.,Lower priority within the at-risk pool
ACC_0132,BizCorp_0132,AMER,Logistics,Standard,16320,0.166,Low,No,Usage has swung sharply for two months running,Confirm this isn't seasonal (their own busy/slow cycle) before treating it as a churn signal.,Lower priority within the at-risk pool
ACC_0696,BizCorp_0696,AMER,Logistics,Standard,17280,0.1657,Low,No,Active seats fell -10% last month,Check for an offboarded champion or a team reorg; get reintroduced to whoever is using the product day to day now.,Lower priority within the at-risk pool
ACC_0277,BizCorp_0277,APAC,Technology,Premium,20160,0.165,Low,No,Active seats fell +0% last month,Check for an offboarded champion or a team reorg; get reintroduced to whoever is using the product day to day now.,Lower priority within the at-risk pool
ACC_0036,BizCorp_0036,AMER,Financial Services,Standard,14400,0.1648,Low,No,Active seats fell +0% last month,Check for an offboarded champion or a team reorg; get reintroduced to whoever is using the product day to day now.,Lower priority within the at-risk pool
ACC_0899,BizCorp_0899,APAC,Healthcare,Premium,46080,0.1623,Low,No,Usage has swung sharply for two months running,Confirm this isn't seasonal (their own busy/slow cycle) before treating it as a churn signal.,Lower priority within the at-risk pool
ACC_0709,BizCorp_0709,APAC,Technology,Enterprise,316440,0.1619,Low,No,Usage has swung sharply for two months running,Confirm this isn't seasonal (their own busy/slow cycle) before treating it as a churn signal.,Lower priority within the at-risk pool
ACC_0278,BizCorp_0278,AMER,Logistics,Standard,18240,0.1614,Low,No,Usage has swung sharply for two months running,Confirm this isn't seasonal (their own busy/slow cycle) before treating it as a churn signal.,Lower priority within the at-risk pool
ACC_0896,BizCorp_0896,APAC,Healthcare,Enterprise,498420,0.1602,Low,No,Active seats fell +4% last month,Check for an offboarded champion or a team reorg; get reintroduced to whoever is using the product day to day now.,Lower priority within the at-risk pool
ACC_0592,BizCorp_0592,EMEA,Technology,Enterprise,99360,0.16,Low,No,Usage has swung sharply for two months running,Confirm this isn't seasonal (their own busy/slow cycle) before treating it as a churn signal.,Lower priority within the at-risk pool
ACC_0018,BizCorp_0018,APAC,Technology,Enterprise,101520,0.1599,Low,No,Active seats fell -7% last month,Check for an offboarded champion or a team reorg; get reintroduced to whoever is using the product day to day now.,Lower priority within the at-risk pool
ACC_0073,BizCorp_0073,EMEA,Technology,Enterprise,113400,0.1596,Low,No,Active seats fell +0% last month,Check for an offboarded champion or a team reorg; get reintroduced to whoever is using the product day to day now.,Lower priority within the at-risk pool
ACC_0191,BizCorp_0191,APAC,Logistics,Premium,56160,0.1594,Low,No,Usage has swung sharply for two months running,Confirm this isn't seasonal (their own busy/slow cycle) before treating it as a churn signal.,Lower priority within the at-risk pool
ACC_0213,BizCorp_0213,AMER,Technology,Enterprise,192240,0.1591,Low,No,Active seats fell -1% last month,Check for an offboarded champion or a team reorg; get reintroduced to whoever is using the product day to day now.,Lower priority within the at-risk pool
ACC_0463,BizCorp_0463,APAC,Technology,Enterprise,130140,0.1584,Low,No,Active seats fell -4% last month,Check for an offboarded champion or a team reorg; get reintroduced to whoever is using the product day to day now.,Lower priority within the at-risk pool
ACC_0673,BizCorp_0673,APAC,Logistics,Premium,61920,0.1584,Low,No,Usage has swung sharply for two months running,Confirm this isn't seasonal (their own busy/slow cycle) before treating it as a churn signal.,Lower priority within the at-risk pool
ACC_0755,BizCorp_0755,AMER,Manufacturing,Standard,10560,0.1581,Low,No,Active seats fell +0% last month,Check for an offboarded champion or a team reorg; get reintroduced to whoever is using the product day to day now.,Lower priority within the at-risk pool
ACC_0862,BizCorp_0862,APAC,Manufacturing,Standard,19200,0.1581,Low,No,Usage has swung sharply for two months running,Confirm this isn't seasonal (their own busy/slow cycle) before treating it as a churn signal.,Lower priority within the at-risk pool
ACC_0360,BizCorp_0360,AMER,Healthcare,Premium,64080,0.1571,Low,No,Usage has swung sharply for two months running,Confirm this isn't seasonal (their own busy/slow cycle) before treating it as a churn signal.,Lower priority within the at-risk pool
ACC_0505,BizCorp_0505,AMER,Healthcare,Premium,61920,0.1569,Low,No,Usage has swung sharply for two months running,Confirm this isn't seasonal (their own busy/slow cycle) before treating it as a churn signal.,Lower priority within the at-risk pool
ACC_0051,BizCorp_0051,EMEA,Healthcare,Enterprise,173340,0.1564,Low,No,Usage has swung sharply for two months running,Confirm this isn't seasonal (their own busy/slow cycle) before treating it as a churn signal.,Lower priority within the at-risk pool
ACC_0322,BizCorp_0322,EMEA,Financial Services,Standard,4800,0.1554,Low,No,Usage has swung sharply for two months running,Confirm this isn't seasonal (their own busy/slow cycle) before treating it as a churn signal.,Lower priority within the at-risk pool
ACC_0536,BizCorp_0536,EMEA,Logistics,Premium,68400,0.1554,Low,No,Usage has swung sharply for two months running,Confirm this isn't seasonal (their own busy/slow cycle) before treating it as a churn signal.,Lower priority within the at-risk pool
ACC_0724,BizCorp_0724,AMER,Healthcare,Enterprise,168480,0.1549,Low,No,Usage has swung sharply for two months running,Confirm this isn't seasonal (their own busy/slow cycle) before treating it as a churn signal.,Lower priority within the at-risk pool
ACC_0636,BizCorp_0636,AMER,Healthcare,Premium,28080,0.1548,Low,No,API usage fell -9% last month,"Open with the drop-off itself: ask what changed operationally last month (an integration issue, a champion leaving, a competing tool).",Lower priority within the at-risk pool
ACC_0978,BizCorp_0978,APAC,Logistics,Premium,65520,0.154,Low,No,Active seats fell -5% last month,Check for an offboarded champion or a team reorg; get reintroduced to whoever is using the product day to day now.,Lower priority within the at-risk pool
ACC_0669,BizCorp_0669,EMEA,Technology,Enterprise,129060,0.1539,Low,No,Usage has swung sharply for two months running,Confirm this isn't seasonal (their own busy/slow cycle) before treating it as a churn signal.,Lower priority within the at-risk pool
ACC_0456,BizCorp_0456,APAC,Financial Services,Standard,15360,0.1537,Low,No,API usage fell -2% last month,"Open with the drop-off itself: ask what changed operationally last month (an integration issue, a champion leaving, a competing tool).",Lower priority within the at-risk pool
ACC_0579,BizCorp_0579,AMER,Logistics,Premium,25920,0.1537,Low,No,Usage has swung sharply for two months running,Confirm this isn't seasonal (their own busy/slow cycle) before treating it as a churn signal.,Lower priority within the at-risk pool
ACC_0717,BizCorp_0717,AMER,Logistics,Premium,52560,0.151,Low,No,Usage has swung sharply for two months running,Confirm this isn't seasonal (their own busy/slow cycle) before treating it as a churn signal.,Lower priority within the at-risk pool
ACC_0491,BizCorp_0491,APAC,Retail,Enterprise,169560,0.1507,Low,No,Usage has swung sharply for two months running,Confirm this isn't seasonal (their own busy/slow cycle) before treating it as a churn signal.,Lower priority within the at-risk pool
ACC_0645,BizCorp_0645,APAC,Healthcare,Enterprise,97740,0.1503,Low,No,API usage fell -5% last month,"Open with the drop-off itself: ask what changed operationally last month (an integration issue, a champion leaving, a competing tool).",Lower priority within the at-risk pool
ACC_0060,BizCorp_0060,EMEA,Manufacturing,Standard,16320,0.1503,Low,No,Usage has swung sharply for two months running,Confirm this isn't seasonal (their own busy/slow cycle) before treating it as a churn signal.,Lower priority within the at-risk pool
ACC_0029,BizCorp_0029,EMEA,Retail,Premium,49680,0.1499,Low,No,Usage has swung sharply for two months running,Confirm this isn't seasonal (their own busy/slow cycle) before treating it as a churn signal.,Lower priority within the at-risk pool
ACC_0190,BizCorp_0190,EMEA,Healthcare,Enterprise,110700,0.1496,Low,No,Active seats fell +7% last month,Check for an offboarded champion or a team reorg; get reintroduced to whoever is using the product day to day now.,Lower priority within the at-risk pool
ACC_0393,BizCorp_0393,AMER,Financial Services,Standard,15360,0.1476,Low,No,Usage has swung sharply for two months running,Confirm this isn't seasonal (their own busy/slow cycle) before treating it as a churn signal.,Lower priority within the at-risk pool
ACC_0651,BizCorp_0651,EMEA,Healthcare,Standard,15360,0.1471,Low,No,Usage has swung sharply for two months running,Confirm this isn't seasonal (their own busy/slow cycle) before treating it as a churn signal.,Lower priority within the at-risk pool
ACC_0256,BizCorp_0256,AMER,Retail,Enterprise,136620,0.1469,Low,No,Active seats fell -11% last month,Check for an offboarded champion or a team reorg; get reintroduced to whoever is using the product day to day now.,Lower priority within the at-risk pool
ACC_0100,BizCorp_0100,APAC,Manufacturing,Standard,17280,0.1469,Low,No,Active seats fell +0% last month,Check for an offboarded champion or a team reorg; get reintroduced to whoever is using the product day to day now.,Lower priority within the at-risk pool
ACC_0955,BizCorp_0955,APAC,Financial Services,Standard,8640,0.1469,Low,No,Active seats fell -14% last month,Check for an offboarded champion or a team reorg; get reintroduced to whoever is using the product day to day now.,Lower priority within the at-risk pool
ACC_0541,BizCorp_0541,EMEA,Retail,Enterprise,192780,0.1464,Low,No,Usage has swung sharply for two months running,Confirm this isn't seasonal (their own busy/slow cycle) before treating it as a churn signal.,Lower priority within the at-risk pool
ACC_0345,BizCorp_0345,APAC,Financial Services,Standard,15360,0.1454,Low,No,Usage has swung sharply for two months running,Confirm this isn't seasonal (their own busy/slow cycle) before treating it as a churn signal.,Lower priority within the at-risk pool
ACC_0901,BizCorp_0901,AMER,Financial Services,Premium,66240,0.1454,Low,No,API usage fell -5% last month,"Open with the drop-off itself: ask what changed operationally last month (an integration issue, a champion leaving, a competing tool).",Lower priority within the at-risk pool
ACC_0044,BizCorp_0044,EMEA,Financial Services,Standard,11520,0.1441,Low,No,Usage has swung sharply for two months running,Confirm this isn't seasonal (their own busy/slow cycle) before treating it as a churn signal.,Lower priority within the at-risk pool
ACC_0392,BizCorp_0392,EMEA,Logistics,Standard,21120,0.1441,Low,No,Active seats fell +0% last month,Check for an offboarded champion or a team reorg; get reintroduced to whoever is using the product day to day now.,Lower priority within the at-risk pool
ACC_0069,BizCorp_0069,EMEA,Manufacturing,Enterprise,210600,0.1438,Low,No,Active seats fell -7% last month,Check for an offboarded champion or a team reorg; get reintroduced to whoever is using the product day to day now.,Lower priority within the at-risk pool
ACC_0678,BizCorp_0678,AMER,Healthcare,Premium,22320,0.1432,Low,No,Active seats fell -17% last month,Check for an offboarded champion or a team reorg; get reintroduced to whoever is using the product day to day now.,Lower priority within the at-risk pool
ACC_0019,BizCorp_0019,EMEA,Logistics,Standard,18240,0.1428,Low,No,Usage has swung sharply for two months running,Confirm this isn't seasonal (their own busy/slow cycle) before treating it as a churn signal.,Lower priority within the at-risk pool
ACC_0012,BizCorp_0012,APAC,Technology,Standard,13440,0.1409,Low,No,Active seats fell +0% last month,Check for an offboarded champion or a team reorg; get reintroduced to whoever is using the product day to day now.,Lower priority within the at-risk pool
ACC_0095,BizCorp_0095,AMER,Technology,Premium,46800,0.1408,Low,No,Active seats fell -3% last month,Check for an offboarded champion or a team reorg; get reintroduced to whoever is using the product day to day now.,Lower priority within the at-risk pool
ACC_0960,BizCorp_0960,APAC,Logistics,Standard,12480,0.1397,Low,No,Usage has swung sharply for two months running,Confirm this isn't seasonal (their own busy/slow cycle) before treating it as a churn signal.,Lower priority within the at-risk pool
ACC_0483,BizCorp_0483,APAC,Technology,Premium,69840,0.1388,Low,No,Usage has swung sharply for two months running,Confirm this isn't seasonal (their own busy/slow cycle) before treating it as a churn signal.,Lower priority within the at-risk pool
ACC_0004,BizCorp_0004,AMER,Technology,Premium,18000,0.1381,Low,No,Active seats fell -5% last month,Check for an offboarded champion or a team reorg; get reintroduced to whoever is using the product day to day now.,Lower priority within the at-risk pool
ACC_0519,BizCorp_0519,AMER,Financial Services,Standard,12480,0.138,Low,No,Usage has swung sharply for two months running,Confirm this isn't seasonal (their own busy/slow cycle) before treating it as a churn signal.,Lower priority within the at-risk pool
ACC_0377,BizCorp_0377,EMEA,Technology,Standard,6720,0.1371,Low,No,Active seats fell +0% last month,Check for an offboarded champion or a team reorg; get reintroduced to whoever is using the product day to day now.,Lower priority within the at-risk pool
ACC_0242,BizCorp_0242,EMEA,Logistics,Standard,9600,0.1369,Low,No,Active seats fell +0% last month,Check for an offboarded champion or a team reorg; get reintroduced to whoever is using the product day to day now.,Lower priority within the at-risk pool
ACC_0970,BizCorp_0970,EMEA,Technology,Standard,12480,0.1361,Low,No,API usage fell -5% last month,"Open with the drop-off itself: ask what changed operationally last month (an integration issue, a champion leaving, a competing tool).",Lower priority within the at-risk pool
ACC_0928,BizCorp_0928,AMER,Healthcare,Enterprise,323460,0.136,Low,No,Usage has swung sharply for two months running,Confirm this isn't seasonal (their own busy/slow cycle) before treating it as a churn signal.,Lower priority within the at-risk pool
ACC_0606,BizCorp_0606,APAC,Financial Services,Standard,11520,0.1356,Low,No,Active seats fell +0% last month,Check for an offboarded champion or a team reorg; get reintroduced to whoever is using the product day to day now.,Lower priority within the at-risk pool
ACC_0543,BizCorp_0543,EMEA,Logistics,Enterprise,298620,0.1342,Low,No,Active seats fell +0% last month,Check for an offboarded champion or a team reorg; get reintroduced to whoever is using the product day to day now.,Lower priority within the at-risk pool
ACC_0762,BizCorp_0762,AMER,Retail,Enterprise,70200,0.1341,Low,No,Usage has swung sharply for two months running,Confirm this isn't seasonal (their own busy/slow cycle) before treating it as a churn signal.,Lower priority within the at-risk pool
ACC_0404,BizCorp_0404,AMER,Technology,Premium,52560,0.1338,Low,No,Usage has swung sharply for two months running,Confirm this isn't seasonal (their own busy/slow cycle) before treating it as a churn signal.,Lower priority within the at-risk pool
ACC_0105,BizCorp_0105,APAC,Financial Services,Premium,64080,0.133,Low,No,API usage fell -3% last month,"Open with the drop-off itself: ask what changed operationally last month (an integration issue, a champion leaving, a competing tool).",Lower priority within the at-risk pool
ACC_0658,BizCorp_0658,AMER,Manufacturing,Standard,12480,0.1329,Low,No,Usage has swung sharply for two months running,Confirm this isn't seasonal (their own busy/slow cycle) before treating it as a churn signal.,Lower priority within the at-risk pool
ACC_0442,BizCorp_0442,EMEA,Healthcare,Enterprise,137160,0.1325,Low,No,API usage fell -4% last month,"Open with the drop-off itself: ask what changed operationally last month (an integration issue, a champion leaving, a competing tool).",Lower priority within the at-risk pool
ACC_0447,BizCorp_0447,AMER,Manufacturing,Premium,76320,0.1319,Low,No,Usage has swung sharply for two months running,Confirm this isn't seasonal (their own busy/slow cycle) before treating it as a churn signal.,Lower priority within the at-risk pool
ACC_0950,BizCorp_0950,APAC,Logistics,Standard,17280,0.1314,Low,No,Usage has swung sharply for two months running,Confirm this isn't seasonal (their own busy/slow cycle) before treating it as a churn signal.,Lower priority within the at-risk pool
ACC_0790,BizCorp_0790,APAC,Manufacturing,Enterprise,131760,0.1311,Low,No,Usage has swung sharply for two months running,Confirm this isn't seasonal (their own busy/slow cycle) before treating it as a churn signal.,Lower priority within the at-risk pool
ACC_0082,BizCorp_0082,AMER,Financial Services,Standard,17280,0.1308,Low,No,Usage has swung sharply for two months running,Confirm this isn't seasonal (their own busy/slow cycle) before treating it as a churn signal.,Lower priority within the at-risk pool
ACC_0218,BizCorp_0218,AMER,Logistics,Premium,25920,0.1306,Low,No,Usage has swung sharply for two months running,Confirm this isn't seasonal (their own busy/slow cycle) before treating it as a churn signal.,Lower priority within the at-risk pool
ACC_0066,BizCorp_0066,APAC,Financial Services,Standard,9600,0.13,Low,No,Active seats fell +0% last month,Check for an offboarded champion or a team reorg; get reintroduced to whoever is using the product day to day now.,Lower priority within the at-risk pool
ACC_0076,BizCorp_0076,AMER,Logistics,Enterprise,234900,0.1292,Low,No,Active seats fell +3% last month,Check for an offboarded champion or a team reorg; get reintroduced to whoever is using the product day to day now.,Lower priority within the at-risk pool
ACC_0577,BizCorp_0577,APAC,Manufacturing,Premium,54000,0.1267,Low,No,Active seats fell +0% last month,Check for an offboarded champion or a team reorg; get reintroduced to whoever is using the product day to day now.,Lower priority within the at-risk pool
ACC_0033,BizCorp_0033,AMER,Retail,Enterprise,126900,0.1261,Low,No,Usage has swung sharply for two months running,Confirm this isn't seasonal (their own busy/slow cycle) before treating it as a churn signal.,Lower priority within the at-risk pool
ACC_0464,BizCorp_0464,AMER,Manufacturing,Standard,19200,0.1242,Low,No,Usage has swung sharply for two months running,Confirm this isn't seasonal (their own busy/slow cycle) before treating it as a churn signal.,Lower priority within the at-risk pool
ACC_0698,BizCorp_0698,APAC,Logistics,Enterprise,402840,0.1233,Low,No,Usage has swung sharply for two months running,Confirm this isn't seasonal (their own busy/slow cycle) before treating it as a churn signal.,Lower priority within the at-risk pool
ACC_0164,BizCorp_0164,APAC,Healthcare,Premium,20160,0.1228,Low,No,Active seats fell +0% last month,Check for an offboarded champion or a team reorg; get reintroduced to whoever is using the product day to day now.,Lower priority within the at-risk pool
ACC_0440,BizCorp_0440,AMER,Healthcare,Enterprise,165240,0.1224,Low,No,Usage has swung sharply for two months running,Confirm this isn't seasonal (their own busy/slow cycle) before treating it as a churn signal.,Lower priority within the at-risk pool
ACC_0074,BizCorp_0074,EMEA,Manufacturing,Premium,20880,0.1219,Low,No,Active seats fell +0% last month,Check for an offboarded champion or a team reorg; get reintroduced to whoever is using the product day to day now.,Lower priority within the at-risk pool
ACC_0123,BizCorp_0123,AMER,Logistics,Standard,23040,0.1215,Low,No,Usage has swung sharply for two months running,Confirm this isn't seasonal (their own busy/slow cycle) before treating it as a churn signal.,Lower priority within the at-risk pool
ACC_0142,BizCorp_0142,APAC,Healthcare,Standard,16320,0.1211,Low,No,Usage has swung sharply for two months running,Confirm this isn't seasonal (their own busy/slow cycle) before treating it as a churn signal.,Lower priority within the at-risk pool
ACC_0501,BizCorp_0501,EMEA,Technology,Premium,92160,0.121,Low,No,Active seats fell +0% last month,Check for an offboarded champion or a team reorg; get reintroduced to whoever is using the product day to day now.,Lower priority within the at-risk pool
ACC_0779,BizCorp_0779,APAC,Manufacturing,Premium,46080,0.12,Low,No,Usage has swung sharply for two months running,Confirm this isn't seasonal (their own busy/slow cycle) before treating it as a churn signal.,Lower priority within the at-risk pool
ACC_0070,BizCorp_0070,EMEA,Healthcare,Standard,14400,0.1193,Low,No,Active seats fell +0% last month,Check for an offboarded champion or a team reorg; get reintroduced to whoever is using the product day to day now.,Lower priority within the at-risk pool
ACC_0932,BizCorp_0932,APAC,Technology,Enterprise,342900,0.1192,Low,No,Usage has swung sharply for two months running,Confirm this isn't seasonal (their own busy/slow cycle) before treating it as a churn signal.,Lower priority within the at-risk pool
ACC_0193,BizCorp_0193,AMER,Manufacturing,Enterprise,372600,0.1185,Low,No,Active seats fell +2% last month,Check for an offboarded champion or a team reorg; get reintroduced to whoever is using the product day to day now.,Lower priority within the at-risk pool
ACC_0316,BizCorp_0316,EMEA,Financial Services,Premium,46800,0.118,Low,No,Usage has swung sharply for two months running,Confirm this isn't seasonal (their own busy/slow cycle) before treating it as a churn signal.,Lower priority within the at-risk pool
ACC_0719,BizCorp_0719,AMER,Technology,Enterprise,238680,0.118,Low,No,Active seats fell -13% last month,Check for an offboarded champion or a team reorg; get reintroduced to whoever is using the product day to day now.,Lower priority within the at-risk pool
ACC_0332,BizCorp_0332,APAC,Logistics,Premium,23760,0.1168,Low,No,Usage has swung sharply for two months running,Confirm this isn't seasonal (their own busy/slow cycle) before treating it as a churn signal.,Lower priority within the at-risk pool
ACC_0568,BizCorp_0568,APAC,Logistics,Premium,146160,0.1161,Low,No,Active seats fell +0% last month,Check for an offboarded champion or a team reorg; get reintroduced to whoever is using the product day to day now.,Lower priority within the at-risk pool
ACC_0498,BizCorp_0498,AMER,Technology,Standard,10560,0.1155,Low,No,Usage has swung sharply for two months running,Confirm this isn't seasonal (their own busy/slow cycle) before treating it as a churn signal.,Lower priority within the at-risk pool
ACC_0460,BizCorp_0460,APAC,Manufacturing,Standard,8640,0.1144,Low,No,Usage has swung sharply for two months running,Confirm this isn't seasonal (their own busy/slow cycle) before treating it as a churn signal.,Lower priority within the at-risk pool
ACC_0441,BizCorp_0441,AMER,Technology,Enterprise,241920,0.114,Low,No,Usage has swung sharply for two months running,Confirm this isn't seasonal (their own busy/slow cycle) before treating it as a churn signal.,Lower priority within the at-risk pool
ACC_0844,BizCorp_0844,APAC,Logistics,Enterprise,110160,0.1125,Low,No,Active seats fell +7% last month,Check for an offboarded champion or a team reorg; get reintroduced to whoever is using the product day to day now.,Lower priority within the at-risk pool
ACC_0160,BizCorp_0160,APAC,Retail,Standard,16320,0.1124,Low,No,Active seats fell +0% last month,Check for an offboarded champion or a team reorg; get reintroduced to whoever is using the product day to day now.,Lower priority within the at-risk pool
ACC_0886,BizCorp_0886,EMEA,Technology,Enterprise,95580,0.112,Low,No,Active seats fell -7% last month,Check for an offboarded champion or a team reorg; get reintroduced to whoever is using the product day to day now.,Lower priority within the at-risk pool
ACC_0920,BizCorp_0920,EMEA,Technology,Premium,58320,0.112,Low,No,Usage has swung sharply for two months running,Confirm this isn't seasonal (their own busy/slow cycle) before treating it as a churn signal.,Lower priority within the at-risk pool
ACC_0002,BizCorp_0002,APAC,Financial Services,Standard,11520,0.1119,Low,No,Usage has swung sharply for two months running,Confirm this isn't seasonal (their own busy/slow cycle) before treating it as a churn signal.,Lower priority within the at-risk pool
ACC_0043,BizCorp_0043,EMEA,Financial Services,Premium,55440,0.1106,Low,No,Usage has swung sharply for two months running,Confirm this isn't seasonal (their own busy/slow cycle) before treating it as a churn signal.,Lower priority within the at-risk pool
ACC_0437,BizCorp_0437,EMEA,Financial Services,Premium,64800,0.1099,Low,No,Usage has swung sharply for two months running,Confirm this isn't seasonal (their own busy/slow cycle) before treating it as a churn signal.,Lower priority within the at-risk pool
ACC_0690,BizCorp_0690,AMER,Healthcare,Enterprise,142020,0.1091,Low,No,Usage has swung sharply for two months running,Confirm this isn't seasonal (their own busy/slow cycle) before treating it as a churn signal.,Lower priority within the at-risk pool
ACC_0335,BizCorp_0335,APAC,Logistics,Premium,18720,0.108,Low,No,Active seats fell +0% last month,Check for an offboarded champion or a team reorg; get reintroduced to whoever is using the product day to day now.,Lower priority within the at-risk pool
ACC_0833,BizCorp_0833,AMER,Logistics,Enterprise,221940,0.1079,Low,No,Active seats fell +0% last month,Check for an offboarded champion or a team reorg; get reintroduced to whoever is using the product day to day now.,Lower priority within the at-risk pool
ACC_0304,BizCorp_0304,AMER,Healthcare,Enterprise,173340,0.1077,Low,No,Usage has swung sharply for two months running,Confirm this isn't seasonal (their own busy/slow cycle) before treating it as a churn signal.,Lower priority within the at-risk pool
ACC_0383,BizCorp_0383,APAC,Financial Services,Premium,96480,0.1073,Low,No,Active seats fell +1% last month,Check for an offboarded champion or a team reorg; get reintroduced to whoever is using the product day to day now.,Lower priority within the at-risk pool
ACC_0860,BizCorp_0860,APAC,Financial Services,Premium,43200,0.1062,Low,No,API usage fell -6% last month,"Open with the drop-off itself: ask what changed operationally last month (an integration issue, a champion leaving, a competing tool).",Lower priority within the at-risk pool
ACC_0776,BizCorp_0776,EMEA,Healthcare,Enterprise,135000,0.106,Low,No,Usage has swung sharply for two months running,Confirm this isn't seasonal (their own busy/slow cycle) before treating it as a churn signal.,Lower priority within the at-risk pool
ACC_0500,BizCorp_0500,AMER,Logistics,Premium,28800,0.1054,Low,No,Usage has swung sharply for two months running,Confirm this isn't seasonal (their own busy/slow cycle) before treating it as a churn signal.,Lower priority within the at-risk pool
ACC_0853,BizCorp_0853,AMER,Manufacturing,Standard,17280,0.1053,Low,No,Active seats fell +0% last month,Check for an offboarded champion or a team reorg; get reintroduced to whoever is using the product day to day now.,Lower priority within the at-risk pool
ACC_0803,BizCorp_0803,APAC,Retail,Premium,63360,0.105,Low,No,Usage has swung sharply for two months running,Confirm this isn't seasonal (their own busy/slow cycle) before treating it as a churn signal.,Lower priority within the at-risk pool
ACC_0472,BizCorp_0472,APAC,Technology,Premium,57600,0.1049,Low,No,Usage has swung sharply for two months running,Confirm this isn't seasonal (their own busy/slow cycle) before treating it as a churn signal.,Lower priority within the at-risk pool
ACC_0329,BizCorp_0329,APAC,Healthcare,Enterprise,176580,0.1045,Low,No,Active seats fell +3% last month,Check for an offboarded champion or a team reorg; get reintroduced to whoever is using the product day to day now.,Lower priority within the at-risk pool
ACC_0910,BizCorp_0910,EMEA,Retail,Enterprise,232740,0.1045,Low,No,Active seats fell +0% last month,Check for an offboarded champion or a team reorg; get reintroduced to whoever is using the product day to day now.,Lower priority within the at-risk pool
ACC_0663,BizCorp_0663,EMEA,Retail,Enterprise,142020,0.1038,Low,No,Usage has swung sharply for two months running,Confirm this isn't seasonal (their own busy/slow cycle) before treating it as a churn signal.,Lower priority within the at-risk pool
ACC_0394,BizCorp_0394,AMER,Financial Services,Standard,10560,0.1037,Low,No,Usage has swung sharply for two months running,Confirm this isn't seasonal (their own busy/slow cycle) before treating it as a churn signal.,Lower priority within the at-risk pool
ACC_0866,BizCorp_0866,EMEA,Retail,Enterprise,219780,0.1028,Low,No,Active seats fell +0% last month,Check for an offboarded champion or a team reorg; get reintroduced to whoever is using the product day to day now.,Lower priority within the at-risk pool
ACC_0703,BizCorp_0703,AMER,Retail,Premium,74880,0.1024,Low,No,Usage has swung sharply for two months running,Confirm this isn't seasonal (their own busy/slow cycle) before treating it as a churn signal.,Lower priority within the at-risk pool
ACC_0699,BizCorp_0699,APAC,Technology,Enterprise,136620,0.1022,Low,No,Active seats fell +0% last month,Check for an offboarded champion or a team reorg; get reintroduced to whoever is using the product day to day now.,Lower priority within the at-risk pool
ACC_0238,BizCorp_0238,AMER,Healthcare,Premium,30240,0.1019,Low,No,Usage has swung sharply for two months running,Confirm this isn't seasonal (their own busy/slow cycle) before treating it as a churn signal.,Lower priority within the at-risk pool
ACC_0597,BizCorp_0597,AMER,Technology,Enterprise,401760,0.1015,Low,No,Usage has swung sharply for two months running,Confirm this isn't seasonal (their own busy/slow cycle) before treating it as a churn signal.,Lower priority within the at-risk pool
ACC_0376,BizCorp_0376,AMER,Financial Services,Premium,76320,0.1013,Low,No,Active seats fell -2% last month,Check for an offboarded champion or a team reorg; get reintroduced to whoever is using the product day to day now.,Lower priority within the at-risk pool
ACC_0183,BizCorp_0183,APAC,Financial Services,Standard,10560,0.1012,Low,No,Usage has swung sharply for two months running,Confirm this isn't seasonal (their own busy/slow cycle) before treating it as a churn signal.,Lower priority within the at-risk pool
ACC_0804,BizCorp_0804,APAC,Financial Services,Premium,34560,0.1,Low,No,Usage has swung sharply for two months running,Confirm this isn't seasonal (their own busy/slow cycle) before treating it as a churn signal.,Lower priority within the at-risk pool
ACC_0676,BizCorp_0676,APAC,Technology,Standard,6720,0.0995,Low,No,API usage fell -3% last month,"Open with the drop-off itself: ask what changed operationally last month (an integration issue, a champion leaving, a competing tool).",Lower priority within the at-risk pool
ACC_0891,BizCorp_0891,APAC,Retail,Enterprise,339660,0.0993,Low,No,Active seats fell +0% last month,Check for an offboarded champion or a team reorg; get reintroduced to whoever is using the product day to day now.,Lower priority within the at-risk pool
ACC_0283,BizCorp_0283,APAC,Financial Services,Standard,12480,0.0993,Low,No,Usage has swung sharply for two months running,Confirm this isn't seasonal (their own busy/slow cycle) before treating it as a churn signal.,Lower priority within the at-risk pool
ACC_0873,BizCorp_0873,AMER,Healthcare,Standard,20160,0.099,Low,No,Usage has swung sharply for two months running,Confirm this isn't seasonal (their own busy/slow cycle) before treating it as a churn signal.,Lower priority within the at-risk pool
ACC_0246,BizCorp_0246,AMER,Healthcare,Premium,68400,0.099,Low,No,Usage has swung sharply for two months running,Confirm this isn't seasonal (their own busy/slow cycle) before treating it as a churn signal.,Lower priority within the at-risk pool
ACC_0026,BizCorp_0026,AMER,Retail,Premium,48240,0.0988,Low,No,Usage has swung sharply for two months running,Confirm this isn't seasonal (their own busy/slow cycle) before treating it as a churn signal.,Lower priority within the at-risk pool
ACC_0027,BizCorp_0027,AMER,Financial Services,Premium,23040,0.0987,Low,No,Usage has swung sharply for two months running,Confirm this isn't seasonal (their own busy/slow cycle) before treating it as a churn signal.,Lower priority within the at-risk pool
ACC_0177,BizCorp_0177,APAC,Manufacturing,Standard,24000,0.0983,Low,No,Usage has swung sharply for two months running,Confirm this isn't seasonal (their own busy/slow cycle) before treating it as a churn signal.,Lower priority within the at-risk pool
ACC_0217,BizCorp_0217,APAC,Healthcare,Enterprise,106920,0.0982,Low,No,Usage has swung sharply for two months running,Confirm this isn't seasonal (their own busy/slow cycle) before treating it as a churn signal.,Lower priority within the at-risk pool
ACC_0999,BizCorp_0999,EMEA,Retail,Enterprise,318600,0.098,Low,No,Active seats fell +0% last month,Check for an offboarded champion or a team reorg; get reintroduced to whoever is using the product day to day now.,Lower priority within the at-risk pool
ACC_0913,BizCorp_0913,AMER,Financial Services,Premium,50400,0.0975,Low,No,Usage has swung sharply for two months running,Confirm this isn't seasonal (their own busy/slow cycle) before treating it as a churn signal.,Lower priority within the at-risk pool
ACC_0224,BizCorp_0224,APAC,Technology,Enterprise,268920,0.0974,Low,No,Active seats fell +1% last month,Check for an offboarded champion or a team reorg; get reintroduced to whoever is using the product day to day now.,Lower priority within the at-risk pool
ACC_0757,BizCorp_0757,EMEA,Manufacturing,Standard,22080,0.0973,Low,No,Usage has swung sharply for two months running,Confirm this isn't seasonal (their own busy/slow cycle) before treating it as a churn signal.,Lower priority within the at-risk pool
ACC_0414,BizCorp_0414,APAC,Manufacturing,Enterprise,329400,0.096,Low,No,Usage has swung sharply for two months running,Confirm this isn't seasonal (their own busy/slow cycle) before treating it as a churn signal.,Lower priority within the at-risk pool
ACC_0419,BizCorp_0419,APAC,Logistics,Premium,51120,0.0947,Low,No,Usage has swung sharply for two months running,Confirm this isn't seasonal (their own busy/slow cycle) before treating it as a churn signal.,Lower priority within the at-risk pool
ACC_0586,BizCorp_0586,EMEA,Technology,Enterprise,262440,0.0939,Low,No,Usage has swung sharply for two months running,Confirm this isn't seasonal (their own busy/slow cycle) before treating it as a churn signal.,Lower priority within the at-risk pool
ACC_0431,BizCorp_0431,AMER,Retail,Standard,15360,0.093,Low,No,Usage has swung sharply for two months running,Confirm this isn't seasonal (their own busy/slow cycle) before treating it as a churn signal.,Lower priority within the at-risk pool
ACC_0494,BizCorp_0494,AMER,Retail,Enterprise,268380,0.0929,Low,No,Usage has swung sharply for two months running,Confirm this isn't seasonal (their own busy/slow cycle) before treating it as a churn signal.,Lower priority within the at-risk pool
ACC_0704,BizCorp_0704,EMEA,Retail,Premium,26640,0.0919,Low,No,Usage has swung sharply for two months running,Confirm this isn't seasonal (their own busy/slow cycle) before treating it as a churn signal.,Lower priority within the at-risk pool
ACC_0801,BizCorp_0801,APAC,Financial Services,Standard,3840,0.0918,Low,No,Usage has swung sharply for two months running,Confirm this isn't seasonal (their own busy/slow cycle) before treating it as a churn signal.,Lower priority within the at-risk pool
ACC_0691,BizCorp_0691,AMER,Technology,Enterprise,182520,0.0894,Low,No,Usage has swung sharply for two months running,Confirm this isn't seasonal (their own busy/slow cycle) before treating it as a churn signal.,Lower priority within the at-risk pool
ACC_0046,BizCorp_0046,AMER,Financial Services,Standard,6720,0.0893,Low,No,Usage has swung sharply for two months running,Confirm this isn't seasonal (their own busy/slow cycle) before treating it as a churn signal.,Lower priority within the at-risk pool
ACC_0093,BizCorp_0093,APAC,Financial Services,Standard,12480,0.089,Low,No,Usage has swung sharply for two months running,Confirm this isn't seasonal (their own busy/slow cycle) before treating it as a churn signal.,Lower priority within the at-risk pool
ACC_0008,BizCorp_0008,EMEA,Technology,Enterprise,171180,0.0884,Low,No,Usage has swung sharply for two months running,Confirm this isn't seasonal (their own busy/slow cycle) before treating it as a churn signal.,Lower priority within the at-risk pool
ACC_0958,BizCorp_0958,AMER,Retail,Premium,33840,0.0884,Low,No,Usage has swung sharply for two months running,Confirm this isn't seasonal (their own busy/slow cycle) before treating it as a churn signal.,Lower priority within the at-risk pool
ACC_0348,BizCorp_0348,APAC,Manufacturing,Standard,11520,0.0874,Low,No,Usage has swung sharply for two months running,Confirm this isn't seasonal (their own busy/slow cycle) before treating it as a churn signal.,Lower priority within the at-risk pool
ACC_0575,BizCorp_0575,EMEA,Financial Services,Enterprise,262440,0.0867,Low,No,Usage has swung sharply for two months running,Confirm this isn't seasonal (their own busy/slow cycle) before treating it as a churn signal.,Lower priority within the at-risk pool
ACC_0667,BizCorp_0667,AMER,Manufacturing,Standard,13440,0.0865,Low,No,Active seats fell +0% last month,Check for an offboarded champion or a team reorg; get reintroduced to whoever is using the product day to day now.,Lower priority within the at-risk pool
ACC_0337,BizCorp_0337,AMER,Logistics,Enterprise,328860,0.0863,Low,No,Active seats fell +0% last month,Check for an offboarded champion or a team reorg; get reintroduced to whoever is using the product day to day now.,Lower priority within the at-risk pool
ACC_0201,BizCorp_0201,EMEA,Retail,Standard,13440,0.0862,Low,No,Usage has swung sharply for two months running,Confirm this isn't seasonal (their own busy/slow cycle) before treating it as a churn signal.,Lower priority within the at-risk pool
ACC_0617,BizCorp_0617,AMER,Manufacturing,Enterprise,321300,0.0858,Low,No,Usage has swung sharply for two months running,Confirm this isn't seasonal (their own busy/slow cycle) before treating it as a churn signal.,Lower priority within the at-risk pool
ACC_0496,BizCorp_0496,AMER,Technology,Standard,5760,0.0857,Low,No,Active seats fell +0% last month,Check for an offboarded champion or a team reorg; get reintroduced to whoever is using the product day to day now.,Lower priority within the at-risk pool
ACC_0077,BizCorp_0077,AMER,Technology,Enterprise,137160,0.0838,Low,No,Usage has swung sharply for two months running,Confirm this isn't seasonal (their own busy/slow cycle) before treating it as a churn signal.,Lower priority within the at-risk pool
ACC_0554,BizCorp_0554,AMER,Logistics,Premium,15120,0.0836,Low,No,Usage has swung sharply for two months running,Confirm this isn't seasonal (their own busy/slow cycle) before treating it as a churn signal.,Lower priority within the at-risk pool
ACC_0546,BizCorp_0546,APAC,Technology,Premium,58320,0.0829,Low,No,Usage has swung sharply for two months running,Confirm this isn't seasonal (their own busy/slow cycle) before treating it as a churn signal.,Lower priority within the at-risk pool
ACC_0712,BizCorp_0712,AMER,Manufacturing,Premium,38160,0.0824,Low,No,Usage has swung sharply for two months running,Confirm this isn't seasonal (their own busy/slow cycle) before treating it as a churn signal.,Lower priority within the at-risk pool
ACC_0312,BizCorp_0312,AMER,Retail,Standard,24000,0.0821,Low,No,Active seats fell +0% last month,Check for an offboarded champion or a team reorg; get reintroduced to whoever is using the product day to day now.,Lower priority within the at-risk pool
ACC_0490,BizCorp_0490,AMER,Logistics,Standard,28800,0.0819,Low,No,Active seats fell +0% last month,Check for an offboarded champion or a team reorg; get reintroduced to whoever is using the product day to day now.,Lower priority within the at-risk pool
ACC_0198,BizCorp_0198,APAC,Manufacturing,Standard,18240,0.0806,Low,No,Usage has swung sharply for two months running,Confirm this isn't seasonal (their own busy/slow cycle) before treating it as a churn signal.,Lower priority within the at-risk pool
ACC_0685,BizCorp_0685,APAC,Technology,Enterprise,509760,0.0805,Low,No,Usage has swung sharply for two months running,Confirm this isn't seasonal (their own busy/slow cycle) before treating it as a churn signal.,Lower priority within the at-risk pool
ACC_0998,BizCorp_0998,APAC,Retail,Enterprise,85860,0.0799,Low,No,Active seats fell +0% last month,Check for an offboarded champion or a team reorg; get reintroduced to whoever is using the product day to day now.,Lower priority within the at-risk pool
ACC_0912,BizCorp_0912,AMER,Financial Services,Premium,42480,0.0799,Low,No,Active seats fell +0% last month,Check for an offboarded champion or a team reorg; get reintroduced to whoever is using the product day to day now.,Lower priority within the at-risk pool
ACC_0721,BizCorp_0721,AMER,Manufacturing,Standard,16320,0.0798,Low,No,Usage has swung sharply for two months running,Confirm this isn't seasonal (their own busy/slow cycle) before treating it as a churn signal.,Lower priority within the at-risk pool
ACC_0182,BizCorp_0182,EMEA,Retail,Enterprise,308340,0.0794,Low,No,Usage has swung sharply for two months running,Confirm this isn't seasonal (their own busy/slow cycle) before treating it as a churn signal.,Lower priority within the at-risk pool
ACC_0964,BizCorp_0964,APAC,Manufacturing,Standard,10560,0.0782,Low,No,Usage has swung sharply for two months running,Confirm this isn't seasonal (their own busy/slow cycle) before treating it as a churn signal.,Lower priority within the at-risk pool
ACC_0052,BizCorp_0052,APAC,Logistics,Premium,19440,0.0775,Low,No,Usage has swung sharply for two months running,Confirm this isn't seasonal (their own busy/slow cycle) before treating it as a churn signal.,Lower priority within the at-risk pool
ACC_0125,BizCorp_0125,AMER,Healthcare,Enterprise,253260,0.0775,Low,No,Active seats fell +2% last month,Check for an offboarded champion or a team reorg; get reintroduced to whoever is using the product day to day now.,Lower priority within the at-risk pool
ACC_0903,BizCorp_0903,EMEA,Healthcare,Standard,19200,0.0774,Low,No,Usage has swung sharply for two months running,Confirm this isn't seasonal (their own busy/slow cycle) before treating it as a churn signal.,Lower priority within the at-risk pool
ACC_0286,BizCorp_0286,APAC,Technology,Enterprise,123660,0.0771,Low,No,Usage has swung sharply for two months running,Confirm this isn't seasonal (their own busy/slow cycle) before treating it as a churn signal.,Lower priority within the at-risk pool
ACC_0906,BizCorp_0906,AMER,Technology,Premium,27360,0.0759,Low,No,Active seats fell +9% last month,Check for an offboarded champion or a team reorg; get reintroduced to whoever is using the product day to day now.,Lower priority within the at-risk pool
ACC_0358,BizCorp_0358,APAC,Retail,Enterprise,311580,0.0756,Low,No,Usage has swung sharply for two months running,Confirm this isn't seasonal (their own busy/slow cycle) before treating it as a churn signal.,Lower priority within the at-risk pool
ACC_0881,BizCorp_0881,AMER,Healthcare,Premium,19440,0.0755,Low,No,Active seats fell +0% last month,Check for an offboarded champion or a team reorg; get reintroduced to whoever is using the product day to day now.,Lower priority within the at-risk pool
ACC_0279,BizCorp_0279,EMEA,Retail,Enterprise,346140,0.0755,Low,No,Usage has swung sharply for two months running,Confirm this isn't seasonal (their own busy/slow cycle) before treating it as a churn signal.,Lower priority within the at-risk pool
ACC_0769,BizCorp_0769,AMER,Manufacturing,Enterprise,163080,0.074,Low,No,Usage has swung sharply for two months running,Confirm this isn't seasonal (their own busy/slow cycle) before treating it as a churn signal.,Lower priority within the at-risk pool
ACC_0454,BizCorp_0454,APAC,Healthcare,Standard,7680,0.0739,Low,No,Active seats fell +0% last month,Check for an offboarded champion or a team reorg; get reintroduced to whoever is using the product day to day now.,Lower priority within the at-risk pool
ACC_0548,BizCorp_0548,APAC,Financial Services,Standard,7680,0.0734,Low,No,Usage has swung sharply for two months running,Confirm this isn't seasonal (their own busy/slow cycle) before treating it as a churn signal.,Lower priority within the at-risk pool
ACC_0064,BizCorp_0064,APAC,Healthcare,Premium,20160,0.0734,Low,No,Active seats fell -5% last month,Check for an offboarded champion or a team reorg; get reintroduced to whoever is using the product day to day now.,Lower priority within the at-risk pool
ACC_0482,BizCorp_0482,APAC,Retail,Standard,15360,0.0728,Low,No,Usage has swung sharply for two months running,Confirm this isn't seasonal (their own busy/slow cycle) before treating it as a churn signal.,Lower priority within the at-risk pool
ACC_0730,BizCorp_0730,EMEA,Manufacturing,Enterprise,309960,0.0728,Low,No,Usage has swung sharply for two months running,Confirm this isn't seasonal (their own busy/slow cycle) before treating it as a churn signal.,Lower priority within the at-risk pool
ACC_0504,BizCorp_0504,AMER,Logistics,Premium,57600,0.0726,Low,No,Usage has swung sharply for two months running,Confirm this isn't seasonal (their own busy/slow cycle) before treating it as a churn signal.,Lower priority within the at-risk pool
ACC_0468,BizCorp_0468,APAC,Logistics,Premium,36720,0.0724,Low,No,Usage has swung sharply for two months running,Confirm this isn't seasonal (their own busy/slow cycle) before treating it as a churn signal.,Lower priority within the at-risk pool
ACC_0992,BizCorp_0992,AMER,Technology,Premium,66960,0.0723,Low,No,Active seats fell +0% last month,Check for an offboarded champion or a team reorg; get reintroduced to whoever is using the product day to day now.,Lower priority within the at-risk pool
ACC_0328,BizCorp_0328,EMEA,Financial Services,Premium,46800,0.0722,Low,No,Usage has swung sharply for two months running,Confirm this isn't seasonal (their own busy/slow cycle) before treating it as a churn signal.,Lower priority within the at-risk pool
ACC_0263,BizCorp_0263,AMER,Technology,Enterprise,196020,0.072,Low,No,Usage has swung sharply for two months running,Confirm this isn't seasonal (their own busy/slow cycle) before treating it as a churn signal.,Lower priority within the at-risk pool
ACC_0039,BizCorp_0039,APAC,Healthcare,Standard,8640,0.0719,Low,No,Usage has swung sharply for two months running,Confirm this isn't seasonal (their own busy/slow cycle) before treating it as a churn signal.,Lower priority within the at-risk pool
ACC_0156,BizCorp_0156,AMER,Logistics,Standard,6720,0.0718,Low,No,Usage has swung sharply for two months running,Confirm this isn't seasonal (their own busy/slow cycle) before treating it as a churn signal.,Lower priority within the at-risk pool
ACC_0847,BizCorp_0847,APAC,Logistics,Enterprise,208980,0.0718,Low,No,Active seats fell +4% last month,Check for an offboarded champion or a team reorg; get reintroduced to whoever is using the product day to day now.,Lower priority within the at-risk pool
ACC_0271,BizCorp_0271,EMEA,Retail,Premium,56160,0.0715,Low,No,Usage has swung sharply for two months running,Confirm this isn't seasonal (their own busy/slow cycle) before treating it as a churn signal.,Lower priority within the at-risk pool
ACC_0449,BizCorp_0449,AMER,Healthcare,Premium,112320,0.0699,Low,No,Active seats fell +0% last month,Check for an offboarded champion or a team reorg; get reintroduced to whoever is using the product day to day now.,Lower priority within the at-risk pool
ACC_0819,BizCorp_0819,APAC,Healthcare,Standard,13440,0.0697,Low,No,Usage has swung sharply for two months running,Confirm this isn't seasonal (their own busy/slow cycle) before treating it as a churn signal.,Lower priority within the at-risk pool
ACC_0805,BizCorp_0805,APAC,Healthcare,Premium,32400,0.0696,Low,No,Usage has swung sharply for two months running,Confirm this isn't seasonal (their own busy/slow cycle) before treating it as a churn signal.,Lower priority within the at-risk pool
ACC_0154,BizCorp_0154,AMER,Retail,Standard,11520,0.0693,Low,No,Usage has swung sharply for two months running,Confirm this isn't seasonal (their own busy/slow cycle) before treating it as a churn signal.,Lower priority within the at-risk pool
ACC_0259,BizCorp_0259,EMEA,Manufacturing,Standard,24000,0.0691,Low,No,Usage has swung sharply for two months running,Confirm this isn't seasonal (their own busy/slow cycle) before treating it as a churn signal.,Lower priority within the at-risk pool
ACC_0489,BizCorp_0489,EMEA,Technology,Enterprise,179820,0.0689,Low,No,Active seats fell +0% last month,Check for an offboarded champion or a team reorg; get reintroduced to whoever is using the product day to day now.,Lower priority within the at-risk pool
ACC_0522,BizCorp_0522,AMER,Technology,Premium,44640,0.0685,Low,No,Usage has swung sharply for two months running,Confirm this isn't seasonal (their own busy/slow cycle) before treating it as a churn signal.,Lower priority within the at-risk pool
ACC_0438,BizCorp_0438,APAC,Logistics,Enterprise,170640,0.0684,Low,No,Usage has swung sharply for two months running,Confirm this isn't seasonal (their own busy/slow cycle) before treating it as a churn signal.,Lower priority within the at-risk pool
ACC_0045,BizCorp_0045,APAC,Technology,Enterprise,207360,0.0681,Low,No,Usage has swung sharply for two months running,Confirm this isn't seasonal (their own busy/slow cycle) before treating it as a churn signal.,Lower priority within the at-risk pool
ACC_0397,BizCorp_0397,EMEA,Technology,Premium,68400,0.068,Low,No,Usage has swung sharply for two months running,Confirm this isn't seasonal (their own busy/slow cycle) before treating it as a churn signal.,Lower priority within the at-risk pool
ACC_0272,BizCorp_0272,EMEA,Healthcare,Premium,55440,0.0669,Low,No,Usage has swung sharply for two months running,Confirm this isn't seasonal (their own busy/slow cycle) before treating it as a churn signal.,Lower priority within the at-risk pool
ACC_0015,BizCorp_0015,EMEA,Technology,Premium,56880,0.0668,Low,No,Usage has swung sharply for two months running,Confirm this isn't seasonal (their own busy/slow cycle) before treating it as a churn signal.,Lower priority within the at-risk pool
ACC_0293,BizCorp_0293,EMEA,Retail,Enterprise,234360,0.0667,Low,No,Usage has swung sharply for two months running,Confirm this isn't seasonal (their own busy/slow cycle) before treating it as a churn signal.,Lower priority within the at-risk pool
ACC_0028,BizCorp_0028,APAC,Financial Services,Standard,9600,0.0666,Low,No,Usage has swung sharply for two months running,Confirm this isn't seasonal (their own busy/slow cycle) before treating it as a churn signal.,Lower priority within the at-risk pool
ACC_0947,BizCorp_0947,AMER,Technology,Enterprise,187380,0.0665,Low,No,Active seats fell +4% last month,Check for an offboarded champion or a team reorg; get reintroduced to whoever is using the product day to day now.,Lower priority within the at-risk pool
ACC_0525,BizCorp_0525,EMEA,Healthcare,Premium,74160,0.0659,Low,No,Usage has swung sharply for two months running,Confirm this isn't seasonal (their own busy/slow cycle) before treating it as a churn signal.,Lower priority within the at-risk pool
ACC_0972,BizCorp_0972,EMEA,Financial Services,Premium,56160,0.0647,Low,No,Usage has swung sharply for two months running,Confirm this isn't seasonal (their own busy/slow cycle) before treating it as a churn signal.,Lower priority within the at-risk pool
ACC_0433,BizCorp_0433,APAC,Technology,Premium,21600,0.0642,Low,No,Usage has swung sharply for two months running,Confirm this isn't seasonal (their own busy/slow cycle) before treating it as a churn signal.,Lower priority within the at-risk pool
ACC_0215,BizCorp_0215,AMER,Manufacturing,Premium,83520,0.0641,Low,No,Usage has swung sharply for two months running,Confirm this isn't seasonal (their own busy/slow cycle) before treating it as a churn signal.,Lower priority within the at-risk pool
ACC_0507,BizCorp_0507,APAC,Manufacturing,Enterprise,203580,0.0635,Low,No,Usage has swung sharply for two months running,Confirm this isn't seasonal (their own busy/slow cycle) before treating it as a churn signal.,Lower priority within the at-risk pool
ACC_0102,BizCorp_0102,AMER,Technology,Enterprise,166320,0.0634,Low,No,Usage has swung sharply for two months running,Confirm this isn't seasonal (their own busy/slow cycle) before treating it as a churn signal.,Lower priority within the at-risk pool
ACC_0811,BizCorp_0811,APAC,Logistics,Standard,6720,0.0632,Low,No,Usage has swung sharply for two months running,Confirm this isn't seasonal (their own busy/slow cycle) before treating it as a churn signal.,Lower priority within the at-risk pool
ACC_0848,BizCorp_0848,AMER,Healthcare,Standard,19200,0.0632,Low,No,Usage has swung sharply for two months running,Confirm this isn't seasonal (their own busy/slow cycle) before treating it as a churn signal.,Lower priority within the at-risk pool
ACC_0590,BizCorp_0590,APAC,Healthcare,Standard,13440,0.0624,Low,No,Usage has swung sharply for two months running,Confirm this isn't seasonal (their own busy/slow cycle) before treating it as a churn signal.,Lower priority within the at-risk pool
ACC_0001,BizCorp_0001,APAC,Manufacturing,Enterprise,85320,0.0621,Low,No,Usage has swung sharply for two months running,Confirm this isn't seasonal (their own busy/slow cycle) before treating it as a churn signal.,Lower priority within the at-risk pool
ACC_0787,BizCorp_0787,AMER,Technology,Enterprise,149040,0.0616,Low,No,Usage has swung sharply for two months running,Confirm this isn't seasonal (their own busy/slow cycle) before treating it as a churn signal.,Lower priority within the at-risk pool
ACC_0851,BizCorp_0851,EMEA,Healthcare,Enterprise,109620,0.0613,Low,No,Usage has swung sharply for two months running,Confirm this isn't seasonal (their own busy/slow cycle) before treating it as a churn signal.,Lower priority within the at-risk pool
ACC_0161,BizCorp_0161,EMEA,Technology,Enterprise,108540,0.0611,Low,No,Usage has swung sharply for two months running,Confirm this isn't seasonal (their own busy/slow cycle) before treating it as a churn signal.,Lower priority within the at-risk pool
ACC_0434,BizCorp_0434,APAC,Manufacturing,Premium,42480,0.0605,Low,No,Usage has swung sharply for two months running,Confirm this isn't seasonal (their own busy/slow cycle) before treating it as a churn signal.,Lower priority within the at-risk pool
ACC_0580,BizCorp_0580,APAC,Manufacturing,Standard,9600,0.0593,Low,No,Usage has swung sharply for two months running,Confirm this isn't seasonal (their own busy/slow cycle) before treating it as a churn signal.,Lower priority within the at-risk pool
ACC_0937,BizCorp_0937,APAC,Technology,Enterprise,501660,0.0592,Low,No,Usage has swung sharply for two months running,Confirm this isn't seasonal (their own busy/slow cycle) before treating it as a churn signal.,Lower priority within the at-risk pool
ACC_0425,BizCorp_0425,EMEA,Retail,Enterprise,250020,0.0591,Low,No,Usage has swung sharply for two months running,Confirm this isn't seasonal (their own busy/slow cycle) before treating it as a churn signal.,Lower priority within the at-risk pool
ACC_0576,BizCorp_0576,APAC,Healthcare,Enterprise,318600,0.0582,Low,No,Usage has swung sharply for two months running,Confirm this isn't seasonal (their own busy/slow cycle) before treating it as a churn signal.,Lower priority within the at-risk pool
ACC_0939,BizCorp_0939,APAC,Technology,Enterprise,245160,0.0579,Low,No,Active seats fell +5% last month,Check for an offboarded champion or a team reorg; get reintroduced to whoever is using the product day to day now.,Lower priority within the at-risk pool
ACC_0111,BizCorp_0111,APAC,Technology,Premium,54000,0.0567,Low,No,Active seats fell +1% last month,Check for an offboarded champion or a team reorg; get reintroduced to whoever is using the product day to day now.,Lower priority within the at-risk pool
ACC_0079,BizCorp_0079,APAC,Technology,Standard,12480,0.0563,Low,No,Usage has swung sharply for two months running,Confirm this isn't seasonal (their own busy/slow cycle) before treating it as a churn signal.,Lower priority within the at-risk pool
ACC_0897,BizCorp_0897,AMER,Logistics,Premium,54000,0.0559,Low,No,Usage has swung sharply for two months running,Confirm this isn't seasonal (their own busy/slow cycle) before treating it as a churn signal.,Lower priority within the at-risk pool
ACC_0403,BizCorp_0403,APAC,Technology,Enterprise,374220,0.0547,Low,No,Usage has swung sharply for two months running,Confirm this isn't seasonal (their own busy/slow cycle) before treating it as a churn signal.,Lower priority within the at-risk pool
ACC_0933,BizCorp_0933,APAC,Retail,Enterprise,179280,0.0546,Low,No,Usage has swung sharply for two months running,Confirm this isn't seasonal (their own busy/slow cycle) before treating it as a churn signal.,Lower priority within the at-risk pool
ACC_0375,BizCorp_0375,EMEA,Financial Services,Standard,22080,0.0546,Low,No,Usage has swung sharply for two months running,Confirm this isn't seasonal (their own busy/slow cycle) before treating it as a churn signal.,Lower priority within the at-risk pool
ACC_0373,BizCorp_0373,EMEA,Technology,Enterprise,237600,0.0545,Low,No,Usage has swung sharply for two months running,Confirm this isn't seasonal (their own busy/slow cycle) before treating it as a churn signal.,Lower priority within the at-risk pool
ACC_0038,BizCorp_0038,APAC,Healthcare,Enterprise,76140,0.0543,Low,No,Usage has swung sharply for two months running,Confirm this isn't seasonal (their own busy/slow cycle) before treating it as a churn signal.,Lower priority within the at-risk pool
ACC_0661,BizCorp_0661,AMER,Healthcare,Standard,31680,0.0542,Low,No,Active seats fell +0% last month,Check for an offboarded champion or a team reorg; get reintroduced to whoever is using the product day to day now.,Lower priority within the at-risk pool
ACC_0030,BizCorp_0030,APAC,Logistics,Premium,65520,0.0538,Low,No,Usage has swung sharply for two months running,Confirm this isn't seasonal (their own busy/slow cycle) before treating it as a churn signal.,Lower priority within the at-risk pool
ACC_0297,BizCorp_0297,APAC,Healthcare,Standard,10560,0.0537,Low,No,Usage has swung sharply for two months running,Confirm this isn't seasonal (their own busy/slow cycle) before treating it as a churn signal.,Lower priority within the at-risk pool
ACC_0276,BizCorp_0276,EMEA,Healthcare,Standard,12480,0.0537,Low,No,Usage has swung sharply for two months running,Confirm this isn't seasonal (their own busy/slow cycle) before treating it as a churn signal.,Lower priority within the at-risk pool
ACC_0484,BizCorp_0484,AMER,Logistics,Standard,10560,0.0535,Low,No,Usage has swung sharply for two months running,Confirm this isn't seasonal (their own busy/slow cycle) before treating it as a churn signal.,Lower priority within the at-risk pool
ACC_0630,BizCorp_0630,EMEA,Technology,Standard,21120,0.0533,Low,No,Usage has swung sharply for two months running,Confirm this isn't seasonal (their own busy/slow cycle) before treating it as a churn signal.,Lower priority within the at-risk pool
ACC_0624,BizCorp_0624,EMEA,Healthcare,Standard,24000,0.0533,Low,No,Active seats fell +7% last month,Check for an offboarded champion or a team reorg; get reintroduced to whoever is using the product day to day now.,Lower priority within the at-risk pool
ACC_0031,BizCorp_0031,AMER,Manufacturing,Standard,12480,0.0532,Low,No,Usage has swung sharply for two months running,Confirm this isn't seasonal (their own busy/slow cycle) before treating it as a churn signal.,Lower priority within the at-risk pool
ACC_0675,BizCorp_0675,AMER,Healthcare,Premium,30240,0.0528,Low,No,Usage has swung sharply for two months running,Confirm this isn't seasonal (their own busy/slow cycle) before treating it as a churn signal.,Lower priority within the at-risk pool
ACC_0604,BizCorp_0604,APAC,Retail,Standard,7680,0.0527,Low,No,Usage has swung sharply for two months running,Confirm this isn't seasonal (their own busy/slow cycle) before treating it as a churn signal.,Lower priority within the at-risk pool
ACC_0370,BizCorp_0370,EMEA,Technology,Enterprise,268920,0.0524,Low,No,Usage has swung sharply for two months running,Confirm this isn't seasonal (their own busy/slow cycle) before treating it as a churn signal.,Lower priority within the at-risk pool
ACC_0823,BizCorp_0823,AMER,Financial Services,Standard,24000,0.0518,Low,No,Active seats fell +9% last month,Check for an offboarded champion or a team reorg; get reintroduced to whoever is using the product day to day now.,Lower priority within the at-risk pool
ACC_0644,BizCorp_0644,AMER,Technology,Enterprise,313740,0.0516,Low,No,Usage has swung sharply for two months running,Confirm this isn't seasonal (their own busy/slow cycle) before treating it as a churn signal.,Lower priority within the at-risk pool
ACC_0172,BizCorp_0172,APAC,Logistics,Premium,37440,0.0515,Low,No,Usage has swung sharply for two months running,Confirm this isn't seasonal (their own busy/slow cycle) before treating it as a churn signal.,Lower priority within the at-risk pool
ACC_0227,BizCorp_0227,EMEA,Financial Services,Standard,9600,0.0508,Low,No,Usage has swung sharply for two months running,Confirm this isn't seasonal (their own busy/slow cycle) before treating it as a churn signal.,Lower priority within the at-risk pool
ACC_0107,BizCorp_0107,EMEA,Healthcare,Premium,105120,0.0507,Low,No,Usage has swung sharply for two months running,Confirm this isn't seasonal (their own busy/slow cycle) before treating it as a churn signal.,Lower priority within the at-risk pool
ACC_0134,BizCorp_0134,APAC,Logistics,Premium,120240,0.0506,Low,No,Usage has swung sharply for two months running,Confirm this isn't seasonal (their own busy/slow cycle) before treating it as a churn signal.,Lower priority within the at-risk pool
ACC_0864,BizCorp_0864,AMER,Healthcare,Premium,42480,0.0505,Low,No,Active seats fell +0% last month,Check for an offboarded champion or a team reorg; get reintroduced to whoever is using the product day to day now.,Lower priority within the at-risk pool
ACC_0632,BizCorp_0632,EMEA,Logistics,Premium,69840,0.0504,Low,No,Usage has swung sharply for two months running,Confirm this isn't seasonal (their own busy/slow cycle) before treating it as a churn signal.,Lower priority within the at-risk pool
ACC_0311,BizCorp_0311,APAC,Healthcare,Enterprise,198180,0.0502,Low,No,Usage has swung sharply for two months running,Confirm this isn't seasonal (their own busy/slow cycle) before treating it as a churn signal.,Lower priority within the at-risk pool
ACC_0767,BizCorp_0767,APAC,Healthcare,Premium,38880,0.05,Low,No,Usage has swung sharply for two months running,Confirm this isn't seasonal (their own busy/slow cycle) before treating it as a churn signal.,Lower priority within the at-risk pool
ACC_0427,BizCorp_0427,AMER,Healthcare,Enterprise,374760,0.0488,Low,No,Usage has swung sharply for two months running,Confirm this isn't seasonal (their own busy/slow cycle) before treating it as a churn signal.,Lower priority within the at-risk pool
ACC_0744,BizCorp_0744,EMEA,Financial Services,Premium,48240,0.0488,Low,No,Usage has swung sharply for two months running,Confirm this isn't seasonal (their own busy/slow cycle) before treating it as a churn signal.,Lower priority within the at-risk pool
ACC_0695,BizCorp_0695,APAC,Technology,Premium,36720,0.0487,Low,No,Active seats fell +6% last month,Check for an offboarded champion or a team reorg; get reintroduced to whoever is using the product day to day now.,Lower priority within the at-risk pool
ACC_0336,BizCorp_0336,EMEA,Technology,Premium,59040,0.0483,Low,No,Usage has swung sharply for two months running,Confirm this isn't seasonal (their own busy/slow cycle) before treating it as a churn signal.,Lower priority within the at-risk pool
ACC_0062,BizCorp_0062,AMER,Financial Services,Standard,10560,0.0479,Low,No,Usage has swung sharply for two months running,Confirm this isn't seasonal (their own busy/slow cycle) before treating it as a churn signal.,Lower priority within the at-risk pool
ACC_0642,BizCorp_0642,EMEA,Technology,Enterprise,210600,0.0477,Low,No,Usage has swung sharply for two months running,Confirm this isn't seasonal (their own busy/slow cycle) before treating it as a churn signal.,Lower priority within the at-risk pool
ACC_0169,BizCorp_0169,AMER,Manufacturing,Standard,9600,0.0477,Low,No,Usage has swung sharply for two months running,Confirm this isn't seasonal (their own busy/slow cycle) before treating it as a churn signal.,Lower priority within the at-risk pool
ACC_0243,BizCorp_0243,APAC,Technology,Premium,32400,0.0476,Low,No,Usage has swung sharply for two months running,Confirm this isn't seasonal (their own busy/slow cycle) before treating it as a churn signal.,Lower priority within the at-risk pool
ACC_0163,BizCorp_0163,APAC,Logistics,Premium,45360,0.0476,Low,No,Usage has swung sharply for two months running,Confirm this isn't seasonal (their own busy/slow cycle) before treating it as a churn signal.,Lower priority within the at-risk pool
ACC_0391,BizCorp_0391,AMER,Healthcare,Standard,24000,0.0473,Low,No,Active seats fell +0% last month,Check for an offboarded champion or a team reorg; get reintroduced to whoever is using the product day to day now.,Lower priority within the at-risk pool
ACC_0110,BizCorp_0110,AMER,Retail,Enterprise,281340,0.0473,Low,No,Usage has swung sharply for two months running,Confirm this isn't seasonal (their own busy/slow cycle) before treating it as a churn signal.,Lower priority within the at-risk pool
ACC_0412,BizCorp_0412,APAC,Healthcare,Enterprise,208440,0.0471,Low,No,Usage has swung sharply for two months running,Confirm this isn't seasonal (their own busy/slow cycle) before treating it as a churn signal.,Lower priority within the at-risk pool
ACC_0571,BizCorp_0571,AMER,Manufacturing,Enterprise,129600,0.0469,Low,No,Usage has swung sharply for two months running,Confirm this isn't seasonal (their own busy/slow cycle) before treating it as a churn signal.,Lower priority within the at-risk pool
ACC_0475,BizCorp_0475,APAC,Financial Services,Standard,5760,0.0455,Low,No,Usage has swung sharply for two months running,Confirm this isn't seasonal (their own busy/slow cycle) before treating it as a churn signal.,Lower priority within the at-risk pool
ACC_0353,BizCorp_0353,AMER,Retail,Premium,65520,0.0451,Low,No,Usage has swung sharply for two months running,Confirm this isn't seasonal (their own busy/slow cycle) before treating it as a churn signal.,Lower priority within the at-risk pool
ACC_0327,BizCorp_0327,EMEA,Technology,Standard,15360,0.045,Low,No,Usage has swung sharply for two months running,Confirm this isn't seasonal (their own busy/slow cycle) before treating it as a churn signal.,Lower priority within the at-risk pool
ACC_0321,BizCorp_0321,AMER,Financial Services,Premium,49680,0.045,Low,No,Usage has swung sharply for two months running,Confirm this isn't seasonal (their own busy/slow cycle) before treating it as a churn signal.,Lower priority within the at-risk pool
ACC_0333,BizCorp_0333,AMER,Technology,Standard,11520,0.0447,Low,No,Usage has swung sharply for two months running,Confirm this isn't seasonal (their own busy/slow cycle) before treating it as a churn signal.,Lower priority within the at-risk pool
ACC_0870,BizCorp_0870,EMEA,Healthcare,Standard,5760,0.0445,Low,No,Usage has swung sharply for two months running,Confirm this isn't seasonal (their own busy/slow cycle) before treating it as a churn signal.,Lower priority within the at-risk pool
ACC_0094,BizCorp_0094,AMER,Technology,Premium,18000,0.0444,Low,No,Usage has swung sharply for two months running,Confirm this isn't seasonal (their own busy/slow cycle) before treating it as a churn signal.,Lower priority within the at-risk pool
ACC_0729,BizCorp_0729,APAC,Financial Services,Premium,100080,0.0444,Low,No,Active seats fell +0% last month,Check for an offboarded champion or a team reorg; get reintroduced to whoever is using the product day to day now.,Lower priority within the at-risk pool
ACC_0720,BizCorp_0720,APAC,Financial Services,Standard,23040,0.0442,Low,No,Usage has swung sharply for two months running,Confirm this isn't seasonal (their own busy/slow cycle) before treating it as a churn signal.,Lower priority within the at-risk pool
ACC_0556,BizCorp_0556,AMER,Financial Services,Standard,2880,0.0437,Low,No,Usage has swung sharply for two months running,Confirm this isn't seasonal (their own busy/slow cycle) before treating it as a churn signal.,Lower priority within the at-risk pool
ACC_0563,BizCorp_0563,EMEA,Technology,Premium,92160,0.0432,Low,No,Usage has swung sharply for two months running,Confirm this isn't seasonal (their own busy/slow cycle) before treating it as a churn signal.,Lower priority within the at-risk pool
ACC_0946,BizCorp_0946,AMER,Logistics,Enterprise,73440,0.0425,Low,No,Usage has swung sharply for two months running,Confirm this isn't seasonal (their own busy/slow cycle) before treating it as a churn signal.,Lower priority within the at-risk pool
ACC_0772,BizCorp_0772,APAC,Technology,Premium,25920,0.0421,Low,No,Usage has swung sharply for two months running,Confirm this isn't seasonal (their own busy/slow cycle) before treating it as a churn signal.,Lower priority within the at-risk pool
ACC_0302,BizCorp_0302,AMER,Technology,Enterprise,382320,0.0414,Low,No,Usage has swung sharply for two months running,Confirm this isn't seasonal (their own busy/slow cycle) before treating it as a churn signal.,Lower priority within the at-risk pool
ACC_0738,BizCorp_0738,AMER,Manufacturing,Premium,28800,0.0411,Low,No,Usage has swung sharply for two months running,Confirm this isn't seasonal (their own busy/slow cycle) before treating it as a churn signal.,Lower priority within the at-risk pool
ACC_0529,BizCorp_0529,APAC,Financial Services,Premium,48240,0.041,Low,No,Usage has swung sharply for two months running,Confirm this isn't seasonal (their own busy/slow cycle) before treating it as a churn signal.,Lower priority within the at-risk pool
ACC_0389,BizCorp_0389,APAC,Technology,Enterprise,127440,0.041,Low,No,Usage has swung sharply for two months running,Confirm this isn't seasonal (their own busy/slow cycle) before treating it as a churn signal.,Lower priority within the at-risk pool
ACC_0147,BizCorp_0147,EMEA,Retail,Premium,138960,0.0404,Low,No,Usage has swung sharply for two months running,Confirm this isn't seasonal (their own busy/slow cycle) before treating it as a churn signal.,Lower priority within the at-risk pool
ACC_0973,BizCorp_0973,APAC,Healthcare,Enterprise,262440,0.0402,Low,No,Usage has swung sharply for two months running,Confirm this isn't seasonal (their own busy/slow cycle) before treating it as a churn signal.,Lower priority within the at-risk pool
ACC_0416,BizCorp_0416,APAC,Technology,Premium,95040,0.0402,Low,No,Active seats fell +5% last month,Check for an offboarded champion or a team reorg; get reintroduced to whoever is using the product day to day now.,Lower priority within the at-risk pool
ACC_0722,BizCorp_0722,AMER,Financial Services,Premium,102960,0.0399,Low,No,Usage has swung sharply for two months running,Confirm this isn't seasonal (their own busy/slow cycle) before treating it as a churn signal.,Lower priority within the at-risk pool
ACC_0103,BizCorp_0103,AMER,Logistics,Premium,28080,0.0398,Low,No,Usage has swung sharply for two months running,Confirm this isn't seasonal (their own busy/slow cycle) before treating it as a churn signal.,Lower priority within the at-risk pool
ACC_0264,BizCorp_0264,APAC,Healthcare,Premium,56880,0.0397,Low,No,Usage has swung sharply for two months running,Confirm this isn't seasonal (their own busy/slow cycle) before treating it as a churn signal.,Lower priority within the at-risk pool
ACC_0701,BizCorp_0701,AMER,Technology,Premium,17280,0.0386,Low,No,Usage has swung sharply for two months running,Confirm this isn't seasonal (their own busy/slow cycle) before treating it as a churn signal.,Lower priority within the at-risk pool
ACC_0367,BizCorp_0367,EMEA,Technology,Enterprise,172260,0.038,Low,No,Usage has swung sharply for two months running,Confirm this isn't seasonal (their own busy/slow cycle) before treating it as a churn signal.,Lower priority within the at-risk pool
ACC_0135,BizCorp_0135,EMEA,Logistics,Premium,78480,0.0379,Low,No,Usage has swung sharply for two months running,Confirm this isn't seasonal (their own busy/slow cycle) before treating it as a churn signal.,Lower priority within the at-risk pool
ACC_0200,BizCorp_0200,AMER,Technology,Standard,9600,0.0378,Low,No,Usage has swung sharply for two months running,Confirm this isn't seasonal (their own busy/slow cycle) before treating it as a churn signal.,Lower priority within the at-risk pool
ACC_0469,BizCorp_0469,AMER,Retail,Enterprise,132840,0.0375,Low,No,Usage has swung sharply for two months running,Confirm this isn't seasonal (their own busy/slow cycle) before treating it as a churn signal.,Lower priority within the at-risk pool
ACC_0380,BizCorp_0380,APAC,Logistics,Standard,16320,0.0372,Low,No,Usage has swung sharply for two months running,Confirm this isn't seasonal (their own busy/slow cycle) before treating it as a churn signal.,Lower priority within the at-risk pool
ACC_0558,BizCorp_0558,APAC,Healthcare,Enterprise,281880,0.0369,Low,No,Usage has swung sharply for two months running,Confirm this isn't seasonal (their own busy/slow cycle) before treating it as a churn signal.,Lower priority within the at-risk pool
ACC_0229,BizCorp_0229,EMEA,Technology,Premium,116640,0.0367,Low,No,Usage has swung sharply for two months running,Confirm this isn't seasonal (their own busy/slow cycle) before treating it as a churn signal.,Lower priority within the at-risk pool
ACC_0152,BizCorp_0152,AMER,Healthcare,Premium,38160,0.0365,Low,No,Usage has swung sharply for two months running,Confirm this isn't seasonal (their own busy/slow cycle) before treating it as a churn signal.,Lower priority within the at-risk pool
ACC_0745,BizCorp_0745,EMEA,Manufacturing,Enterprise,92340,0.0364,Low,No,Usage has swung sharply for two months running,Confirm this isn't seasonal (their own busy/slow cycle) before treating it as a churn signal.,Lower priority within the at-risk pool
ACC_0310,BizCorp_0310,APAC,Financial Services,Standard,8640,0.0359,Low,No,Usage has swung sharply for two months running,Confirm this isn't seasonal (their own busy/slow cycle) before treating it as a churn signal.,Lower priority within the at-risk pool
ACC_0461,BizCorp_0461,APAC,Technology,Premium,68400,0.0354,Low,No,Usage has swung sharply for two months running,Confirm this isn't seasonal (their own busy/slow cycle) before treating it as a churn signal.,Lower priority within the at-risk pool
ACC_0890,BizCorp_0890,AMER,Financial Services,Standard,18240,0.0354,Low,No,Usage has swung sharply for two months running,Confirm this isn't seasonal (their own busy/slow cycle) before treating it as a churn signal.,Lower priority within the at-risk pool
ACC_0689,BizCorp_0689,APAC,Logistics,Premium,39600,0.0349,Low,No,Usage has swung sharply for two months running,Confirm this isn't seasonal (their own busy/slow cycle) before treating it as a churn signal.,Lower priority within the at-risk pool
ACC_0168,BizCorp_0168,AMER,Financial Services,Enterprise,173880,0.0347,Low,No,Usage has swung sharply for two months running,Confirm this isn't seasonal (their own busy/slow cycle) before treating it as a churn signal.,Lower priority within the at-risk pool
ACC_0235,BizCorp_0235,EMEA,Healthcare,Enterprise,483300,0.0345,Low,No,Usage has swung sharply for two months running,Confirm this isn't seasonal (their own busy/slow cycle) before treating it as a churn signal.,Lower priority within the at-risk pool
ACC_0470,BizCorp_0470,APAC,Technology,Standard,15360,0.0345,Low,No,Usage has swung sharply for two months running,Confirm this isn't seasonal (their own busy/slow cycle) before treating it as a churn signal.,Lower priority within the at-risk pool
ACC_0466,BizCorp_0466,AMER,Financial Services,Premium,57600,0.0342,Low,No,Usage has swung sharply for two months running,Confirm this isn't seasonal (their own busy/slow cycle) before treating it as a churn signal.,Lower priority within the at-risk pool
ACC_0640,BizCorp_0640,APAC,Healthcare,Enterprise,372060,0.0338,Low,No,Usage has swung sharply for two months running,Confirm this isn't seasonal (their own busy/slow cycle) before treating it as a churn signal.,Lower priority within the at-risk pool
ACC_0185,BizCorp_0185,EMEA,Financial Services,Premium,55440,0.0337,Low,No,Usage has swung sharply for two months running,Confirm this isn't seasonal (their own busy/slow cycle) before treating it as a churn signal.,Lower priority within the at-risk pool
ACC_0129,BizCorp_0129,AMER,Retail,Enterprise,126360,0.0336,Low,No,Usage has swung sharply for two months running,Confirm this isn't seasonal (their own busy/slow cycle) before treating it as a churn signal.,Lower priority within the at-risk pool
ACC_0181,BizCorp_0181,AMER,Logistics,Standard,34560,0.0333,Low,No,Usage has swung sharply for two months running,Confirm this isn't seasonal (their own busy/slow cycle) before treating it as a churn signal.,Lower priority within the at-risk pool
ACC_0931,BizCorp_0931,APAC,Logistics,Premium,63360,0.0319,Low,No,Usage has swung sharply for two months running,Confirm this isn't seasonal (their own busy/slow cycle) before treating it as a churn signal.,Lower priority within the at-risk pool
ACC_0480,BizCorp_0480,APAC,Financial Services,Premium,82080,0.0317,Low,No,Usage has swung sharply for two months running,Confirm this isn't seasonal (their own busy/slow cycle) before treating it as a churn signal.,Lower priority within the at-risk pool
ACC_0179,BizCorp_0179,AMER,Logistics,Premium,53280,0.0314,Low,No,Usage has swung sharply for two months running,Confirm this isn't seasonal (their own busy/slow cycle) before treating it as a churn signal.,Lower priority within the at-risk pool
ACC_0708,BizCorp_0708,AMER,Healthcare,Standard,9600,0.031,Low,No,Usage has swung sharply for two months running,Confirm this isn't seasonal (their own busy/slow cycle) before treating it as a churn signal.,Lower priority within the at-risk pool
ACC_0829,BizCorp_0829,AMER,Technology,Standard,8640,0.0307,Low,No,Usage has swung sharply for two months running,Confirm this isn't seasonal (their own busy/slow cycle) before treating it as a churn signal.,Lower priority within the at-risk pool
ACC_0340,BizCorp_0340,AMER,Technology,Premium,103680,0.0306,Low,No,Usage has swung sharply for two months running,Confirm this isn't seasonal (their own busy/slow cycle) before treating it as a churn signal.,Lower priority within the at-risk pool
ACC_0732,BizCorp_0732,EMEA,Financial Services,Premium,30240,0.0305,Low,No,Usage has swung sharply for two months running,Confirm this isn't seasonal (their own busy/slow cycle) before treating it as a churn signal.,Lower priority within the at-risk pool
ACC_0386,BizCorp_0386,EMEA,Financial Services,Premium,82800,0.0304,Low,No,Usage has swung sharply for two months running,Confirm this isn't seasonal (their own busy/slow cycle) before treating it as a churn signal.,Lower priority within the at-risk pool
ACC_0379,BizCorp_0379,AMER,Technology,Enterprise,95580,0.0303,Low,No,Usage has swung sharply for two months running,Confirm this isn't seasonal (their own busy/slow cycle) before treating it as a churn signal.,Lower priority within the at-risk pool
ACC_0050,BizCorp_0050,AMER,Financial Services,Premium,52560,0.0303,Low,No,Usage has swung sharply for two months running,Confirm this isn't seasonal (their own busy/slow cycle) before treating it as a churn signal.,Lower priority within the at-risk pool
ACC_0462,BizCorp_0462,AMER,Logistics,Enterprise,439020,0.029,Low,No,Usage has swung sharply for two months running,Confirm this isn't seasonal (their own busy/slow cycle) before treating it as a churn signal.,Lower priority within the at-risk pool
ACC_0637,BizCorp_0637,APAC,Healthcare,Premium,40320,0.0279,Low,No,Usage has swung sharply for two months running,Confirm this isn't seasonal (their own busy/slow cycle) before treating it as a churn signal.,Lower priority within the at-risk pool
ACC_0603,BizCorp_0603,AMER,Financial Services,Enterprise,289980,0.0278,Low,No,Usage has swung sharply for two months running,Confirm this isn't seasonal (their own busy/slow cycle) before treating it as a churn signal.,Lower priority within the at-risk pool
ACC_0662,BizCorp_0662,APAC,Financial Services,Premium,34560,0.0275,Low,No,Usage has swung sharply for two months running,Confirm this isn't seasonal (their own busy/slow cycle) before treating it as a churn signal.,Lower priority within the at-risk pool
ACC_0409,BizCorp_0409,AMER,Healthcare,Standard,21120,0.0274,Low,No,Usage has swung sharply for two months running,Confirm this isn't seasonal (their own busy/slow cycle) before treating it as a churn signal.,Lower priority within the at-risk pool
ACC_0987,BizCorp_0987,EMEA,Healthcare,Standard,8640,0.0272,Low,No,Usage has swung sharply for two months running,Confirm this isn't seasonal (their own busy/slow cycle) before treating it as a churn signal.,Lower priority within the at-risk pool
ACC_0184,BizCorp_0184,APAC,Financial Services,Standard,11520,0.0268,Low,No,Usage has swung sharply for two months running,Confirm this isn't seasonal (their own busy/slow cycle) before treating it as a churn signal.,Lower priority within the at-risk pool
ACC_0649,BizCorp_0649,AMER,Healthcare,Enterprise,390960,0.0267,Low,No,Usage has swung sharply for two months running,Confirm this isn't seasonal (their own busy/slow cycle) before treating it as a churn signal.,Lower priority within the at-risk pool
ACC_0149,BizCorp_0149,AMER,Technology,Premium,36000,0.0264,Low,No,Usage has swung sharply for two months running,Confirm this isn't seasonal (their own busy/slow cycle) before treating it as a churn signal.,Lower priority within the at-risk pool
ACC_0140,BizCorp_0140,AMER,Manufacturing,Standard,11520,0.0251,Low,No,Usage has swung sharply for two months running,Confirm this isn't seasonal (their own busy/slow cycle) before treating it as a churn signal.,Lower priority within the at-risk pool
ACC_0990,BizCorp_0990,AMER,Healthcare,Enterprise,475740,0.0234,Low,No,Usage has swung sharply for two months running,Confirm this isn't seasonal (their own busy/slow cycle) before treating it as a churn signal.,Lower priority within the at-risk pool
ACC_0138,BizCorp_0138,APAC,Financial Services,Premium,82080,0.023,Low,No,Usage has swung sharply for two months running,Confirm this isn't seasonal (their own busy/slow cycle) before treating it as a churn signal.,Lower priority within the at-risk pool
ACC_0118,BizCorp_0118,AMER,Healthcare,Standard,9600,0.0227,Low,No,Usage has swung sharply for two months running,Confirm this isn't seasonal (their own busy/slow cycle) before treating it as a churn signal.,Lower priority within the at-risk pool
ACC_0778,BizCorp_0778,AMER,Logistics,Standard,5760,0.0218,Low,No,Usage has swung sharply for two months running,Confirm this isn't seasonal (their own busy/slow cycle) before treating it as a churn signal.,Lower priority within the at-risk pool
ACC_0876,BizCorp_0876,AMER,Technology,Enterprise,97740,0.0217,Low,No,Usage has swung sharply for two months running,Confirm this isn't seasonal (their own busy/slow cycle) before treating it as a churn signal.,Lower priority within the at-risk pool
ACC_0609,BizCorp_0609,AMER,Healthcare,Standard,6720,0.0193,Low,No,Usage has swung sharply for two months running,Confirm this isn't seasonal (their own busy/slow cycle) before treating it as a churn signal.,Lower priority within the at-risk pool
ACC_0735,BizCorp_0735,APAC,Financial Services,Enterprise,287820,0.0156,Low,No,Usage has swung sharply for two months running,Confirm this isn't seasonal (their own busy/slow cycle) before treating it as a churn signal.,Lower priority within the at-risk pool
ACC_0349,BizCorp_0349,AMER,Financial Services,Standard,13440,0.0151,Low,No,Usage has swung sharply for two months running,Confirm this isn't seasonal (their own busy/slow cycle) before treating it as a churn signal.,Lower priority within the at-risk pool
ACC_0715,BizCorp_0715,AMER,Financial Services,Premium,46080,0.0148,Low,No,Usage has swung sharply for two months running,Confirm this isn't seasonal (their own busy/slow cycle) before treating it as a churn signal.,Lower priority within the at-risk pool
