account_id,usage_month,active_seats,total_api_calls,credits_consumed
ACC_0001,2026-03,92,71897,64438
ACC_0001,2026-04,94,67200,60129
ACC_0001,2026-05,95,72055,55593
ACC_0001,2026-06,99,59421,50328
ACC_0001,2026-07,86,75540,59707
ACC_0001,2026-08,100,82262,67016
ACC_0002,2026-03,7,4873,3858
ACC_0002,2026-04,8,4184,3338
ACC_0002,2026-05,8,4389,3743
ACC_0002,2026-06,7,3806,3090
ACC_0002,2026-07,7,4124,3362
ACC_0002,2026-08,8,4188,3565
ACC_0003,2026-03,186,187020,150300
ACC_0003,2026-04,185,165862,145812
ACC_0003,2026-05,218,162728,136585
ACC_0003,2026-06,212,168566,150297
ACC_0003,2026-07,197,201760,159181
ACC_0003,2026-08,204,181658,152641
ACC_0004,2026-03,20,7984,6729
ACC_0004,2026-04,19,9378,7466
ACC_0004,2026-05,21,7947,7004
ACC_0004,2026-06,20,7185,5835
ACC_0004,2026-07,20,8000,6269
ACC_0004,2026-08,19,8471,6840
ACC_0005,2026-03,2,10807,9592
ACC_0005,2026-04,2,12888,10313
ACC_0005,2026-05,2,13124,10317
ACC_0005,2026-06,2,13492,11001
ACC_0005,2026-07,2,11687,10092
ACC_0005,2026-08,2,13263,10232
ACC_0006,2026-03,266,230719,197121
ACC_0006,2026-04,275,280672,227554
ACC_0006,2026-05,272,303626,239401
ACC_0006,2026-06,264,310429,246048
ACC_0006,2026-07,277,215759,191096
ACC_0006,2026-08,286,253470,202770
ACC_0007,2026-03,70,23929,19039
ACC_0007,2026-04,71,26000,22190
ACC_0007,2026-05,75,28015,22683
ACC_0007,2026-06,77,24720,20107
ACC_0007,2026-07,74,27694,21991
ACC_0007,2026-08,79,25724,23188
ACC_0008,2026-03,192,217112,179369
ACC_0008,2026-04,158,215288,175873
ACC_0008,2026-05,185,267319,211153
ACC_0008,2026-06,211,292440,228060
ACC_0008,2026-07,253,339607,273673
ACC_0008,2026-08,304,403785,328407
ACC_0009,2026-03,10,5110,4133
ACC_0009,2026-04,9,4965,4128
ACC_0009,2026-05,10,5424,4478
ACC_0009,2026-06,9,5399,4691
ACC_0009,2026-07,10,5500,4864
ACC_0009,2026-08,9,4809,4332
ACC_0010,2026-03,9,7104,6106
ACC_0010,2026-04,9,5671,5093
ACC_0010,2026-05,9,6621,5484
ACC_0010,2026-06,4,3146,2813
ACC_0010,2026-07,2,1608,1406
ACC_0010,2026-08,1,803,703
ACC_0011,2026-03,11,7119,5958
ACC_0011,2026-04,10,7611,6189
ACC_0011,2026-05,9,6300,5488
ACC_0011,2026-06,5,3534,2877
ACC_0011,2026-07,2,1845,1438
ACC_0011,2026-08,1,825,719
ACC_0012,2026-03,10,6243,5304
ACC_0012,2026-04,9,5609,4375
ACC_0012,2026-05,10,5677,4504
ACC_0012,2026-06,9,5168,4039
ACC_0012,2026-07,8,6060,4699
ACC_0012,2026-08,8,6424,5320
ACC_0013,2026-03,90,53889,43562
ACC_0013,2026-04,94,55001,43454
ACC_0013,2026-05,95,60675,51115
ACC_0013,2026-06,94,51399,41545
ACC_0013,2026-07,80,56226,50765
ACC_0013,2026-08,80,49534,43059
ACC_0014,2026-03,18,16335,13324
ACC_0014,2026-04,19,14554,11788
ACC_0014,2026-05,19,17586,14372
ACC_0014,2026-06,20,17537,14141
ACC_0014,2026-07,17,17442,15557
ACC_0014,2026-08,20,14485,12965
ACC_0015,2026-03,39,39783,34777
ACC_0015,2026-04,45,53622,42226
ACC_0015,2026-05,41,46771,40334
ACC_0015,2026-06,52,59435,46529
ACC_0015,2026-07,62,72198,55835
ACC_0015,2026-08,75,85322,67002
ACC_0016,2026-03,55,10156,9164
ACC_0016,2026-04,52,12026,9943
ACC_0016,2026-05,47,11703,9376
ACC_0016,2026-06,25,6392,5134
ACC_0016,2026-07,12,2932,2567
ACC_0016,2026-08,6,1643,1283
ACC_0017,2026-03,222,176240,155104
ACC_0017,2026-04,221,239839,188809
ACC_0017,2026-05,227,233785,196087
ACC_0017,2026-06,211,178199,160039
ACC_0017,2026-07,192,218318,182321
ACC_0017,2026-08,201,186779,151718
ACC_0018,2026-03,90,144654,124096
ACC_0018,2026-04,99,149061,131857
ACC_0018,2026-05,97,175842,136129
ACC_0018,2026-06,90,147890,117641
ACC_0018,2026-07,100,150066,129890
ACC_0018,2026-08,93,153182,131339
ACC_0019,2026-03,10,5733,5051
ACC_0019,2026-04,11,6974,5484
ACC_0019,2026-05,10,5798,5031
ACC_0019,2026-06,13,7624,5969
ACC_0019,2026-07,16,7987,7162
ACC_0019,2026-08,19,9584,8595
ACC_0020,2026-03,303,152607,121712
ACC_0020,2026-04,269,117942,102370
ACC_0020,2026-05,308,148079,120313
ACC_0020,2026-06,265,147083,115063
ACC_0020,2026-07,290,148325,131637
ACC_0020,2026-08,285,122312,104293
ACC_0021,2026-03,8,4138,3652
ACC_0021,2026-04,8,3945,3474
ACC_0021,2026-05,8,4786,3700
ACC_0021,2026-06,8,4117,3514
ACC_0021,2026-07,7,3914,3518
ACC_0021,2026-08,7,3477,3047
ACC_0022,2026-03,17,23920,19452
ACC_0022,2026-04,14,31573,25738
ACC_0022,2026-05,15,29426,24205
ACC_0022,2026-06,8,13697,11283
ACC_0022,2026-07,4,6630,5641
ACC_0022,2026-08,2,3315,2820
ACC_0023,2026-03,31,33363,28502
ACC_0023,2026-04,31,33798,28250
ACC_0023,2026-05,29,32004,28378
ACC_0023,2026-06,27,30427,24764
ACC_0023,2026-07,27,30129,25698
ACC_0023,2026-08,30,28783,25115
ACC_0024,2026-03,229,89086,78681
ACC_0024,2026-04,245,81833,73815
ACC_0024,2026-05,233,94885,77400
ACC_0024,2026-06,115,47724,43079
ACC_0024,2026-07,57,26158,21539
ACC_0024,2026-08,28,11966,10769
ACC_0025,2026-03,9,10341,8425
ACC_0025,2026-04,10,9975,7890
ACC_0025,2026-05,10,8252,6757
ACC_0025,2026-06,4,4409,3692
ACC_0025,2026-07,2,2208,1846
ACC_0025,2026-08,1,1055,923
ACC_0026,2026-03,45,23665,19210
ACC_0026,2026-04,40,26484,22665
ACC_0026,2026-05,42,24998,21814
ACC_0026,2026-06,51,29997,25484
ACC_0026,2026-07,61,34303,30581
ACC_0026,2026-08,67,41851,36697
ACC_0027,2026-03,21,51532,42241
ACC_0027,2026-04,25,47585,38054
ACC_0027,2026-05,21,50578,39502
ACC_0027,2026-06,28,54642,45239
ACC_0027,2026-07,32,59728,54287
ACC_0027,2026-08,32,83875,65144
ACC_0028,2026-03,5,6172,5387
ACC_0028,2026-04,6,6826,5804
ACC_0028,2026-05,6,7170,5726
ACC_0028,2026-06,7,7941,6408
ACC_0028,2026-07,8,8608,7689
ACC_0028,2026-08,10,10396,9227
ACC_0029,2026-03,44,48794,40368
ACC_0029,2026-04,46,41701,33395
ACC_0029,2026-05,43,47528,39477
ACC_0029,2026-06,58,55289,47055
ACC_0029,2026-07,69,64432,56466
ACC_0029,2026-08,69,85434,67759
ACC_0030,2026-03,51,8839,6955
ACC_0030,2026-04,48,8324,7207
ACC_0030,2026-05,51,9560,8084
ACC_0030,2026-06,59,11325,9012
ACC_0030,2026-07,71,12938,10814
ACC_0030,2026-08,85,15235,12977
ACC_0031,2026-03,6,5916,4744
ACC_0031,2026-04,6,5850,4682
ACC_0031,2026-05,6,5362,4736
ACC_0031,2026-06,7,6128,5362
ACC_0031,2026-07,9,7594,6435
ACC_0031,2026-08,11,9016,7722
ACC_0032,2026-03,17,33787,29925
ACC_0032,2026-04,20,37221,33448
ACC_0032,2026-05,17,33018,29812
ACC_0032,2026-06,18,47769,39066
ACC_0032,2026-07,19,44237,36275
ACC_0032,2026-08,20,45912,37386
ACC_0033,2026-03,103,265732,233314
ACC_0033,2026-04,100,288581,232785
ACC_0033,2026-05,97,286148,244165
ACC_0033,2026-06,114,342786,278461
ACC_0033,2026-07,136,432771,334153
ACC_0033,2026-08,164,448046,400984
ACC_0034,2026-03,9,7253,6027
ACC_0034,2026-04,10,5718,5115
ACC_0034,2026-05,9,8284,6457
ACC_0034,2026-06,4,3436,2938
ACC_0034,2026-07,2,1898,1469
ACC_0034,2026-08,1,847,734
ACC_0035,2026-03,8,3825,3185
ACC_0035,2026-04,9,4125,3532
ACC_0035,2026-05,8,4079,3543
ACC_0035,2026-06,9,4414,3839
ACC_0035,2026-07,9,4067,3399
ACC_0035,2026-08,8,4215,3359
ACC_0036,2026-03,11,9148,7776
ACC_0036,2026-04,12,9527,7682
ACC_0036,2026-05,12,9558,8165
ACC_0036,2026-06,13,12146,10062
ACC_0036,2026-07,15,14974,12075
ACC_0036,2026-08,15,16702,14490
ACC_0037,2026-03,27,22818,17740
ACC_0037,2026-04,26,24850,19432
ACC_0037,2026-05,25,28506,23052
ACC_0037,2026-06,13,13027,10162
ACC_0037,2026-07,6,6096,5081
ACC_0037,2026-08,3,2895,2540
ACC_0038,2026-03,99,62768,51293
ACC_0038,2026-04,98,62806,48913
ACC_0038,2026-05,109,71135,58176
ACC_0038,2026-06,111,62236,56147
ACC_0038,2026-07,105,68869,57465
ACC_0038,2026-08,115,79051,62062
ACC_0039,2026-03,4,5212,4170
ACC_0039,2026-04,3,5135,4335
ACC_0039,2026-05,4,4325,3699
ACC_0039,2026-06,5,6566,5162
ACC_0039,2026-07,6,7775,6195
ACC_0039,2026-08,7,8857,7434
ACC_0040,2026-03,130,112759,98726
ACC_0040,2026-04,127,134001,109608
ACC_0040,2026-05,119,134651,117351
ACC_0040,2026-06,124,140301,119590
ACC_0040,2026-07,125,130985,105621
ACC_0040,2026-08,122,147913,127961
ACC_0041,2026-03,31,52116,41889
ACC_0041,2026-04,32,49472,38916
ACC_0041,2026-05,28,52061,41726
ACC_0041,2026-06,30,38667,32650
ACC_0041,2026-07,27,52474,42797
ACC_0041,2026-08,30,43300,36164
ACC_0042,2026-03,8,7149,6429
ACC_0042,2026-04,9,7402,6038
ACC_0042,2026-05,8,6774,5779
ACC_0042,2026-06,4,3684,3040
ACC_0042,2026-07,2,1955,1520
ACC_0042,2026-08,1,875,760
ACC_0043,2026-03,45,29776,24500
ACC_0043,2026-04,44,31128,24021
ACC_0043,2026-05,41,27048,22501
ACC_0043,2026-06,45,26072,23369
ACC_0043,2026-07,44,30331,23489
ACC_0043,2026-08,46,31820,24749
ACC_0044,2026-03,8,3154,2786
ACC_0044,2026-04,7,3500,3022
ACC_0044,2026-05,7,3850,3336
ACC_0044,2026-06,9,4562,3837
ACC_0044,2026-07,11,5858,4604
ACC_0044,2026-08,12,6478,5525
ACC_0045,2026-03,196,108519,88055
ACC_0045,2026-04,236,97522,87385
ACC_0045,2026-05,202,80792,72606
ACC_0045,2026-06,260,126179,98907
ACC_0045,2026-07,312,143576,118689
ACC_0045,2026-08,375,157420,142427
ACC_0046,2026-03,3,4815,4312
ACC_0046,2026-04,4,4614,4027
ACC_0046,2026-05,4,4606,4094
ACC_0046,2026-06,5,6024,4998
ACC_0046,2026-07,6,6802,5998
ACC_0046,2026-08,7,7967,7197
ACC_0047,2026-03,11,3655,3026
ACC_0047,2026-04,10,3370,2605
ACC_0047,2026-05,11,2917,2392
ACC_0047,2026-06,5,1623,1324
ACC_0047,2026-07,2,812,662
ACC_0047,2026-08,1,401,331
ACC_0048,2026-03,59,17080,14705
ACC_0048,2026-04,62,16573,15038
ACC_0048,2026-05,63,20368,18069
ACC_0048,2026-06,31,9704,8385
ACC_0048,2026-07,15,5059,4192
ACC_0048,2026-08,7,2593,2096
ACC_0049,2026-03,276,223887,193242
ACC_0049,2026-04,289,197570,168184
ACC_0049,2026-05,300,236905,200946
ACC_0049,2026-06,367,268249,236833
ACC_0049,2026-07,393,354517,284200
ACC_0049,2026-08,393,401726,341040
ACC_0050,2026-03,36,13640,10826
ACC_0050,2026-04,36,13158,11399
ACC_0050,2026-05,36,12547,10875
ACC_0050,2026-06,42,14704,12926
ACC_0050,2026-07,51,17275,15512
ACC_0050,2026-08,61,20984,18614
ACC_0051,2026-03,200,184386,162090
ACC_0051,2026-04,189,163197,135210
ACC_0051,2026-05,196,158859,137679
ACC_0051,2026-06,219,191457,166984
ACC_0051,2026-07,195,182303,156031
ACC_0051,2026-08,202,221420,170377
ACC_0052,2026-03,16,24345,21560
ACC_0052,2026-04,17,23453,19405
ACC_0052,2026-05,17,25798,22433
ACC_0052,2026-06,21,28305,24063
ACC_0052,2026-07,26,31836,28876
ACC_0052,2026-08,27,44870,34651
ACC_0053,2026-03,3,10472,9188
ACC_0053,2026-04,3,8664,7026
ACC_0053,2026-05,3,9994,7734
ACC_0053,2026-06,3,8944,7181
ACC_0053,2026-07,3,9130,8120
ACC_0053,2026-08,3,8811,7518
ACC_0054,2026-03,8,3816,3276
ACC_0054,2026-04,8,3303,2939
ACC_0054,2026-05,9,2977,2686
ACC_0054,2026-06,9,3812,3127
ACC_0054,2026-07,8,3125,2762
ACC_0054,2026-08,8,4195,3262
ACC_0055,2026-03,16,32520,28903
ACC_0055,2026-04,15,38259,30420
ACC_0055,2026-05,16,34462,29015
ACC_0055,2026-06,15,32908,28088
ACC_0055,2026-07,14,35622,29758
ACC_0055,2026-08,15,30913,24942
ACC_0056,2026-03,31,16278,12782
ACC_0056,2026-04,33,16189,14301
ACC_0056,2026-05,32,16062,12709
ACC_0056,2026-06,32,15974,12727
ACC_0056,2026-07,32,17628,13809
ACC_0056,2026-08,33,15151,12378
ACC_0057,2026-03,4,9085,7541
ACC_0057,2026-04,4,9689,7925
ACC_0057,2026-05,3,9128,8135
ACC_0057,2026-06,2,4700,3902
ACC_0057,2026-07,1,2172,1951
ACC_0057,2026-08,1,1235,975
ACC_0058,2026-03,4,3657,3306
ACC_0058,2026-04,4,4218,3521
ACC_0058,2026-05,4,4151,3741
ACC_0058,2026-06,4,4279,3881
ACC_0058,2026-07,5,4902,3813
ACC_0058,2026-08,5,4429,3608
ACC_0059,2026-03,10,4800,3866
ACC_0059,2026-04,11,4146,3742
ACC_0059,2026-05,9,4882,3788
ACC_0059,2026-06,5,2599,2012
ACC_0059,2026-07,2,1126,1006
ACC_0059,2026-08,1,626,503
ACC_0060,2026-03,7,5620,4949
ACC_0060,2026-04,8,5212,4649
ACC_0060,2026-05,8,5442,4567
ACC_0060,2026-06,9,7057,5724
ACC_0060,2026-07,11,8768,6869
ACC_0060,2026-08,13,9342,8243
ACC_0061,2026-03,58,39198,32130
ACC_0061,2026-04,61,43133,35647
ACC_0061,2026-05,62,41501,35097
ACC_0061,2026-06,58,40669,34919
ACC_0061,2026-07,54,37884,32242
ACC_0061,2026-08,57,40012,34140
ACC_0062,2026-03,6,6315,5180
ACC_0062,2026-04,6,6026,5194
ACC_0062,2026-05,6,5271,4147
ACC_0062,2026-06,7,5995,5429
ACC_0062,2026-07,9,8237,6515
ACC_0062,2026-08,11,9678,7818
ACC_0063,2026-03,371,221567,198030
ACC_0063,2026-04,363,200464,173864
ACC_0063,2026-05,394,206438,179317
ACC_0063,2026-06,183,112446,96932
ACC_0063,2026-07,91,58842,48466
ACC_0063,2026-08,45,29414,24233
ACC_0064,2026-03,20,15659,12378
ACC_0064,2026-04,20,17991,14039
ACC_0064,2026-05,19,16079,12903
ACC_0064,2026-06,19,13321,11989
ACC_0064,2026-07,20,16549,13099
ACC_0064,2026-08,19,19415,15240
ACC_0065,2026-03,282,148985,121478
ACC_0065,2026-04,236,136918,117641
ACC_0065,2026-05,263,137243,110720
ACC_0065,2026-06,242,159667,122871
ACC_0065,2026-07,284,152666,125646
ACC_0065,2026-08,238,143834,114402
ACC_0066,2026-03,4,2080,1763
ACC_0066,2026-04,4,2558,2039
ACC_0066,2026-05,4,2199,1815
ACC_0066,2026-06,4,2427,2131
ACC_0066,2026-07,4,2507,2182
ACC_0066,2026-08,4,2571,2208
ACC_0067,2026-03,95,153830,131602
ACC_0067,2026-04,101,177798,156809
ACC_0067,2026-05,95,200514,159068
ACC_0067,2026-06,100,183065,142481
ACC_0067,2026-07,93,173230,153139
ACC_0067,2026-08,102,158542,127046
ACC_0068,2026-03,5,5141,4662
ACC_0068,2026-04,4,4472,3758
ACC_0068,2026-05,4,4687,3882
ACC_0068,2026-06,4,4932,4283
ACC_0068,2026-07,4,5130,4547
ACC_0068,2026-08,4,4427,3639
ACC_0069,2026-03,184,148168,128367
ACC_0069,2026-04,194,152981,137410
ACC_0069,2026-05,202,163076,127148
ACC_0069,2026-06,190,123914,106961
ACC_0069,2026-07,210,151748,117094
ACC_0069,2026-08,196,165022,128846
ACC_0070,2026-03,10,5443,4568
ACC_0070,2026-04,12,4495,3911
ACC_0070,2026-05,11,5114,4339
ACC_0070,2026-06,13,6200,5480
ACC_0070,2026-07,15,7690,6577
ACC_0070,2026-08,15,9236,7892
ACC_0071,2026-03,6,11567,9442
ACC_0071,2026-04,7,12182,9646
ACC_0071,2026-05,6,10146,8777
ACC_0071,2026-06,3,4879,4317
ACC_0071,2026-07,1,2761,2158
ACC_0071,2026-08,1,1328,1079
ACC_0072,2026-03,13,9945,8038
ACC_0072,2026-04,12,8755,7387
ACC_0072,2026-05,12,8873,7458
ACC_0072,2026-06,12,9194,7560
ACC_0072,2026-07,13,7424,6584
ACC_0072,2026-08,13,10375,8094
ACC_0073,2026-03,155,365613,284874
ACC_0073,2026-04,161,330759,256458
ACC_0073,2026-05,154,304085,238325
ACC_0073,2026-06,201,376794,302545
ACC_0073,2026-07,210,454938,363054
ACC_0073,2026-08,210,555920,435665
ACC_0074,2026-03,23,20418,16636
ACC_0074,2026-04,23,15456,13587
ACC_0074,2026-05,21,16882,13015
ACC_0074,2026-06,27,22273,18206
ACC_0074,2026-07,29,26677,21847
ACC_0074,2026-08,29,32049,26217
ACC_0075,2026-03,8,5270,4677
ACC_0075,2026-04,10,5256,4274
ACC_0075,2026-05,8,4980,4169
ACC_0075,2026-06,8,4679,3960
ACC_0075,2026-07,10,6276,4865
ACC_0075,2026-08,8,5173,4536
ACC_0076,2026-03,203,336632,280998
ACC_0076,2026-04,179,287218,249895
ACC_0076,2026-05,181,272268,218327
ACC_0076,2026-06,181,292022,238912
ACC_0076,2026-07,194,313604,260243
ACC_0076,2026-08,199,331023,274907
ACC_0077,2026-03,159,325232,269327
ACC_0077,2026-04,162,295861,251267
ACC_0077,2026-05,155,377842,332032
ACC_0077,2026-06,177,415629,349883
ACC_0077,2026-07,213,536110,419860
ACC_0077,2026-08,254,632175,503832
ACC_0078,2026-03,20,13208,10976
ACC_0078,2026-04,18,16571,13922
ACC_0078,2026-05,21,14061,11198
ACC_0078,2026-06,10,8155,6334
ACC_0078,2026-07,5,3924,3167
ACC_0078,2026-08,2,1784,1583
ACC_0079,2026-03,6,4265,3335
ACC_0079,2026-04,7,3044,2614
ACC_0079,2026-05,7,3589,3169
ACC_0079,2026-06,8,4458,3576
ACC_0079,2026-07,9,4799,4292
ACC_0079,2026-08,11,6392,5150
ACC_0080,2026-03,125,168316,137692
ACC_0080,2026-04,111,135640,122333
ACC_0080,2026-05,111,145971,114554
ACC_0080,2026-06,59,76677,60256
ACC_0080,2026-07,29,34117,30128
ACC_0080,2026-08,14,17006,15064
ACC_0081,2026-03,50,26575,21689
ACC_0081,2026-04,44,22364,19608
ACC_0081,2026-05,49,24324,20411
ACC_0081,2026-06,51,24590,22332
ACC_0081,2026-07,51,24734,20311
ACC_0081,2026-08,48,23935,21450
ACC_0082,2026-03,9,6365,5032
ACC_0082,2026-04,8,5444,4424
ACC_0082,2026-05,8,6749,5472
ACC_0082,2026-06,9,5967,4647
ACC_0082,2026-07,8,5477,4823
ACC_0082,2026-08,9,6328,5111
ACC_0083,2026-03,28,39965,31878
ACC_0083,2026-04,28,52397,41452
ACC_0083,2026-05,30,45464,40849
ACC_0083,2026-06,28,41762,32835
ACC_0083,2026-07,28,41198,36077
ACC_0083,2026-08,27,39009,32126
ACC_0084,2026-03,210,297077,256668
ACC_0084,2026-04,198,255066,211660
ACC_0084,2026-05,213,241144,214171
ACC_0084,2026-06,196,276321,225316
ACC_0084,2026-07,193,247408,202482
ACC_0084,2026-08,202,281897,256197
ACC_0085,2026-03,64,109511,89539
ACC_0085,2026-04,60,99179,84774
ACC_0085,2026-05,65,110146,89687
ACC_0085,2026-06,63,101252,90926
ACC_0085,2026-07,59,124876,99630
ACC_0085,2026-08,56,109958,93248
ACC_0086,2026-03,4,5620,4700
ACC_0086,2026-04,4,4046,3590
ACC_0086,2026-05,4,5247,4122
ACC_0086,2026-06,4,5209,4125
ACC_0086,2026-07,4,4354,3616
ACC_0086,2026-08,4,5322,4395
ACC_0087,2026-03,9,5318,4543
ACC_0087,2026-04,9,4204,3801
ACC_0087,2026-05,9,5358,4224
ACC_0087,2026-06,8,4796,3935
ACC_0087,2026-07,9,5432,4377
ACC_0087,2026-08,8,4137,3498
ACC_0088,2026-03,20,22097,18338
ACC_0088,2026-04,18,20772,18757
ACC_0088,2026-05,18,20552,17110
ACC_0088,2026-06,23,29468,23391
ACC_0088,2026-07,26,35956,28069
ACC_0088,2026-08,26,38089,33683
ACC_0089,2026-03,6,7820,6929
ACC_0089,2026-04,6,9037,7019
ACC_0089,2026-05,6,7089,5695
ACC_0089,2026-06,3,3813,3200
ACC_0089,2026-07,1,1988,1600
ACC_0089,2026-08,1,963,800
ACC_0090,2026-03,271,74562,63911
ACC_0090,2026-04,273,63477,50651
ACC_0090,2026-05,266,61658,49260
ACC_0090,2026-06,260,59846,52492
ACC_0090,2026-07,242,72832,58054
ACC_0090,2026-08,262,60620,53575
ACC_0091,2026-03,7,3167,2707
ACC_0091,2026-04,7,3287,2649
ACC_0091,2026-05,6,3054,2741
ACC_0091,2026-06,7,3358,2825
ACC_0091,2026-07,6,3633,2942
ACC_0091,2026-08,6,3047,2571
ACC_0092,2026-03,51,59890,50363
ACC_0092,2026-04,48,51567,45249
ACC_0092,2026-05,52,58091,52067
ACC_0092,2026-06,53,62407,51425
ACC_0092,2026-07,45,64424,51967
ACC_0092,2026-08,45,55221,44936
ACC_0093,2026-03,7,6654,5778
ACC_0093,2026-04,7,5998,4674
ACC_0093,2026-05,7,6668,5724
ACC_0093,2026-06,9,7422,6198
ACC_0093,2026-07,11,8279,7438
ACC_0093,2026-08,13,10020,8926
ACC_0094,2026-03,15,21737,19314
ACC_0094,2026-04,13,25831,20512
ACC_0094,2026-05,14,24624,19567
ACC_0094,2026-06,17,27114,22473
ACC_0094,2026-07,21,31826,26968
ACC_0094,2026-08,25,38272,32361
ACC_0095,2026-03,39,33165,26264
ACC_0095,2026-04,40,35533,29934
ACC_0095,2026-05,42,32065,27950
ACC_0095,2026-06,41,30982,24089
ACC_0095,2026-07,40,33471,27471
ACC_0095,2026-08,39,35451,28038
ACC_0096,2026-03,5,6859,5626
ACC_0096,2026-04,6,6210,5053
ACC_0096,2026-05,5,5501,4878
ACC_0096,2026-06,5,7239,5737
ACC_0096,2026-07,6,6650,5586
ACC_0096,2026-08,5,6558,5514
ACC_0097,2026-03,8,5985,5156
ACC_0097,2026-04,9,5830,4497
ACC_0097,2026-05,8,4430,4022
ACC_0097,2026-06,9,5014,4455
ACC_0097,2026-07,8,5331,4407
ACC_0097,2026-08,7,6152,4867
ACC_0098,2026-03,35,20542,16865
ACC_0098,2026-04,40,21629,18311
ACC_0098,2026-05,38,17844,15726
ACC_0098,2026-06,19,9709,8609
ACC_0098,2026-07,9,5212,4304
ACC_0098,2026-08,4,2730,2152
ACC_0099,2026-03,34,24866,22067
ACC_0099,2026-04,28,22329,17946
ACC_0099,2026-05,31,26737,20598
ACC_0099,2026-06,15,11725,10498
ACC_0099,2026-07,7,6448,5249
ACC_0099,2026-08,3,3104,2624
ACC_0100,2026-03,14,7612,6392
ACC_0100,2026-04,13,7951,6756
ACC_0100,2026-05,12,6636,6025
ACC_0100,2026-06,16,8873,7397
ACC_0100,2026-07,18,11062,8877
ACC_0100,2026-08,18,13234,10652
ACC_0101,2026-03,53,38504,31727
ACC_0101,2026-04,57,29340,24526
ACC_0101,2026-05,57,30866,24767
ACC_0101,2026-06,27,17989,13873
ACC_0101,2026-07,13,8994,6936
ACC_0101,2026-08,6,4355,3468
ACC_0102,2026-03,122,134706,109863
ACC_0102,2026-04,124,154572,124976
ACC_0102,2026-05,121,148909,121797
ACC_0102,2026-06,144,182817,142746
ACC_0102,2026-07,173,206754,171295
ACC_0102,2026-08,198,226553,205555
ACC_0103,2026-03,13,33266,25746
ACC_0103,2026-04,13,27347,24703
ACC_0103,2026-05,13,35299,28344
ACC_0103,2026-06,15,38377,31645
ACC_0103,2026-07,18,42237,37974
ACC_0103,2026-08,21,54438,45569
ACC_0104,2026-03,289,324021,293110
ACC_0104,2026-04,301,271025,242991
ACC_0104,2026-05,319,309790,253271
ACC_0104,2026-06,288,316656,253673
ACC_0104,2026-07,308,383435,307291
ACC_0104,2026-08,311,298451,262934
ACC_0105,2026-03,48,16214,14518
ACC_0105,2026-04,41,19472,17220
ACC_0105,2026-05,45,21936,17492
ACC_0105,2026-06,42,18367,14963
ACC_0105,2026-07,42,19063,16307
ACC_0105,2026-08,46,18424,16404
ACC_0106,2026-03,152,320072,249182
ACC_0106,2026-04,144,272989,231737
ACC_0106,2026-05,145,263087,221651
ACC_0106,2026-06,146,281437,239236
ACC_0106,2026-07,147,286174,221639
ACC_0106,2026-08,140,259566,221707
ACC_0107,2026-03,52,26503,21027
ACC_0107,2026-04,52,27604,23154
ACC_0107,2026-05,56,25717,20834
ACC_0107,2026-06,65,33986,27100
ACC_0107,2026-07,78,39153,32520
ACC_0107,2026-08,85,48217,39025
ACC_0108,2026-03,34,20565,17395
ACC_0108,2026-04,38,24689,21097
ACC_0108,2026-05,39,20473,18498
ACC_0108,2026-06,38,21119,17328
ACC_0108,2026-07,40,22307,18287
ACC_0108,2026-08,34,25395,22730
ACC_0109,2026-03,6,8928,7853
ACC_0109,2026-04,5,7551,6516
ACC_0109,2026-05,6,7479,6282
ACC_0109,2026-06,6,9635,7780
ACC_0109,2026-07,6,8960,7782
ACC_0109,2026-08,6,7472,6717
ACC_0110,2026-03,281,68424,57591
ACC_0110,2026-04,257,85462,69933
ACC_0110,2026-05,241,69778,61818
ACC_0110,2026-06,309,93226,74359
ACC_0110,2026-07,371,102051,89231
ACC_0110,2026-08,445,131562,107077
ACC_0111,2026-03,45,22416,19491
ACC_0111,2026-04,48,24122,21352
ACC_0111,2026-05,50,26581,21560
ACC_0111,2026-06,59,26409,22899
ACC_0111,2026-07,71,34073,27478
ACC_0111,2026-08,72,42237,32974
ACC_0112,2026-03,28,40523,31938
ACC_0112,2026-04,30,42704,35351
ACC_0112,2026-05,25,46751,36999
ACC_0112,2026-06,28,42754,33220
ACC_0112,2026-07,27,40524,34339
ACC_0112,2026-08,29,41421,37045
ACC_0113,2026-03,120,197226,173718
ACC_0113,2026-04,103,182751,160562
ACC_0113,2026-05,119,228214,186127
ACC_0113,2026-06,57,97464,83171
ACC_0113,2026-07,28,46449,41585
ACC_0113,2026-08,14,25502,20792
ACC_0114,2026-03,99,170925,142694
ACC_0114,2026-04,87,163211,140512
ACC_0114,2026-05,96,181744,152744
ACC_0114,2026-06,105,132837,119543
ACC_0114,2026-07,101,134592,119783
ACC_0114,2026-08,101,173736,145792
ACC_0115,2026-03,4,4864,4061
ACC_0115,2026-04,4,5209,4257
ACC_0115,2026-05,4,4370,3963
ACC_0115,2026-06,5,5377,4254
ACC_0115,2026-07,4,4966,3920
ACC_0115,2026-08,4,4665,4155
ACC_0116,2026-03,171,144293,115658
ACC_0116,2026-04,174,115168,93117
ACC_0116,2026-05,179,128577,99446
ACC_0116,2026-06,167,102968,90746
ACC_0116,2026-07,162,122576,97943
ACC_0116,2026-08,165,114399,100970
ACC_0117,2026-03,183,92976,76055
ACC_0117,2026-04,210,70489,58869
ACC_0117,2026-05,179,69588,62253
ACC_0117,2026-06,205,90959,76873
ACC_0117,2026-07,211,92278,74510
ACC_0117,2026-08,187,86451,71767
ACC_0118,2026-03,3,4262,3428
ACC_0118,2026-04,3,3694,2920
ACC_0118,2026-05,2,3938,3251
ACC_0118,2026-06,3,4551,3998
ACC_0118,2026-07,4,6224,4798
ACC_0118,2026-08,5,7458,5758
ACC_0119,2026-03,14,9927,8102
ACC_0119,2026-04,13,7961,7092
ACC_0119,2026-05,13,11585,9035
ACC_0119,2026-06,7,4911,4095
ACC_0119,2026-07,3,2317,2047
ACC_0119,2026-08,1,1314,1023
ACC_0120,2026-03,11,6498,5153
ACC_0120,2026-04,11,5841,4680
ACC_0120,2026-05,12,6153,4895
ACC_0120,2026-06,11,6136,4798
ACC_0120,2026-07,11,6494,5574
ACC_0120,2026-08,10,6654,5711
ACC_0121,2026-03,2,2987,2542
ACC_0121,2026-04,2,2714,2268
ACC_0121,2026-05,2,2627,2044
ACC_0121,2026-06,2,2492,2211
ACC_0121,2026-07,2,3081,2379
ACC_0121,2026-08,2,2516,2032
ACC_0122,2026-03,9,2449,1956
ACC_0122,2026-04,9,2129,1882
ACC_0122,2026-05,10,2917,2277
ACC_0122,2026-06,9,2334,2037
ACC_0122,2026-07,9,2567,2018
ACC_0122,2026-08,9,2371,1989
ACC_0123,2026-03,12,4923,4049
ACC_0123,2026-04,14,4957,4388
ACC_0123,2026-05,13,4712,3636
ACC_0123,2026-06,11,5307,4233
ACC_0123,2026-07,11,5154,4310
ACC_0123,2026-08,13,5573,4682
ACC_0124,2026-03,174,275467,240877
ACC_0124,2026-04,162,296898,228420
ACC_0124,2026-05,151,294851,260387
ACC_0124,2026-06,166,307896,253052
ACC_0124,2026-07,183,276434,245126
ACC_0124,2026-08,174,285951,224397
ACC_0125,2026-03,327,131006,105808
ACC_0125,2026-04,321,128690,102905
ACC_0125,2026-05,332,137654,113292
ACC_0125,2026-06,383,150111,131512
ACC_0125,2026-07,460,195205,157814
ACC_0125,2026-08,469,231814,189377
ACC_0126,2026-03,31,29751,23287
ACC_0126,2026-04,26,25987,21235
ACC_0126,2026-05,27,24201,19972
ACC_0126,2026-06,14,12317,11063
ACC_0126,2026-07,7,6868,5531
ACC_0126,2026-08,3,3154,2765
ACC_0127,2026-03,25,29373,24155
ACC_0127,2026-04,28,24336,19485
ACC_0127,2026-05,24,23530,20400
ACC_0127,2026-06,12,13189,10671
ACC_0127,2026-07,6,6164,5335
ACC_0127,2026-08,3,2967,2667
ACC_0128,2026-03,31,22739,18849
ACC_0128,2026-04,31,25354,21299
ACC_0128,2026-05,28,24782,20008
ACC_0128,2026-06,14,12321,9510
ACC_0128,2026-07,7,6070,4755
ACC_0128,2026-08,3,2704,2377
ACC_0129,2026-03,100,129057,115706
ACC_0129,2026-04,100,101529,89882
ACC_0129,2026-05,99,119618,92697
ACC_0129,2026-06,128,134826,122066
ACC_0129,2026-07,154,173330,146480
ACC_0129,2026-08,185,217343,175776
ACC_0130,2026-03,55,11529,10133
ACC_0130,2026-04,47,16349,12904
ACC_0130,2026-05,53,13675,11249
ACC_0130,2026-06,54,15384,12850
ACC_0130,2026-07,54,14442,11939
ACC_0130,2026-08,52,15446,12071
ACC_0131,2026-03,7,4337,3459
ACC_0131,2026-04,7,3450,2897
ACC_0131,2026-05,7,4243,3416
ACC_0131,2026-06,3,1752,1515
ACC_0131,2026-07,1,980,757
ACC_0131,2026-08,1,479,378
ACC_0132,2026-03,9,4919,4140
ACC_0132,2026-04,8,4582,3691
ACC_0132,2026-05,8,5229,4630
ACC_0132,2026-06,8,5583,4627
ACC_0132,2026-07,7,4465,3472
ACC_0132,2026-08,8,5904,4593
ACC_0133,2026-03,32,16892,13611
ACC_0133,2026-04,29,17312,13433
ACC_0133,2026-05,32,16550,14654
ACC_0133,2026-06,30,19118,16087
ACC_0133,2026-07,30,19626,15333
ACC_0133,2026-08,27,16908,14556
ACC_0134,2026-03,59,29476,24129
ACC_0134,2026-04,57,32230,25656
ACC_0134,2026-05,64,25830,23131
ACC_0134,2026-06,73,38788,30545
ACC_0134,2026-07,88,45284,36655
ACC_0134,2026-08,95,56809,43986
ACC_0135,2026-03,40,12643,9865
ACC_0135,2026-04,38,9895,7787
ACC_0135,2026-05,38,9688,8374
ACC_0135,2026-06,47,12226,10448
ACC_0135,2026-07,56,16241,12537
ACC_0135,2026-08,67,19180,15045
ACC_0136,2026-03,37,41945,35293
ACC_0136,2026-04,33,49500,38686
ACC_0136,2026-05,37,44699,35277
ACC_0136,2026-06,36,37532,32338
ACC_0136,2026-07,39,42579,36484
ACC_0136,2026-08,39,43708,37194
ACC_0137,2026-03,226,181288,145959
ACC_0137,2026-04,242,145469,127919
ACC_0137,2026-05,225,161694,145875
ACC_0137,2026-06,245,183361,157964
ACC_0137,2026-07,233,156941,141981
ACC_0137,2026-08,207,172161,133334
ACC_0138,2026-03,32,33993,26529
ACC_0138,2026-04,35,31574,25200
ACC_0138,2026-05,34,40858,33497
ACC_0138,2026-06,41,41293,35223
ACC_0138,2026-07,49,50556,42268
ACC_0138,2026-08,59,60217,50722
ACC_0139,2026-03,48,35241,29307
ACC_0139,2026-04,47,41348,36509
ACC_0139,2026-05,42,39919,31293
ACC_0139,2026-06,23,18643,16541
ACC_0139,2026-07,11,9367,8270
ACC_0139,2026-08,5,4773,4135
ACC_0140,2026-03,2,8992,7324
ACC_0140,2026-04,2,8695,7095
ACC_0140,2026-05,3,9117,8044
ACC_0140,2026-06,3,10917,9375
ACC_0140,2026-07,4,13086,11250
ACC_0140,2026-08,5,17131,13500
ACC_0141,2026-03,56,98624,84271
ACC_0141,2026-04,53,85940,74325
ACC_0141,2026-05,61,104284,81207
ACC_0141,2026-06,28,47234,41704
ACC_0141,2026-07,14,23845,20852
ACC_0141,2026-08,7,12518,10426
ACC_0142,2026-03,14,6018,4742
ACC_0142,2026-04,14,5582,4429
ACC_0142,2026-05,13,5275,4696
ACC_0142,2026-06,12,4176,3571
ACC_0142,2026-07,14,4424,3723
ACC_0142,2026-08,14,5440,4204
ACC_0143,2026-03,45,12296,9672
ACC_0143,2026-04,39,10896,9685
ACC_0143,2026-05,39,11412,9217
ACC_0143,2026-06,44,11563,9214
ACC_0143,2026-07,44,10208,9102
ACC_0143,2026-08,44,11777,10593
ACC_0144,2026-03,50,11583,10349
ACC_0144,2026-04,48,15221,12502
ACC_0144,2026-05,49,14102,12753
ACC_0144,2026-06,48,15053,13028
ACC_0144,2026-07,53,14736,11594
ACC_0144,2026-08,55,15063,12543
ACC_0145,2026-03,7,2941,2584
ACC_0145,2026-04,8,3821,3165
ACC_0145,2026-05,9,2838,2484
ACC_0145,2026-06,8,3519,3000
ACC_0145,2026-07,8,3581,2773
ACC_0145,2026-08,8,3176,2701
ACC_0146,2026-03,10,4524,3792
ACC_0146,2026-04,9,4700,4010
ACC_0146,2026-05,9,4781,4283
ACC_0146,2026-06,9,4619,3877
ACC_0146,2026-07,10,5378,4241
ACC_0146,2026-08,9,5063,3904
ACC_0147,2026-03,61,199264,161240
ACC_0147,2026-04,53,223759,186726
ACC_0147,2026-05,52,196341,159406
ACC_0147,2026-06,69,217714,194910
ACC_0147,2026-07,82,263987,233892
ACC_0147,2026-08,99,331225,280670
ACC_0148,2026-03,3,5383,4723
ACC_0148,2026-04,3,6414,5432
ACC_0148,2026-05,3,5774,4813
ACC_0148,2026-06,3,6479,5317
ACC_0148,2026-07,3,6918,5369
ACC_0148,2026-08,3,6669,5170
ACC_0149,2026-03,20,21714,18128
ACC_0149,2026-04,20,25612,23159
ACC_0149,2026-05,22,26956,22471
ACC_0149,2026-06,25,27118,24534
ACC_0149,2026-07,30,33439,29441
ACC_0149,2026-08,35,43134,35330
ACC_0150,2026-03,98,175746,140561
ACC_0150,2026-04,112,199747,175158
ACC_0150,2026-05,110,185002,160546
ACC_0150,2026-06,53,94091,80508
ACC_0150,2026-07,26,51200,40254
ACC_0150,2026-08,13,24340,20127
ACC_0151,2026-03,355,388964,306133
ACC_0151,2026-04,380,303736,267521
ACC_0151,2026-05,396,430114,336832
ACC_0151,2026-06,358,353770,304321
ACC_0151,2026-07,376,407097,335399
ACC_0151,2026-08,383,381445,315798
ACC_0152,2026-03,20,43113,35960
ACC_0152,2026-04,21,45038,38476
ACC_0152,2026-05,21,38884,35170
ACC_0152,2026-06,24,49469,44606
ACC_0152,2026-07,28,67839,53527
ACC_0152,2026-08,34,75138,64233
ACC_0153,2026-03,308,207380,159721
ACC_0153,2026-04,310,162582,141518
ACC_0153,2026-05,298,172058,154038
ACC_0153,2026-06,327,203589,181308
ACC_0153,2026-07,294,182867,165121
ACC_0153,2026-08,325,191802,159443
ACC_0154,2026-03,3,11451,9741
ACC_0154,2026-04,3,10960,8687
ACC_0154,2026-05,3,10444,8948
ACC_0154,2026-06,4,12248,10202
ACC_0154,2026-07,5,15340,12243
ACC_0154,2026-08,6,17157,14691
ACC_0155,2026-03,4,6547,5207
ACC_0155,2026-04,4,5516,4766
ACC_0155,2026-05,3,6395,5418
ACC_0155,2026-06,2,2699,2357
ACC_0155,2026-07,1,1470,1178
ACC_0155,2026-08,1,658,589
ACC_0156,2026-03,3,5233,4415
ACC_0156,2026-04,3,4830,3819
ACC_0156,2026-05,3,5068,4112
ACC_0156,2026-06,3,4902,4262
ACC_0156,2026-07,3,5563,4600
ACC_0156,2026-08,4,5465,4542
ACC_0157,2026-03,199,67136,56254
ACC_0157,2026-04,198,64761,52958
ACC_0157,2026-05,192,62359,51400
ACC_0157,2026-06,187,61918,52793
ACC_0157,2026-07,170,58072,46944
ACC_0157,2026-08,175,59847,51427
ACC_0158,2026-03,13,32154,28402
ACC_0158,2026-04,14,32065,27939
ACC_0158,2026-05,13,32797,26042
ACC_0158,2026-06,13,39217,30208
ACC_0158,2026-07,14,38811,34033
ACC_0158,2026-08,13,32775,26055
ACC_0159,2026-03,47,31141,26013
ACC_0159,2026-04,40,28253,25299
ACC_0159,2026-05,45,32452,25351
ACC_0159,2026-06,22,13488,11417
ACC_0159,2026-07,11,6693,5708
ACC_0159,2026-08,5,3514,2854
ACC_0160,2026-03,10,5605,4617
ACC_0160,2026-04,10,5477,4443
ACC_0160,2026-05,10,6541,5428
ACC_0160,2026-06,10,5364,4397
ACC_0160,2026-07,10,5994,4733
ACC_0160,2026-08,10,6835,5474
ACC_0161,2026-03,109,159691,135140
ACC_0161,2026-04,124,151601,125634
ACC_0161,2026-05,121,154908,128114
ACC_0161,2026-06,139,207843,173932
ACC_0161,2026-07,167,239874,208719
ACC_0161,2026-08,201,289420,250462
ACC_0162,2026-03,44,48123,37208
ACC_0162,2026-04,42,59036,47902
ACC_0162,2026-05,45,57776,45936
ACC_0162,2026-06,39,51281,44138
ACC_0162,2026-07,45,52597,41663
ACC_0162,2026-08,38,61330,48234
ACC_0163,2026-03,27,32242,27791
ACC_0163,2026-04,27,30837,26596
ACC_0163,2026-05,26,26341,22177
ACC_0163,2026-06,29,34476,29633
ACC_0163,2026-07,35,44892,35560
ACC_0163,2026-08,43,52439,42672
ACC_0164,2026-03,27,28582,22914
ACC_0164,2026-04,28,25842,21818
ACC_0164,2026-05,28,22887,20217
ACC_0164,2026-06,25,23663,19983
ACC_0164,2026-07,27,27152,23300
ACC_0164,2026-08,27,30431,24776
ACC_0165,2026-03,267,218943,178633
ACC_0165,2026-04,278,182231,161044
ACC_0165,2026-05,289,265964,210062
ACC_0165,2026-06,304,251494,203285
ACC_0165,2026-07,305,208219,174144
ACC_0165,2026-08,302,211488,170901
ACC_0166,2026-03,43,13970,10955
ACC_0166,2026-04,48,15464,13507
ACC_0166,2026-05,48,16779,13648
ACC_0166,2026-06,22,7419,6055
ACC_0166,2026-07,11,3878,3027
ACC_0166,2026-08,5,1959,1513
ACC_0167,2026-03,24,34241,28065
ACC_0167,2026-04,25,34961,30830
ACC_0167,2026-05,27,27904,23154
ACC_0167,2026-06,28,38707,30588
ACC_0167,2026-07,27,28361,24865
ACC_0167,2026-08,29,34198,29654
ACC_0168,2026-03,125,213957,169161
ACC_0168,2026-04,139,190527,167707
ACC_0168,2026-05,141,205677,158797
ACC_0168,2026-06,160,254576,221931
ACC_0168,2026-07,192,316969,266317
ACC_0168,2026-08,231,367410,319581
ACC_0169,2026-03,3,5881,4986
ACC_0169,2026-04,2,4989,4212
ACC_0169,2026-05,3,4610,3806
ACC_0169,2026-06,3,5816,5238
ACC_0169,2026-07,4,8085,6286
ACC_0169,2026-08,5,9007,7543
ACC_0170,2026-03,80,60579,48477
ACC_0170,2026-04,66,53374,43609
ACC_0170,2026-05,70,53543,45601
ACC_0170,2026-06,36,30456,23544
ACC_0170,2026-07,18,14266,11772
ACC_0170,2026-08,9,7157,5886
ACC_0171,2026-03,37,27175,24309
ACC_0171,2026-04,40,27707,24050
ACC_0171,2026-05,37,33675,28067
ACC_0171,2026-06,19,15888,12272
ACC_0171,2026-07,9,7094,6136
ACC_0171,2026-08,4,3596,3068
ACC_0172,2026-03,25,37621,32636
ACC_0172,2026-04,24,39344,33827
ACC_0172,2026-05,27,36909,32656
ACC_0172,2026-06,30,46140,36314
ACC_0172,2026-07,36,53664,43577
ACC_0172,2026-08,43,65870,52293
ACC_0173,2026-03,42,15962,14092
ACC_0173,2026-04,44,16091,12581
ACC_0173,2026-05,45,18129,13970
ACC_0173,2026-06,45,15758,14039
ACC_0173,2026-07,47,14879,12718
ACC_0173,2026-08,42,16848,13298
ACC_0174,2026-03,163,231074,209910
ACC_0174,2026-04,182,212034,165125
ACC_0174,2026-05,164,204216,182522
ACC_0174,2026-06,86,106446,91313
ACC_0174,2026-07,43,52817,45656
ACC_0174,2026-08,21,29591,22828
ACC_0175,2026-03,40,44097,38998
ACC_0175,2026-04,33,47960,38932
ACC_0175,2026-05,36,49063,40254
ACC_0175,2026-06,33,49752,40409
ACC_0175,2026-07,40,41822,33557
ACC_0175,2026-08,38,48890,40278
ACC_0176,2026-03,37,29641,23737
ACC_0176,2026-04,39,25118,22457
ACC_0176,2026-05,37,25195,20089
ACC_0176,2026-06,38,21296,18654
ACC_0176,2026-07,38,26002,21150
ACC_0176,2026-08,43,22646,19528
ACC_0177,2026-03,11,5621,4797
ACC_0177,2026-04,9,5092,4467
ACC_0177,2026-05,10,5187,4496
ACC_0177,2026-06,12,6811,5583
ACC_0177,2026-07,14,7489,6699
ACC_0177,2026-08,15,9522,8039
ACC_0178,2026-03,124,95617,81840
ACC_0178,2026-04,124,107732,87074
ACC_0178,2026-05,117,116210,94795
ACC_0178,2026-06,62,57191,47464
ACC_0178,2026-07,31,27484,23732
ACC_0178,2026-08,15,14090,11866
ACC_0179,2026-03,30,50599,44010
ACC_0179,2026-04,28,57817,47775
ACC_0179,2026-05,31,56501,47001
ACC_0179,2026-06,34,66432,56175
ACC_0179,2026-07,41,80416,67411
ACC_0179,2026-08,50,100635,80893
ACC_0180,2026-03,139,87041,69739
ACC_0180,2026-04,131,112373,88582
ACC_0180,2026-05,120,98684,79528
ACC_0180,2026-06,66,47429,40789
ACC_0180,2026-07,33,25386,20394
ACC_0180,2026-08,16,12761,10197
ACC_0181,2026-03,11,4074,3582
ACC_0181,2026-04,9,4226,3462
ACC_0181,2026-05,11,3429,2842
ACC_0181,2026-06,12,4259,3868
ACC_0181,2026-07,14,5213,4641
ACC_0181,2026-08,16,6318,5570
ACC_0182,2026-03,225,102726,82499
ACC_0182,2026-04,209,102867,84087
ACC_0182,2026-05,226,108121,87546
ACC_0182,2026-06,262,116308,92240
ACC_0182,2026-07,314,123696,110688
ACC_0182,2026-08,374,149696,132825
ACC_0183,2026-03,6,2738,2398
ACC_0183,2026-04,6,2685,2262
ACC_0183,2026-05,6,2678,2353
ACC_0183,2026-06,5,2558,2141
ACC_0183,2026-07,5,2202,1948
ACC_0183,2026-08,6,2945,2466
ACC_0184,2026-03,3,6694,6030
ACC_0184,2026-04,2,7077,5696
ACC_0184,2026-05,3,7551,6054
ACC_0184,2026-06,3,8018,6577
ACC_0184,2026-07,4,9557,7893
ACC_0184,2026-08,5,10970,9472
ACC_0185,2026-03,45,30978,24183
ACC_0185,2026-04,46,21874,19669
ACC_0185,2026-05,38,26489,21880
ACC_0185,2026-06,51,29609,25668
ACC_0185,2026-07,62,37874,30801
ACC_0185,2026-08,74,47231,36962
ACC_0186,2026-03,47,21710,19662
ACC_0186,2026-04,46,19691,16848
ACC_0186,2026-05,46,21792,17001
ACC_0186,2026-06,47,24266,19130
ACC_0186,2026-07,50,19127,16508
ACC_0186,2026-08,51,26753,21122
ACC_0187,2026-03,23,42962,37149
ACC_0187,2026-04,22,42370,37635
ACC_0187,2026-05,20,41419,36976
ACC_0187,2026-06,10,21201,17919
ACC_0187,2026-07,5,11635,8959
ACC_0187,2026-08,2,5198,4479
ACC_0188,2026-03,5,5971,4834
ACC_0188,2026-04,5,6928,5770
ACC_0188,2026-05,5,5563,4955
ACC_0188,2026-06,5,6351,5305
ACC_0188,2026-07,6,7088,5653
ACC_0188,2026-08,5,6776,5297
ACC_0189,2026-03,8,5826,4594
ACC_0189,2026-04,7,5015,4104
ACC_0189,2026-05,8,6676,5279
ACC_0189,2026-06,7,5030,4103
ACC_0189,2026-07,8,5914,5228
ACC_0189,2026-08,7,5491,4572
ACC_0190,2026-03,199,191144,167615
ACC_0190,2026-04,205,224949,204255
ACC_0190,2026-05,200,217001,187498
ACC_0190,2026-06,175,218433,175725
ACC_0190,2026-07,184,225600,196330
ACC_0190,2026-08,196,239759,190672
ACC_0191,2026-03,55,28620,22527
ACC_0191,2026-04,59,24179,21863
ACC_0191,2026-05,52,24538,19456
ACC_0191,2026-06,61,23222,19968
ACC_0191,2026-07,61,22815,20512
ACC_0191,2026-08,59,29362,23905
ACC_0192,2026-03,50,57083,44096
ACC_0192,2026-04,46,54832,44214
ACC_0192,2026-05,51,49139,42262
ACC_0192,2026-06,45,55702,43516
ACC_0192,2026-07,48,41835,35430
ACC_0192,2026-08,48,54183,44236
ACC_0193,2026-03,343,110224,96734
ACC_0193,2026-04,312,100066,85754
ACC_0193,2026-05,339,120125,106759
ACC_0193,2026-06,390,155163,119505
ACC_0193,2026-07,468,165889,143406
ACC_0193,2026-08,479,192490,172087
ACC_0194,2026-03,7,4124,3275
ACC_0194,2026-04,8,4415,3519
ACC_0194,2026-05,8,4906,4373
ACC_0194,2026-06,3,2120,1907
ACC_0194,2026-07,1,1119,953
ACC_0194,2026-08,1,583,476
ACC_0195,2026-03,3,5450,4488
ACC_0195,2026-04,2,4976,4338
ACC_0195,2026-05,3,5803,4669
ACC_0195,2026-06,1,2934,2279
ACC_0195,2026-07,1,1404,1139
ACC_0195,2026-08,1,722,569
ACC_0196,2026-03,55,27620,22374
ACC_0196,2026-04,54,24305,21144
ACC_0196,2026-05,50,27237,21539
ACC_0196,2026-06,50,22964,18485
ACC_0196,2026-07,55,20449,18383
ACC_0196,2026-08,56,24819,20870
ACC_0197,2026-03,9,6132,4812
ACC_0197,2026-04,9,6006,4623
ACC_0197,2026-05,9,6279,5038
ACC_0197,2026-06,4,2627,2220
ACC_0197,2026-07,2,1257,1110
ACC_0197,2026-08,1,666,555
ACC_0198,2026-03,8,4091,3641
ACC_0198,2026-04,7,4068,3257
ACC_0198,2026-05,8,4069,3154
ACC_0198,2026-06,9,4806,3939
ACC_0198,2026-07,11,5586,4727
ACC_0198,2026-08,12,6377,5673
ACC_0199,2026-03,81,155359,133855
ACC_0199,2026-04,83,143153,126861
ACC_0199,2026-05,85,128998,100871
ACC_0199,2026-06,42,74539,58334
ACC_0199,2026-07,21,33341,29167
ACC_0199,2026-08,10,18430,14583
ACC_0200,2026-03,3,5012,4190
ACC_0200,2026-04,3,5585,4784
ACC_0200,2026-05,3,6764,5340
ACC_0200,2026-06,4,6561,5824
ACC_0200,2026-07,5,7881,6989
ACC_0200,2026-08,6,10293,8387
ACC_0201,2026-03,6,3876,3165
ACC_0201,2026-04,6,4463,3487
ACC_0201,2026-05,6,3847,3118
ACC_0201,2026-06,8,5147,4331
ACC_0201,2026-07,9,6006,5198
ACC_0201,2026-08,10,6972,6238
ACC_0202,2026-03,179,224859,185496
ACC_0202,2026-04,156,202354,177740
ACC_0202,2026-05,173,198411,178657
ACC_0202,2026-06,171,189264,158358
ACC_0202,2026-07,182,199184,154738
ACC_0202,2026-08,158,187886,149430
ACC_0203,2026-03,190,313440,259748
ACC_0203,2026-04,180,365041,304634
ACC_0203,2026-05,203,320919,282474
ACC_0203,2026-06,169,351985,299205
ACC_0203,2026-07,172,410152,339430
ACC_0203,2026-08,179,336574,268473
ACC_0204,2026-03,184,200202,171839
ACC_0204,2026-04,178,169782,144129
ACC_0204,2026-05,189,188458,161789
ACC_0204,2026-06,192,205129,182468
ACC_0204,2026-07,185,217514,178700
ACC_0204,2026-08,196,210346,178713
ACC_0205,2026-03,62,134173,121338
ACC_0205,2026-04,63,173113,156845
ACC_0205,2026-05,62,160353,143134
ACC_0205,2026-06,64,164121,145871
ACC_0205,2026-07,62,174225,137266
ACC_0205,2026-08,61,170814,151368
ACC_0206,2026-03,160,78210,65704
ACC_0206,2026-04,146,73248,57864
ACC_0206,2026-05,156,73450,66767
ACC_0206,2026-06,177,70945,58172
ACC_0206,2026-07,174,65982,56382
ACC_0206,2026-08,167,72098,59979
ACC_0207,2026-03,167,227715,183688
ACC_0207,2026-04,195,290646,223615
ACC_0207,2026-05,197,229744,191300
ACC_0207,2026-06,194,301126,233598
ACC_0207,2026-07,188,297490,239612
ACC_0207,2026-08,175,255766,219669
ACC_0208,2026-03,49,15884,12922
ACC_0208,2026-04,49,15532,12132
ACC_0208,2026-05,56,15220,11900
ACC_0208,2026-06,57,15917,13181
ACC_0208,2026-07,58,14239,12765
ACC_0208,2026-08,49,16584,13436
ACC_0209,2026-03,250,225505,198607
ACC_0209,2026-04,247,242049,219708
ACC_0209,2026-05,233,278914,234596
ACC_0209,2026-06,221,205299,177560
ACC_0209,2026-07,254,222031,198598
ACC_0209,2026-08,240,242739,195197
ACC_0210,2026-03,232,368106,296666
ACC_0210,2026-04,262,328551,253345
ACC_0210,2026-05,263,303430,262604
ACC_0210,2026-06,256,305088,267914
ACC_0210,2026-07,268,381632,312661
ACC_0210,2026-08,239,381214,305168
ACC_0211,2026-03,30,31232,24858
ACC_0211,2026-04,30,33765,26006
ACC_0211,2026-05,34,28685,24931
ACC_0211,2026-06,33,31347,24346
ACC_0211,2026-07,33,31056,27969
ACC_0211,2026-08,35,31420,24188
ACC_0212,2026-03,69,104207,93991
ACC_0212,2026-04,72,103719,80799
ACC_0212,2026-05,69,104112,88353
ACC_0212,2026-06,34,54558,46753
ACC_0212,2026-07,17,29828,23376
ACC_0212,2026-08,8,14744,11688
ACC_0213,2026-03,256,123552,109059
ACC_0213,2026-04,269,136961,122359
ACC_0213,2026-05,278,156942,128799
ACC_0213,2026-06,287,128856,112041
ACC_0213,2026-07,258,126918,108648
ACC_0213,2026-08,255,141008,112016
ACC_0214,2026-03,88,233904,192389
ACC_0214,2026-04,77,178151,160980
ACC_0214,2026-05,81,227895,204757
ACC_0214,2026-06,78,248051,208730
ACC_0214,2026-07,81,214210,192435
ACC_0214,2026-08,87,218715,188713
ACC_0215,2026-03,34,21055,16744
ACC_0215,2026-04,35,17751,14882
ACC_0215,2026-05,34,17517,15637
ACC_0215,2026-06,41,22281,18112
ACC_0215,2026-07,50,26844,21734
ACC_0215,2026-08,60,28824,26081
ACC_0216,2026-03,10,5236,4297
ACC_0216,2026-04,12,5096,4529
ACC_0216,2026-05,12,4622,3864
ACC_0216,2026-06,6,2471,2019
ACC_0216,2026-07,3,1147,1009
ACC_0216,2026-08,1,568,504
ACC_0217,2026-03,119,257769,206071
ACC_0217,2026-04,116,253557,202022
ACC_0217,2026-05,112,199476,170700
ACC_0217,2026-06,118,187911,154369
ACC_0217,2026-07,125,188676,157044
ACC_0217,2026-08,129,237571,200582
ACC_0218,2026-03,20,18368,16143
ACC_0218,2026-04,21,23405,19611
ACC_0218,2026-05,22,24873,20502
ACC_0218,2026-06,20,20317,17429
ACC_0218,2026-07,19,26457,20636
ACC_0218,2026-08,21,25635,20880
ACC_0219,2026-03,8,6401,5069
ACC_0219,2026-04,8,5329,4516
ACC_0219,2026-05,8,4404,3997
ACC_0219,2026-06,7,5380,4768
ACC_0219,2026-07,8,6253,4876
ACC_0219,2026-08,7,6109,5360
ACC_0220,2026-03,2,11291,9325
ACC_0220,2026-04,2,10642,8389
ACC_0220,2026-05,2,10363,8388
ACC_0220,2026-06,1,5757,4897
ACC_0220,2026-07,1,3078,2448
ACC_0220,2026-08,1,1373,1224
ACC_0221,2026-03,7,7500,5822
ACC_0221,2026-04,8,8146,6383
ACC_0221,2026-05,7,5452,4830
ACC_0221,2026-06,7,6881,6045
ACC_0221,2026-07,7,6519,5344
ACC_0221,2026-08,8,5688,5128
ACC_0222,2026-03,22,16430,13403
ACC_0222,2026-04,22,15474,12878
ACC_0222,2026-05,24,18003,14455
ACC_0222,2026-06,25,19285,15769
ACC_0222,2026-07,22,17891,14016
ACC_0222,2026-08,24,16799,13956
ACC_0223,2026-03,4,7554,6301
ACC_0223,2026-04,4,7374,5742
ACC_0223,2026-05,4,5828,5095
ACC_0223,2026-06,4,7738,6563
ACC_0223,2026-07,4,8023,6608
ACC_0223,2026-08,5,6890,5694
ACC_0224,2026-03,324,103609,93491
ACC_0224,2026-04,324,115133,96732
ACC_0224,2026-05,319,117170,97682
ACC_0224,2026-06,309,103648,87221
ACC_0224,2026-07,308,113668,88783
ACC_0224,2026-08,310,123085,101780
ACC_0225,2026-03,34,32323,29182
ACC_0225,2026-04,34,35488,30440
ACC_0225,2026-05,35,45335,36658
ACC_0225,2026-06,35,46205,35554
ACC_0225,2026-07,40,44956,36024
ACC_0225,2026-08,40,33114,28550
ACC_0226,2026-03,31,34488,28015
ACC_0226,2026-04,31,34388,27462
ACC_0226,2026-05,29,30372,26517
ACC_0226,2026-06,16,17096,13679
ACC_0226,2026-07,8,8171,6839
ACC_0226,2026-08,4,4113,3419
ACC_0227,2026-03,5,4956,4357
ACC_0227,2026-04,5,5583,4890
ACC_0227,2026-05,4,5517,4696
ACC_0227,2026-06,5,6732,5539
ACC_0227,2026-07,6,7481,6646
ACC_0227,2026-08,7,10278,7976
ACC_0228,2026-03,138,62111,52408
ACC_0228,2026-04,149,76284,61614
ACC_0228,2026-05,136,71113,58601
ACC_0228,2026-06,128,65974,50928
ACC_0228,2026-07,156,73421,58279
ACC_0228,2026-08,153,68778,58377
ACC_0229,2026-03,46,26910,23990
ACC_0229,2026-04,46,33354,26080
ACC_0229,2026-05,42,28234,23323
ACC_0229,2026-06,55,35137,31758
ACC_0229,2026-07,66,47171,38109
ACC_0229,2026-08,79,54773,45731
ACC_0230,2026-03,8,9701,8376
ACC_0230,2026-04,9,10635,9061
ACC_0230,2026-05,8,11164,8709
ACC_0230,2026-06,8,11860,10535
ACC_0230,2026-07,8,11608,9856
ACC_0230,2026-08,9,10673,8377
ACC_0231,2026-03,51,54267,42139
ACC_0231,2026-04,53,50589,40898
ACC_0231,2026-05,49,39304,34828
ACC_0231,2026-06,26,22737,20433
ACC_0231,2026-07,13,12053,10216
ACC_0231,2026-08,6,6443,5108
ACC_0232,2026-03,46,26910,21572
ACC_0232,2026-04,45,27995,23501
ACC_0232,2026-05,49,26006,22429
ACC_0232,2026-06,23,12892,10545
ACC_0232,2026-07,11,6653,5272
ACC_0232,2026-08,5,2991,2636
ACC_0233,2026-03,138,144727,117491
ACC_0233,2026-04,145,132570,106935
ACC_0233,2026-05,127,153645,135779
ACC_0233,2026-06,150,151798,123080
ACC_0233,2026-07,127,166423,129973
ACC_0233,2026-08,151,148359,118463
ACC_0234,2026-03,59,27547,23642
ACC_0234,2026-04,64,24346,20268
ACC_0234,2026-05,64,23649,19089
ACC_0234,2026-06,67,26371,21111
ACC_0234,2026-07,69,23379,21213
ACC_0234,2026-08,59,28705,24631
ACC_0235,2026-03,260,70022,54281
ACC_0235,2026-04,239,81787,64485
ACC_0235,2026-05,240,56368,50324
ACC_0235,2026-06,309,81807,70595
ACC_0235,2026-07,371,102245,84715
ACC_0235,2026-08,434,119770,101658
ACC_0236,2026-03,9,2255,1986
ACC_0236,2026-04,10,2727,2261
ACC_0236,2026-05,9,2144,1748
ACC_0236,2026-06,10,2613,2121
ACC_0236,2026-07,9,2541,2138
ACC_0236,2026-08,10,2055,1749
ACC_0237,2026-03,244,50508,42647
ACC_0237,2026-04,282,52629,46230
ACC_0237,2026-05,266,56840,44530
ACC_0237,2026-06,272,60559,53423
ACC_0237,2026-07,240,53132,47375
ACC_0237,2026-08,248,56337,49510
ACC_0238,2026-03,30,11761,10490
ACC_0238,2026-04,29,11995,9746
ACC_0238,2026-05,27,11924,10423
ACC_0238,2026-06,31,13041,10648
ACC_0238,2026-07,28,15043,12725
ACC_0238,2026-08,32,14803,11404
ACC_0239,2026-03,48,27046,22965
ACC_0239,2026-04,54,26920,23896
ACC_0239,2026-05,46,29492,23832
ACC_0239,2026-06,54,25833,23200
ACC_0239,2026-07,45,29541,24829
ACC_0239,2026-08,50,28456,23700
ACC_0240,2026-03,7,8831,7079
ACC_0240,2026-04,7,8651,7780
ACC_0240,2026-05,7,7971,7052
ACC_0240,2026-06,6,8310,6469
ACC_0240,2026-07,7,10625,8515
ACC_0240,2026-08,7,8613,7010
ACC_0241,2026-03,293,356151,322385
ACC_0241,2026-04,304,375321,326807
ACC_0241,2026-05,286,476214,386224
ACC_0241,2026-06,270,452256,363579
ACC_0241,2026-07,290,386547,331992
ACC_0241,2026-08,281,373554,293220
ACC_0242,2026-03,6,3612,3211
ACC_0242,2026-04,5,3624,2879
ACC_0242,2026-05,5,3370,2844
ACC_0242,2026-06,5,2908,2552
ACC_0242,2026-07,5,3398,2928
ACC_0242,2026-08,5,3689,3236
ACC_0243,2026-03,21,50817,42766
ACC_0243,2026-04,21,63664,50848
ACC_0243,2026-05,22,57057,51684
ACC_0243,2026-06,25,67049,57001
ACC_0243,2026-07,31,86924,68401
ACC_0243,2026-08,37,102747,82082
ACC_0244,2026-03,5,4898,4107
ACC_0244,2026-04,5,5207,4264
ACC_0244,2026-05,4,4712,3947
ACC_0244,2026-06,2,2505,2215
ACC_0244,2026-07,1,1259,1107
ACC_0244,2026-08,1,609,553
ACC_0245,2026-03,15,20676,17603
ACC_0245,2026-04,14,19577,16078
ACC_0245,2026-05,14,17069,13291
ACC_0245,2026-06,7,9076,7712
ACC_0245,2026-07,3,4677,3856
ACC_0245,2026-08,1,2195,1928
ACC_0246,2026-03,54,32145,25886
ACC_0246,2026-04,53,28950,26045
ACC_0246,2026-05,50,30457,26500
ACC_0246,2026-06,62,38904,32541
ACC_0246,2026-07,66,50151,39050
ACC_0246,2026-08,66,54933,46860
ACC_0247,2026-03,11,9715,7859
ACC_0247,2026-04,11,10592,8209
ACC_0247,2026-05,13,8528,6800
ACC_0247,2026-06,12,10569,8961
ACC_0247,2026-07,12,10740,8923
ACC_0247,2026-08,11,9850,7781
ACC_0248,2026-03,6,4276,3513
ACC_0248,2026-04,7,4350,3386
ACC_0248,2026-05,7,3375,2779
ACC_0248,2026-06,3,1982,1574
ACC_0248,2026-07,1,993,787
ACC_0248,2026-08,1,453,393
ACC_0249,2026-03,334,150427,119077
ACC_0249,2026-04,312,112139,90489
ACC_0249,2026-05,349,135523,108714
ACC_0249,2026-06,324,124068,99990
ACC_0249,2026-07,326,121212,93985
ACC_0249,2026-08,343,129286,113696
ACC_0250,2026-03,7,11423,8964
ACC_0250,2026-04,8,9872,8800
ACC_0250,2026-05,8,7644,6843
ACC_0250,2026-06,7,7526,6806
ACC_0250,2026-07,7,9760,7795
ACC_0250,2026-08,7,9398,7280
ACC_0251,2026-03,20,43359,33421
ACC_0251,2026-04,24,43750,36622
ACC_0251,2026-05,22,37259,31733
ACC_0251,2026-06,25,47094,37277
ACC_0251,2026-07,25,40002,34025
ACC_0251,2026-08,21,36169,31019
ACC_0252,2026-03,35,27826,21655
ACC_0252,2026-04,32,21045,17449
ACC_0252,2026-05,39,24326,21159
ACC_0252,2026-06,35,26465,20774
ACC_0252,2026-07,36,22696,20621
ACC_0252,2026-08,37,25947,22283
ACC_0253,2026-03,75,32906,28696
ACC_0253,2026-04,71,36751,29196
ACC_0253,2026-05,69,39718,30830
ACC_0253,2026-06,35,16278,13620
ACC_0253,2026-07,17,8387,6810
ACC_0253,2026-08,8,4221,3405
ACC_0254,2026-03,149,152410,126586
ACC_0254,2026-04,161,188468,156936
ACC_0254,2026-05,147,179128,154385
ACC_0254,2026-06,164,183383,143835
ACC_0254,2026-07,148,156651,139477
ACC_0254,2026-08,164,149350,130742
ACC_0255,2026-03,32,24753,21242
ACC_0255,2026-04,35,21866,17580
ACC_0255,2026-05,37,26371,21369
ACC_0255,2026-06,37,26014,21207
ACC_0255,2026-07,36,23901,20489
ACC_0255,2026-08,34,24730,19249
ACC_0256,2026-03,194,227910,193747
ACC_0256,2026-04,192,234283,184297
ACC_0256,2026-05,198,186363,165931
ACC_0256,2026-06,171,197994,158635
ACC_0256,2026-07,203,218146,194215
ACC_0256,2026-08,181,258312,200116
ACC_0257,2026-03,11,45659,38540
ACC_0257,2026-04,12,55894,43437
ACC_0257,2026-05,11,50963,41837
ACC_0257,2026-06,11,43203,34006
ACC_0257,2026-07,11,50617,43660
ACC_0257,2026-08,11,47473,42031
ACC_0258,2026-03,10,41822,34287
ACC_0258,2026-04,9,41696,37074
ACC_0258,2026-05,11,41037,34322
ACC_0258,2026-06,5,20453,16159
ACC_0258,2026-07,2,9686,8079
ACC_0258,2026-08,1,5011,4039
ACC_0259,2026-03,7,8175,6439
ACC_0259,2026-04,9,6919,5548
ACC_0259,2026-05,9,8323,6547
ACC_0259,2026-06,10,9037,7256
ACC_0259,2026-07,12,10098,8707
ACC_0259,2026-08,14,13195,10448
ACC_0260,2026-03,37,43814,33754
ACC_0260,2026-04,41,37367,30996
ACC_0260,2026-05,37,38648,33931
ACC_0260,2026-06,41,34936,31022
ACC_0260,2026-07,40,41381,32816
ACC_0260,2026-08,41,40580,34058
ACC_0261,2026-03,23,37272,32639
ACC_0261,2026-04,25,32602,26501
ACC_0261,2026-05,23,36165,32279
ACC_0261,2026-06,25,37961,32299
ACC_0261,2026-07,26,34840,30733
ACC_0261,2026-08,21,33334,27900
ACC_0262,2026-03,52,146827,129969
ACC_0262,2026-04,56,137612,122457
ACC_0262,2026-05,52,152101,124752
ACC_0262,2026-06,50,178680,142356
ACC_0262,2026-07,59,155830,139393
ACC_0262,2026-08,53,170885,145259
ACC_0263,2026-03,143,207117,167875
ACC_0263,2026-04,157,175290,144320
ACC_0263,2026-05,159,196088,156987
ACC_0263,2026-06,188,254422,202104
ACC_0263,2026-07,226,275561,242525
ACC_0263,2026-08,271,348315,291030
ACC_0264,2026-03,31,32701,25700
ACC_0264,2026-04,32,29100,23465
ACC_0264,2026-05,31,33240,26451
ACC_0264,2026-06,38,34951,28981
ACC_0264,2026-07,46,38700,34778
ACC_0264,2026-08,55,52894,41734
ACC_0265,2026-03,6,5967,4690
ACC_0265,2026-04,6,5366,4512
ACC_0265,2026-05,6,5547,4566
ACC_0265,2026-06,6,5346,4644
ACC_0265,2026-07,6,5217,4638
ACC_0265,2026-08,6,6851,6040
ACC_0266,2026-03,130,77075,66520
ACC_0266,2026-04,120,63390,52910
ACC_0266,2026-05,115,86576,66630
ACC_0266,2026-06,122,73646,59508
ACC_0266,2026-07,123,56716,51218
ACC_0266,2026-08,111,75048,65657
ACC_0267,2026-03,39,30566,24963
ACC_0267,2026-04,37,30619,26029
ACC_0267,2026-05,44,30430,27252
ACC_0267,2026-06,38,34026,27465
ACC_0267,2026-07,41,30508,24475
ACC_0267,2026-08,45,33874,29753
ACC_0268,2026-03,5,5526,4371
ACC_0268,2026-04,5,6209,5281
ACC_0268,2026-05,6,5185,4493
ACC_0268,2026-06,2,2932,2431
ACC_0268,2026-07,1,1502,1215
ACC_0268,2026-08,1,717,607
ACC_0269,2026-03,192,207242,162700
ACC_0269,2026-04,188,175027,148905
ACC_0269,2026-05,218,188573,168219
ACC_0269,2026-06,99,112174,87287
ACC_0269,2026-07,49,49541,43643
ACC_0269,2026-08,24,27181,21821
ACC_0270,2026-03,12,26950,22192
ACC_0270,2026-04,13,24243,21650
ACC_0270,2026-05,12,27479,21977
ACC_0270,2026-06,6,13205,11623
ACC_0270,2026-07,3,7328,5811
ACC_0270,2026-08,1,3589,2905
ACC_0271,2026-03,36,25551,22590
ACC_0271,2026-04,37,27036,21680
ACC_0271,2026-05,36,31103,24020
ACC_0271,2026-06,48,33518,26998
ACC_0271,2026-07,57,37251,32398
ACC_0271,2026-08,68,47498,38878
ACC_0272,2026-03,47,36101,31252
ACC_0272,2026-04,44,45140,35369
ACC_0272,2026-05,47,37392,29406
ACC_0272,2026-06,53,48326,37477
ACC_0272,2026-07,64,53126,44973
ACC_0272,2026-08,77,62740,53968
ACC_0273,2026-03,7,4488,3694
ACC_0273,2026-04,7,5062,3937
ACC_0273,2026-05,8,4628,3589
ACC_0273,2026-06,8,5357,4753
ACC_0273,2026-07,7,5486,4441
ACC_0273,2026-08,7,4116,3733
ACC_0274,2026-03,213,333104,266498
ACC_0274,2026-04,194,347366,269240
ACC_0274,2026-05,218,337446,279894
ACC_0274,2026-06,209,335283,259321
ACC_0274,2026-07,211,337333,280014
ACC_0274,2026-08,193,277927,219206
ACC_0275,2026-03,14,5040,4490
ACC_0275,2026-04,16,5214,4317
ACC_0275,2026-05,15,4792,4132
ACC_0275,2026-06,7,2703,2333
ACC_0275,2026-07,3,1332,1166
ACC_0275,2026-08,1,727,583
ACC_0276,2026-03,4,3195,2526
ACC_0276,2026-04,3,2930,2395
ACC_0276,2026-05,4,2833,2317
ACC_0276,2026-06,5,3388,2907
ACC_0276,2026-07,6,4083,3488
ACC_0276,2026-08,7,4608,4186
ACC_0277,2026-03,19,8774,7277
ACC_0277,2026-04,21,9990,7789
ACC_0277,2026-05,17,9948,8651
ACC_0277,2026-06,19,9033,7702
ACC_0277,2026-07,21,9336,8091
ACC_0277,2026-08,21,9953,8379
ACC_0278,2026-03,8,7455,6542
ACC_0278,2026-04,8,5982,5075
ACC_0278,2026-05,9,7465,6595
ACC_0278,2026-06,8,7214,5851
ACC_0278,2026-07,8,6955,5748
ACC_0278,2026-08,9,7299,6266
ACC_0279,2026-03,293,278219,247979
ACC_0279,2026-04,253,248483,219681
ACC_0279,2026-05,274,317930,277112
ACC_0279,2026-06,329,380387,307841
ACC_0279,2026-07,395,431627,369409
ACC_0279,2026-08,457,574189,443291
ACC_0280,2026-03,270,93290,81154
ACC_0280,2026-04,252,86835,75516
ACC_0280,2026-05,285,108434,83485
ACC_0280,2026-06,257,94026,82502
ACC_0280,2026-07,282,102022,82261
ACC_0280,2026-08,271,88381,68064
ACC_0281,2026-03,8,6081,4730
ACC_0281,2026-04,9,4772,4268
ACC_0281,2026-05,8,4655,4009
ACC_0281,2026-06,10,4424,3791
ACC_0281,2026-07,9,5082,4136
ACC_0281,2026-08,9,4437,3838
ACC_0282,2026-03,214,84884,77160
ACC_0282,2026-04,204,93421,80740
ACC_0282,2026-05,189,104420,88031
ACC_0282,2026-06,99,49069,42652
ACC_0282,2026-07,49,25554,21326
ACC_0282,2026-08,24,12442,10663
ACC_0283,2026-03,7,2617,2244
ACC_0283,2026-04,7,2436,1940
ACC_0283,2026-05,7,2393,1946
ACC_0283,2026-06,6,2494,1953
ACC_0283,2026-07,6,2440,2171
ACC_0283,2026-08,7,2799,2274
ACC_0284,2026-03,189,190958,156037
ACC_0284,2026-04,197,171186,136709
ACC_0284,2026-05,207,138962,123460
ACC_0284,2026-06,202,187300,146521
ACC_0284,2026-07,216,184331,152080
ACC_0284,2026-08,199,162118,132237
ACC_0285,2026-03,33,12422,10345
ACC_0285,2026-04,31,11689,9432
ACC_0285,2026-05,31,9596,7910
ACC_0285,2026-06,36,12097,9692
ACC_0285,2026-07,33,12316,9667
ACC_0285,2026-08,37,10301,8240
ACC_0286,2026-03,133,199842,181556
ACC_0286,2026-04,132,225377,204559
ACC_0286,2026-05,141,239938,199822
ACC_0286,2026-06,156,297181,238870
ACC_0286,2026-07,188,330147,286644
ACC_0286,2026-08,209,437014,343972
ACC_0287,2026-03,3,5401,4707
ACC_0287,2026-04,3,6222,4874
ACC_0287,2026-05,4,6383,5074
ACC_0287,2026-06,2,3347,2725
ACC_0287,2026-07,1,1566,1362
ACC_0287,2026-08,1,861,681
ACC_0288,2026-03,84,64034,57345
ACC_0288,2026-04,85,75375,60571
ACC_0288,2026-05,81,71858,61685
ACC_0288,2026-06,75,82648,65346
ACC_0288,2026-07,77,77225,68019
ACC_0288,2026-08,90,78209,60358
ACC_0289,2026-03,158,145181,118492
ACC_0289,2026-04,148,138488,116530
ACC_0289,2026-05,140,142755,116444
ACC_0289,2026-06,155,147208,123787
ACC_0289,2026-07,152,141503,125261
ACC_0289,2026-08,144,152131,127640
ACC_0290,2026-03,50,140393,127144
ACC_0290,2026-04,45,129652,109983
ACC_0290,2026-05,49,118158,106028
ACC_0290,2026-06,46,176899,136699
ACC_0290,2026-07,44,152845,122733
ACC_0290,2026-08,51,147566,125527
ACC_0291,2026-03,108,74468,66110
ACC_0291,2026-04,107,70060,54407
ACC_0291,2026-05,103,70094,63614
ACC_0291,2026-06,107,74842,59227
ACC_0291,2026-07,108,57746,51201
ACC_0291,2026-08,106,82565,65368
ACC_0292,2026-03,4,2458,2006
ACC_0292,2026-04,4,2331,2081
ACC_0292,2026-05,4,2411,1903
ACC_0292,2026-06,2,1069,948
ACC_0292,2026-07,1,607,474
ACC_0292,2026-08,1,261,237
ACC_0293,2026-03,141,66578,53828
ACC_0293,2026-04,152,65121,50863
ACC_0293,2026-05,147,62761,54818
ACC_0293,2026-06,176,74042,57340
ACC_0293,2026-07,212,79567,68808
ACC_0293,2026-08,254,92085,82569
ACC_0294,2026-03,4,10875,8908
ACC_0294,2026-04,3,9802,8035
ACC_0294,2026-05,4,8790,7127
ACC_0294,2026-06,2,4619,3981
ACC_0294,2026-07,1,2514,1990
ACC_0294,2026-08,1,1163,995
ACC_0295,2026-03,65,208152,162442
ACC_0295,2026-04,71,241594,189882
ACC_0295,2026-05,74,213782,189302
ACC_0295,2026-06,62,216542,171945
ACC_0295,2026-07,74,214685,191234
ACC_0295,2026-08,66,210686,186624
ACC_0296,2026-03,314,65649,55411
ACC_0296,2026-04,334,71839,57074
ACC_0296,2026-05,311,78643,63897
ACC_0296,2026-06,161,33662,29293
ACC_0296,2026-07,80,17336,14646
ACC_0296,2026-08,40,8783,7323
ACC_0297,2026-03,3,10326,8719
ACC_0297,2026-04,3,11254,9006
ACC_0297,2026-05,3,8624,7836
ACC_0297,2026-06,4,13267,10215
ACC_0297,2026-07,5,13525,12258
ACC_0297,2026-08,6,17822,14709
ACC_0298,2026-03,86,60074,47178
ACC_0298,2026-04,94,45242,40079
ACC_0298,2026-05,95,62532,48755
ACC_0298,2026-06,84,52125,46910
ACC_0298,2026-07,82,60339,48630
ACC_0298,2026-08,86,47376,36641
ACC_0299,2026-03,14,21602,17725
ACC_0299,2026-04,13,18004,15958
ACC_0299,2026-05,13,19294,15238
ACC_0299,2026-06,7,10559,8924
ACC_0299,2026-07,3,5591,4462
ACC_0299,2026-08,1,2663,2231
ACC_0300,2026-03,4,6766,5796
ACC_0300,2026-04,5,7294,6303
ACC_0300,2026-05,4,7341,6635
ACC_0300,2026-06,5,6568,5960
ACC_0300,2026-07,5,8003,6276
ACC_0300,2026-08,4,8400,6543
ACC_0301,2026-03,5,6135,5095
ACC_0301,2026-04,6,4523,3960
ACC_0301,2026-05,6,4643,4085
ACC_0301,2026-06,3,2786,2231
ACC_0301,2026-07,1,1351,1115
ACC_0301,2026-08,1,706,557
ACC_0302,2026-03,220,284482,256075
ACC_0302,2026-04,219,299530,259562
ACC_0302,2026-05,207,319791,254660
ACC_0302,2026-06,270,371976,318720
ACC_0302,2026-07,324,439032,382464
ACC_0302,2026-08,381,519791,458956
ACC_0303,2026-03,166,156543,129339
ACC_0303,2026-04,162,136092,117948
ACC_0303,2026-05,173,169617,139862
ACC_0303,2026-06,167,137800,118496
ACC_0303,2026-07,172,137004,116965
ACC_0303,2026-08,151,151487,133003
ACC_0304,2026-03,230,108870,92149
ACC_0304,2026-04,232,116389,92263
ACC_0304,2026-05,206,126523,107549
ACC_0304,2026-06,265,153096,125770
ACC_0304,2026-07,319,191734,150924
ACC_0304,2026-08,321,209728,181109
ACC_0305,2026-03,299,167926,146493
ACC_0305,2026-04,275,153424,135994
ACC_0305,2026-05,304,177724,148064
ACC_0305,2026-06,320,160436,133180
ACC_0305,2026-07,307,142965,126941
ACC_0305,2026-08,279,172273,133750
ACC_0306,2026-03,57,23780,19459
ACC_0306,2026-04,53,23406,19099
ACC_0306,2026-05,58,26261,23271
ACC_0306,2026-06,63,27976,21624
ACC_0306,2026-07,62,20900,18681
ACC_0306,2026-08,56,27287,24099
ACC_0307,2026-03,41,26438,22177
ACC_0307,2026-04,49,29878,23853
ACC_0307,2026-05,44,30283,23513
ACC_0307,2026-06,22,13498,10429
ACC_0307,2026-07,11,6244,5214
ACC_0307,2026-08,5,3057,2607
ACC_0308,2026-03,45,27132,23124
ACC_0308,2026-04,44,34713,29550
ACC_0308,2026-05,43,30043,26067
ACC_0308,2026-06,21,16589,13010
ACC_0308,2026-07,10,8043,6505
ACC_0308,2026-08,5,3980,3252
ACC_0309,2026-03,29,28016,22050
ACC_0309,2026-04,26,27391,23216
ACC_0309,2026-05,25,29813,25002
ACC_0309,2026-06,25,31454,25604
ACC_0309,2026-07,30,28594,25596
ACC_0309,2026-08,29,37390,29109
ACC_0310,2026-03,3,3873,3235
ACC_0310,2026-04,3,3231,2796
ACC_0310,2026-05,3,3014,2525
ACC_0310,2026-06,4,4149,3379
ACC_0310,2026-07,4,4720,4055
ACC_0310,2026-08,5,5383,4866
ACC_0311,2026-03,215,240621,210576
ACC_0311,2026-04,191,197504,157786
ACC_0311,2026-05,200,193491,170444
ACC_0311,2026-06,244,249328,220968
ACC_0311,2026-07,293,306202,265161
ACC_0311,2026-08,351,355213,318194
ACC_0312,2026-03,11,4193,3312
ACC_0312,2026-04,10,4673,4000
ACC_0312,2026-05,11,3756,3211
ACC_0312,2026-06,13,5071,4284
ACC_0312,2026-07,15,6144,5141
ACC_0312,2026-08,15,7635,6169
ACC_0313,2026-03,412,197222,155956
ACC_0313,2026-04,385,194636,170777
ACC_0313,2026-05,398,176484,156330
ACC_0313,2026-06,393,208922,167557
ACC_0313,2026-07,406,180221,163416
ACC_0313,2026-08,411,207115,172612
ACC_0314,2026-03,42,30841,28019
ACC_0314,2026-04,42,34456,30624
ACC_0314,2026-05,42,35565,31769
ACC_0314,2026-06,21,15924,13923
ACC_0314,2026-07,10,9020,6961
ACC_0314,2026-08,5,4120,3480
ACC_0315,2026-03,217,91673,74174
ACC_0315,2026-04,251,92140,78567
ACC_0315,2026-05,221,97332,77015
ACC_0315,2026-06,213,106229,81727
ACC_0315,2026-07,226,98861,78112
ACC_0315,2026-08,227,108984,93375
ACC_0316,2026-03,28,12986,10939
ACC_0316,2026-04,27,15763,12753
ACC_0316,2026-05,29,16620,12908
ACC_0316,2026-06,30,11965,10707
ACC_0316,2026-07,30,11774,10672
ACC_0316,2026-08,31,13403,10723
ACC_0317,2026-03,24,46809,36848
ACC_0317,2026-04,21,45988,37997
ACC_0317,2026-05,21,50098,38833
ACC_0317,2026-06,22,45533,38174
ACC_0317,2026-07,24,46012,36607
ACC_0317,2026-08,22,49893,39710
ACC_0318,2026-03,8,11486,8961
ACC_0318,2026-04,9,8724,6806
ACC_0318,2026-05,8,8629,6859
ACC_0318,2026-06,4,5068,3997
ACC_0318,2026-07,2,2405,1998
ACC_0318,2026-08,1,1247,999
ACC_0319,2026-03,252,320011,247171
ACC_0319,2026-04,215,353803,279530
ACC_0319,2026-05,243,308663,274179
ACC_0319,2026-06,114,164403,133960
ACC_0319,2026-07,57,86770,66980
ACC_0319,2026-08,28,38002,33490
ACC_0320,2026-03,254,149389,124403
ACC_0320,2026-04,284,157085,123825
ACC_0320,2026-05,283,128184,105887
ACC_0320,2026-06,138,73575,57047
ACC_0320,2026-07,69,32537,28523
ACC_0320,2026-08,34,15953,14261
ACC_0321,2026-03,22,32165,26611
ACC_0321,2026-04,26,29012,26254
ACC_0321,2026-05,25,36103,29427
ACC_0321,2026-06,29,38720,30840
ACC_0321,2026-07,34,42090,37009
ACC_0321,2026-08,41,54646,44410
ACC_0322,2026-03,4,10004,7958
ACC_0322,2026-04,4,8884,7692
ACC_0322,2026-05,5,9356,7621
ACC_0322,2026-06,4,7707,6467
ACC_0322,2026-07,4,7488,6475
ACC_0322,2026-08,5,7725,6444
ACC_0323,2026-03,6,2714,2295
ACC_0323,2026-04,6,2497,2187
ACC_0323,2026-05,6,2887,2354
ACC_0323,2026-06,3,1254,1054
ACC_0323,2026-07,1,596,527
ACC_0323,2026-08,1,305,263
ACC_0324,2026-03,150,169861,145359
ACC_0324,2026-04,135,230090,188599
ACC_0324,2026-05,126,190229,165288
ACC_0324,2026-06,129,204552,169445
ACC_0324,2026-07,140,202440,177073
ACC_0324,2026-08,136,203322,183853
ACC_0325,2026-03,21,29108,24332
ACC_0325,2026-04,21,30218,24968
ACC_0325,2026-05,19,33672,28080
ACC_0325,2026-06,20,28887,25371
ACC_0325,2026-07,18,35288,27624
ACC_0325,2026-08,19,30801,25315
ACC_0326,2026-03,45,26323,22135
ACC_0326,2026-04,44,24482,21038
ACC_0326,2026-05,39,24842,21793
ACC_0326,2026-06,21,13218,11292
ACC_0326,2026-07,10,7224,5646
ACC_0326,2026-08,5,3567,2823
ACC_0327,2026-03,4,2166,1870
ACC_0327,2026-04,4,2459,1902
ACC_0327,2026-05,4,1777,1565
ACC_0327,2026-06,5,2546,2187
ACC_0327,2026-07,6,3302,2625
ACC_0327,2026-08,8,3690,3150
ACC_0328,2026-03,34,29590,26853
ACC_0328,2026-04,38,34608,30285
ACC_0328,2026-05,37,30857,26914
ACC_0328,2026-06,34,30377,26590
ACC_0328,2026-07,35,35999,28956
ACC_0328,2026-08,40,38333,31058
ACC_0329,2026-03,233,151772,136740
ACC_0329,2026-04,219,150033,129912
ACC_0329,2026-05,203,180876,148225
ACC_0329,2026-06,264,219801,180426
ACC_0329,2026-07,316,248400,216512
ACC_0329,2026-08,327,286900,259814
ACC_0330,2026-03,114,234610,202797
ACC_0330,2026-04,111,224164,175243
ACC_0330,2026-05,113,191161,155548
ACC_0330,2026-06,95,199891,158581
ACC_0330,2026-07,109,210504,168304
ACC_0330,2026-08,102,213415,183562
ACC_0331,2026-03,53,42894,33163
ACC_0331,2026-04,49,35346,28887
ACC_0331,2026-05,48,28598,25950
ACC_0331,2026-06,49,35178,28427
ACC_0331,2026-07,52,30791,27052
ACC_0331,2026-08,57,36934,28842
ACC_0332,2026-03,19,27158,24202
ACC_0332,2026-04,21,22680,19454
ACC_0332,2026-05,20,28142,24387
ACC_0332,2026-06,18,23691,19873
ACC_0332,2026-07,18,30911,24717
ACC_0332,2026-08,21,30053,25412
ACC_0333,2026-03,3,5054,4219
ACC_0333,2026-04,3,5496,4594
ACC_0333,2026-05,3,5697,4586
ACC_0333,2026-06,4,5965,5096
ACC_0333,2026-07,4,7748,6115
ACC_0333,2026-08,5,8428,7339
ACC_0334,2026-03,8,3625,2938
ACC_0334,2026-04,8,3717,3104
ACC_0334,2026-05,8,4405,3518
ACC_0334,2026-06,8,3911,3035
ACC_0334,2026-07,9,4272,3365
ACC_0334,2026-08,8,3667,2858
ACC_0335,2026-03,15,9619,8456
ACC_0335,2026-04,15,8147,7015
ACC_0335,2026-05,16,9202,8148
ACC_0335,2026-06,18,11937,9361
ACC_0335,2026-07,20,14030,11233
ACC_0335,2026-08,20,15476,13480
ACC_0336,2026-03,43,23404,20297
ACC_0336,2026-04,45,21378,18021
ACC_0336,2026-05,39,24757,20604
ACC_0336,2026-06,50,27441,24708
ACC_0336,2026-07,60,34231,29650
ACC_0336,2026-08,73,39834,35580
ACC_0337,2026-03,294,158547,130084
ACC_0337,2026-04,308,158709,133739
ACC_0337,2026-05,318,180694,139879
ACC_0337,2026-06,368,183935,160795
ACC_0337,2026-07,441,214300,192954
ACC_0337,2026-08,443,256352,231545
ACC_0338,2026-03,57,233008,187925
ACC_0338,2026-04,59,186650,163159
ACC_0338,2026-05,64,213751,178270
ACC_0338,2026-06,30,95599,84288
ACC_0338,2026-07,15,48074,42144
ACC_0338,2026-08,7,25863,21072
ACC_0339,2026-03,10,6176,5167
ACC_0339,2026-04,9,6275,5468
ACC_0339,2026-05,10,4827,4244
ACC_0339,2026-06,5,3118,2436
ACC_0339,2026-07,2,1374,1218
ACC_0339,2026-08,1,671,609
ACC_0340,2026-03,46,15186,13390
ACC_0340,2026-04,44,11995,10249
ACC_0340,2026-05,42,13023,10217
ACC_0340,2026-06,50,17223,14419
ACC_0340,2026-07,60,19189,17303
ACC_0340,2026-08,73,22912,20764
ACC_0341,2026-03,10,3986,3563
ACC_0341,2026-04,10,5081,4268
ACC_0341,2026-05,11,5264,4572
ACC_0341,2026-06,5,2386,1993
ACC_0341,2026-07,2,1168,996
ACC_0341,2026-08,1,549,498
ACC_0342,2026-03,149,84651,66496
ACC_0342,2026-04,159,72794,63081
ACC_0342,2026-05,149,74594,66037
ACC_0342,2026-06,74,37458,31689
ACC_0342,2026-07,37,18126,15844
ACC_0342,2026-08,18,10289,7922
ACC_0343,2026-03,11,7796,6653
ACC_0343,2026-04,11,6830,5291
ACC_0343,2026-05,11,8467,6639
ACC_0343,2026-06,5,3599,2913
ACC_0343,2026-07,2,1863,1456
ACC_0343,2026-08,1,866,728
ACC_0344,2026-03,9,6597,5575
ACC_0344,2026-04,9,6022,5434
ACC_0344,2026-05,8,6713,5492
ACC_0344,2026-06,8,7354,5685
ACC_0344,2026-07,9,6983,5397
ACC_0344,2026-08,8,7259,6084
ACC_0345,2026-03,9,3469,2898
ACC_0345,2026-04,8,3603,3026
ACC_0345,2026-05,8,3980,3539
ACC_0345,2026-06,9,3214,2746
ACC_0345,2026-07,9,3144,2789
ACC_0345,2026-08,9,4201,3500
ACC_0346,2026-03,115,280966,236821
ACC_0346,2026-04,134,229532,207454
ACC_0346,2026-05,135,252898,204660
ACC_0346,2026-06,121,274925,214646
ACC_0346,2026-07,134,303934,249248
ACC_0346,2026-08,116,276821,217083
ACC_0347,2026-03,40,30303,26119
ACC_0347,2026-04,40,32129,26214
ACC_0347,2026-05,44,31553,24744
ACC_0347,2026-06,43,27230,22914
ACC_0347,2026-07,42,36098,29053
ACC_0347,2026-08,43,29771,25143
ACC_0348,2026-03,4,5939,5314
ACC_0348,2026-04,4,6941,5521
ACC_0348,2026-05,4,5794,4733
ACC_0348,2026-06,5,7557,5904
ACC_0348,2026-07,6,9037,7085
ACC_0348,2026-08,8,9443,8502
ACC_0349,2026-03,4,4597,3820
ACC_0349,2026-04,4,3576,3099
ACC_0349,2026-05,4,3806,3123
ACC_0349,2026-06,4,5372,4249
ACC_0349,2026-07,5,6185,5099
ACC_0349,2026-08,7,7576,6119
ACC_0350,2026-03,35,48972,39484
ACC_0350,2026-04,36,48843,37762
ACC_0350,2026-05,33,50916,41465
ACC_0350,2026-06,33,47884,38498
ACC_0350,2026-07,39,49564,40470
ACC_0350,2026-08,33,36469,32257
ACC_0351,2026-03,52,25525,21251
ACC_0351,2026-04,55,32426,27954
ACC_0351,2026-05,56,25733,22436
ACC_0351,2026-06,60,28122,23003
ACC_0351,2026-07,55,29197,25962
ACC_0351,2026-08,52,23953,21229
ACC_0352,2026-03,28,20505,17708
ACC_0352,2026-04,29,24321,20292
ACC_0352,2026-05,29,21385,17253
ACC_0352,2026-06,26,20607,17391
ACC_0352,2026-07,25,21353,17606
ACC_0352,2026-08,25,20622,16780
ACC_0353,2026-03,35,50146,40291
ACC_0353,2026-04,30,54549,46562
ACC_0353,2026-05,34,47634,40721
ACC_0353,2026-06,38,60596,48819
ACC_0353,2026-07,46,69018,58583
ACC_0353,2026-08,55,78211,70299
ACC_0354,2026-03,67,223807,178001
ACC_0354,2026-04,66,209346,180380
ACC_0354,2026-05,68,231157,188082
ACC_0354,2026-06,68,204219,165790
ACC_0354,2026-07,70,236767,188647
ACC_0354,2026-08,70,173112,148618
ACC_0355,2026-03,46,33569,26929
ACC_0355,2026-04,47,39487,32909
ACC_0355,2026-05,52,34040,29696
ACC_0355,2026-06,25,19664,15677
ACC_0355,2026-07,12,10059,7838
ACC_0355,2026-08,6,4934,3919
ACC_0356,2026-03,46,11792,9960
ACC_0356,2026-04,39,10734,9560
ACC_0356,2026-05,46,10102,8065
ACC_0356,2026-06,44,13097,10195
ACC_0356,2026-07,41,11521,9801
ACC_0356,2026-08,47,10778,9455
ACC_0357,2026-03,228,266186,224287
ACC_0357,2026-04,242,253926,227288
ACC_0357,2026-05,218,266314,237942
ACC_0357,2026-06,120,115697,104548
ACC_0357,2026-07,60,58970,52274
ACC_0357,2026-08,30,28778,26137
ACC_0358,2026-03,233,428776,331986
ACC_0358,2026-04,251,361237,317424
ACC_0358,2026-05,226,414896,345698
ACC_0358,2026-06,289,442419,377718
ACC_0358,2026-07,346,580153,453262
ACC_0358,2026-08,384,691144,543915
ACC_0359,2026-03,268,125582,111585
ACC_0359,2026-04,250,115450,96229
ACC_0359,2026-05,227,122209,110646
ACC_0359,2026-06,265,129634,102427
ACC_0359,2026-07,244,133384,104657
ACC_0359,2026-08,232,123545,102367
ACC_0360,2026-03,63,21667,19497
ACC_0360,2026-04,65,21206,17758
ACC_0360,2026-05,68,20654,18675
ACC_0360,2026-06,60,21776,18662
ACC_0360,2026-07,66,21683,17929
ACC_0360,2026-08,65,27935,22663
ACC_0361,2026-03,8,2921,2355
ACC_0361,2026-04,7,2342,1807
ACC_0361,2026-05,8,2643,2162
ACC_0361,2026-06,6,2748,2132
ACC_0361,2026-07,7,2004,1811
ACC_0361,2026-08,7,2603,2195
ACC_0362,2026-03,4,7356,6656
ACC_0362,2026-04,4,6543,5356
ACC_0362,2026-05,4,6862,6218
ACC_0362,2026-06,2,3524,2946
ACC_0362,2026-07,1,1734,1473
ACC_0362,2026-08,1,865,736
ACC_0363,2026-03,46,32068,25065
ACC_0363,2026-04,55,27929,24527
ACC_0363,2026-05,49,25396,22153
ACC_0363,2026-06,51,29300,23450
ACC_0363,2026-07,54,33722,27787
ACC_0363,2026-08,55,27148,21824
ACC_0364,2026-03,27,13647,11665
ACC_0364,2026-04,30,14455,12478
ACC_0364,2026-05,29,15099,13428
ACC_0364,2026-06,26,15111,12502
ACC_0364,2026-07,29,16947,14468
ACC_0364,2026-08,31,15383,12380
ACC_0365,2026-03,71,11363,9851
ACC_0365,2026-04,71,10865,9782
ACC_0365,2026-05,74,12701,10374
ACC_0365,2026-06,34,5648,4886
ACC_0365,2026-07,17,2786,2443
ACC_0365,2026-08,8,1376,1221
ACC_0366,2026-03,13,29109,23147
ACC_0366,2026-04,13,23714,19961
ACC_0366,2026-05,15,27198,24631
ACC_0366,2026-06,16,24584,20190
ACC_0366,2026-07,14,27476,24710
ACC_0366,2026-08,16,23100,20929
ACC_0367,2026-03,155,84962,71625
ACC_0367,2026-04,150,90006,74490
ACC_0367,2026-05,160,82913,67865
ACC_0367,2026-06,198,121390,94938
ACC_0367,2026-07,237,146342,113926
ACC_0367,2026-08,285,175193,136711
ACC_0368,2026-03,306,90687,76497
ACC_0368,2026-04,300,92861,83552
ACC_0368,2026-05,265,93843,75421
ACC_0368,2026-06,297,111292,86434
ACC_0368,2026-07,285,96777,79740
ACC_0368,2026-08,288,82502,70140
ACC_0369,2026-03,211,67599,60513
ACC_0369,2026-04,189,63029,53986
ACC_0369,2026-05,195,64654,55150
ACC_0369,2026-06,205,72969,57818
ACC_0369,2026-07,203,57400,47294
ACC_0369,2026-08,192,56260,49536
ACC_0370,2026-03,169,159554,129978
ACC_0370,2026-04,188,160512,132010
ACC_0370,2026-05,170,183840,151898
ACC_0370,2026-06,223,210218,162877
ACC_0370,2026-07,268,232215,195453
ACC_0370,2026-08,322,270100,234543
ACC_0371,2026-03,220,82688,64892
ACC_0371,2026-04,240,81422,66148
ACC_0371,2026-05,218,85611,72060
ACC_0371,2026-06,116,41834,35957
ACC_0371,2026-07,58,21765,17978
ACC_0371,2026-08,29,10297,8989
ACC_0372,2026-03,53,29977,24814
ACC_0372,2026-04,45,23190,20672
ACC_0372,2026-05,49,22145,19853
ACC_0372,2026-06,24,12811,11230
ACC_0372,2026-07,12,6817,5615
ACC_0372,2026-08,6,3553,2807
ACC_0373,2026-03,196,226376,185343
ACC_0373,2026-04,199,316001,246977
ACC_0373,2026-05,200,283749,244862
ACC_0373,2026-06,246,286956,259400
ACC_0373,2026-07,295,365338,311281
ACC_0373,2026-08,354,432621,373537
ACC_0374,2026-03,346,131172,109114
ACC_0374,2026-04,358,121786,100129
ACC_0374,2026-05,328,115649,91340
ACC_0374,2026-06,307,125460,106664
ACC_0374,2026-07,373,97326,87252
ACC_0374,2026-08,369,110021,91631
ACC_0375,2026-03,10,4664,3819
ACC_0375,2026-04,10,4103,3527
ACC_0375,2026-05,9,4596,3585
ACC_0375,2026-06,11,4904,4207
ACC_0375,2026-07,14,6359,5048
ACC_0375,2026-08,16,7848,6058
ACC_0376,2026-03,44,22449,18009
ACC_0376,2026-04,52,21906,18717
ACC_0376,2026-05,48,27019,21955
ACC_0376,2026-06,49,22760,19227
ACC_0376,2026-07,49,24121,21440
ACC_0376,2026-08,48,24983,21145
ACC_0377,2026-03,4,6369,5390
ACC_0377,2026-04,4,6528,5446
ACC_0377,2026-05,4,6288,5536
ACC_0377,2026-06,4,6485,5479
ACC_0377,2026-07,4,7729,6474
ACC_0377,2026-08,4,8567,6763
ACC_0378,2026-03,300,372959,290529
ACC_0378,2026-04,349,295455,250288
ACC_0378,2026-05,327,312830,278367
ACC_0378,2026-06,349,356961,293001
ACC_0378,2026-07,331,333292,300521
ACC_0378,2026-08,339,297843,250335
ACC_0379,2026-03,64,22771,18364
ACC_0379,2026-04,68,22153,18190
ACC_0379,2026-05,69,19323,17094
ACC_0379,2026-06,78,22532,20455
ACC_0379,2026-07,93,29911,24546
ACC_0379,2026-08,100,36371,29456
ACC_0380,2026-03,5,5007,3885
ACC_0380,2026-04,5,4153,3555
ACC_0380,2026-05,5,5150,4236
ACC_0380,2026-06,6,5762,4542
ACC_0380,2026-07,7,6460,5450
ACC_0380,2026-08,9,7617,6541
ACC_0381,2026-03,12,5634,4414
ACC_0381,2026-04,13,4406,3813
ACC_0381,2026-05,14,4300,3677
ACC_0381,2026-06,6,2206,1947
ACC_0381,2026-07,3,1126,973
ACC_0381,2026-08,1,581,486
ACC_0382,2026-03,383,133756,106946
ACC_0382,2026-04,383,110480,97926
ACC_0382,2026-05,332,128536,102749
ACC_0382,2026-06,320,135052,104532
ACC_0382,2026-07,356,111933,101635
ACC_0382,2026-08,377,91250,80000
ACC_0383,2026-03,57,18912,16857
ACC_0383,2026-04,56,23563,19820
ACC_0383,2026-05,53,21238,16685
ACC_0383,2026-06,64,27991,21555
ACC_0383,2026-07,77,32237,25866
ACC_0383,2026-08,78,34865,31039
ACC_0384,2026-03,55,44079,38962
ACC_0384,2026-04,56,54924,44042
ACC_0384,2026-05,60,48215,38959
ACC_0384,2026-06,29,28551,22333
ACC_0384,2026-07,14,12368,11166
ACC_0384,2026-08,7,6253,5583
ACC_0385,2026-03,199,231850,179752
ACC_0385,2026-04,191,194760,159998
ACC_0385,2026-05,201,180738,158663
ACC_0385,2026-06,93,103402,86600
ACC_0385,2026-07,46,51825,43300
ACC_0385,2026-08,23,24625,21650
ACC_0386,2026-03,46,29883,23504
ACC_0386,2026-04,45,19616,17618
ACC_0386,2026-05,44,21456,18894
ACC_0386,2026-06,52,29407,24845
ACC_0386,2026-07,62,34364,29814
ACC_0386,2026-08,75,42075,35777
ACC_0387,2026-03,6,4708,4059
ACC_0387,2026-04,5,5039,4210
ACC_0387,2026-05,6,5089,4345
ACC_0387,2026-06,5,4430,3947
ACC_0387,2026-07,6,5595,4834
ACC_0387,2026-08,6,5244,4255
ACC_0388,2026-03,33,43287,36696
ACC_0388,2026-04,29,54351,42863
ACC_0388,2026-05,34,49027,39620
ACC_0388,2026-06,28,40893,35777
ACC_0388,2026-07,34,45351,37405
ACC_0388,2026-08,30,47849,40473
ACC_0389,2026-03,85,114849,100411
ACC_0389,2026-04,96,103610,87102
ACC_0389,2026-05,88,135465,112214
ACC_0389,2026-06,112,151989,121019
ACC_0389,2026-07,134,162949,145223
ACC_0389,2026-08,161,225441,174268
ACC_0390,2026-03,38,27865,23698
ACC_0390,2026-04,37,30773,26290
ACC_0390,2026-05,37,26691,24050
ACC_0390,2026-06,17,15803,13837
ACC_0390,2026-07,8,8350,6918
ACC_0390,2026-08,4,4486,3459
ACC_0391,2026-03,9,6357,5451
ACC_0391,2026-04,8,6688,5193
ACC_0391,2026-05,8,5351,4155
ACC_0391,2026-06,10,6525,5824
ACC_0391,2026-07,12,8244,6989
ACC_0391,2026-08,12,10039,8387
ACC_0392,2026-03,14,16648,15043
ACC_0392,2026-04,14,18311,15577
ACC_0392,2026-05,13,19895,15600
ACC_0392,2026-06,14,14928,12431
ACC_0392,2026-07,14,16818,15234
ACC_0392,2026-08,14,18509,14418
ACC_0393,2026-03,11,4689,4034
ACC_0393,2026-04,11,4334,3924
ACC_0393,2026-05,11,4105,3561
ACC_0393,2026-06,12,4489,3876
ACC_0393,2026-07,10,5402,4457
ACC_0393,2026-08,11,5294,4388
ACC_0394,2026-03,8,6567,5243
ACC_0394,2026-04,8,5532,4551
ACC_0394,2026-05,7,5938,4993
ACC_0394,2026-06,8,4736,4076
ACC_0394,2026-07,7,5356,4797
ACC_0394,2026-08,8,5426,4212
ACC_0395,2026-03,18,17089,13478
ACC_0395,2026-04,17,13920,11613
ACC_0395,2026-05,16,18179,14350
ACC_0395,2026-06,15,17250,14143
ACC_0395,2026-07,18,14219,12453
ACC_0395,2026-08,17,16006,13339
ACC_0396,2026-03,20,58524,45069
ACC_0396,2026-04,18,44472,35869
ACC_0396,2026-05,19,49630,43827
ACC_0396,2026-06,21,43482,36616
ACC_0396,2026-07,21,41545,35064
ACC_0396,2026-08,18,53156,44392
ACC_0397,2026-03,54,10264,7992
ACC_0397,2026-04,57,10487,8575
ACC_0397,2026-05,53,10043,8901
ACC_0397,2026-06,66,12312,10221
ACC_0397,2026-07,79,13993,12265
ACC_0397,2026-08,95,17998,14719
ACC_0398,2026-03,28,43499,33841
ACC_0398,2026-04,30,37292,33088
ACC_0398,2026-05,29,36234,32882
ACC_0398,2026-06,14,17703,14962
ACC_0398,2026-07,7,8454,7481
ACC_0398,2026-08,3,4164,3740
ACC_0399,2026-03,224,166638,142889
ACC_0399,2026-04,197,158338,139963
ACC_0399,2026-05,209,164677,143797
ACC_0399,2026-06,221,184123,159426
ACC_0399,2026-07,230,190920,156892
ACC_0399,2026-08,207,173044,146567
ACC_0400,2026-03,29,25474,22733
ACC_0400,2026-04,30,24235,19984
ACC_0400,2026-05,29,27364,22266
ACC_0400,2026-06,15,13011,11059
ACC_0400,2026-07,7,6718,5529
ACC_0400,2026-08,3,3512,2764
ACC_0401,2026-03,14,9524,8341
ACC_0401,2026-04,12,7810,6832
ACC_0401,2026-05,15,8673,7685
ACC_0401,2026-06,7,4438,3714
ACC_0401,2026-07,3,2042,1857
ACC_0401,2026-08,1,1035,928
ACC_0402,2026-03,43,39513,34048
ACC_0402,2026-04,46,37326,31669
ACC_0402,2026-05,46,42699,36464
ACC_0402,2026-06,47,36206,32454
ACC_0402,2026-07,45,35574,31392
ACC_0402,2026-08,45,36170,32050
ACC_0403,2026-03,260,143912,118781
ACC_0403,2026-04,243,118681,107398
ACC_0403,2026-05,239,137441,111378
ACC_0403,2026-06,295,168204,135028
ACC_0403,2026-07,355,185164,162033
ACC_0403,2026-08,395,235653,194440
ACC_0404,2026-03,43,7573,6373
ACC_0404,2026-04,41,7393,6362
ACC_0404,2026-05,38,8257,7176
ACC_0404,2026-06,44,8531,7709
ACC_0404,2026-07,39,8229,7422
ACC_0404,2026-08,43,8472,6916
ACC_0405,2026-03,14,6742,5628
ACC_0405,2026-04,13,7528,6022
ACC_0405,2026-05,14,5156,4663
ACC_0405,2026-06,14,6049,4850
ACC_0405,2026-07,14,5700,4815
ACC_0405,2026-08,14,5759,4692
ACC_0406,2026-03,8,5346,4343
ACC_0406,2026-04,8,4605,3731
ACC_0406,2026-05,9,4985,4397
ACC_0406,2026-06,9,4915,4190
ACC_0406,2026-07,7,4877,4122
ACC_0406,2026-08,8,3883,3411
ACC_0407,2026-03,246,138482,121504
ACC_0407,2026-04,249,146795,117496
ACC_0407,2026-05,265,128017,110861
ACC_0407,2026-06,241,150589,124081
ACC_0407,2026-07,258,158453,132864
ACC_0407,2026-08,229,142376,114275
ACC_0408,2026-03,12,33706,30584
ACC_0408,2026-04,14,42788,33548
ACC_0408,2026-05,14,39550,31994
ACC_0408,2026-06,14,47062,37666
ACC_0408,2026-07,14,37653,32022
ACC_0408,2026-08,13,38453,31701
ACC_0409,2026-03,12,17048,14710
ACC_0409,2026-04,11,18134,15138
ACC_0409,2026-05,11,19101,15550
ACC_0409,2026-06,13,23258,19546
ACC_0409,2026-07,16,28760,23455
ACC_0409,2026-08,19,35642,28146
ACC_0410,2026-03,5,10287,7921
ACC_0410,2026-04,6,10016,8101
ACC_0410,2026-05,5,9565,7394
ACC_0410,2026-06,6,9608,8328
ACC_0410,2026-07,6,8106,7088
ACC_0410,2026-08,5,10522,8744
ACC_0411,2026-03,3,6583,5345
ACC_0411,2026-04,3,5565,4965
ACC_0411,2026-05,3,6649,5875
ACC_0411,2026-06,3,6386,4987
ACC_0411,2026-07,3,5686,5021
ACC_0411,2026-08,3,6700,5641
ACC_0412,2026-03,126,302216,263090
ACC_0412,2026-04,126,326914,273223
ACC_0412,2026-05,118,293941,228606
ACC_0412,2026-06,145,364966,318231
ACC_0412,2026-07,174,491456,381877
ACC_0412,2026-08,190,589026,458252
ACC_0413,2026-03,27,47860,43285
ACC_0413,2026-04,25,64205,50266
ACC_0413,2026-05,27,57600,50540
ACC_0413,2026-06,27,54028,47984
ACC_0413,2026-07,24,65698,50769
ACC_0413,2026-08,24,60709,48171
ACC_0414,2026-03,286,169960,149822
ACC_0414,2026-04,267,189513,149041
ACC_0414,2026-05,274,198671,175687
ACC_0414,2026-06,333,239235,197541
ACC_0414,2026-07,400,297526,237050
ACC_0414,2026-08,480,313187,284460
ACC_0415,2026-03,3,5486,4278
ACC_0415,2026-04,3,5508,4438
ACC_0415,2026-05,3,3992,3547
ACC_0415,2026-06,3,4507,3593
ACC_0415,2026-07,3,5512,4424
ACC_0415,2026-08,3,4354,3908
ACC_0416,2026-03,52,40187,35388
ACC_0416,2026-04,54,36499,30409
ACC_0416,2026-05,51,38530,32663
ACC_0416,2026-06,68,42457,38063
ACC_0416,2026-07,82,52345,45676
ACC_0416,2026-08,86,65772,54811
ACC_0417,2026-03,11,40781,34411
ACC_0417,2026-04,11,40170,31774
ACC_0417,2026-05,10,44312,37415
ACC_0417,2026-06,11,43946,34690
ACC_0417,2026-07,12,35597,28772
ACC_0417,2026-08,11,45974,36467
ACC_0418,2026-03,30,29117,26415
ACC_0418,2026-04,31,31145,26294
ACC_0418,2026-05,27,30527,24453
ACC_0418,2026-06,28,35017,27322
ACC_0418,2026-07,30,33700,27125
ACC_0418,2026-08,32,32050,28557
ACC_0419,2026-03,42,17168,15192
ACC_0419,2026-04,42,19872,16315
ACC_0419,2026-05,40,19666,15790
ACC_0419,2026-06,43,14431,12480
ACC_0419,2026-07,40,16885,14390
ACC_0419,2026-08,46,17535,15242
ACC_0420,2026-03,46,29646,25587
ACC_0420,2026-04,50,31387,27069
ACC_0420,2026-05,46,30292,24304
ACC_0420,2026-06,25,16590,13754
ACC_0420,2026-07,12,8109,6877
ACC_0420,2026-08,6,3902,3438
ACC_0421,2026-03,37,20610,17630
ACC_0421,2026-04,37,20958,16326
ACC_0421,2026-05,40,22522,17817
ACC_0421,2026-06,38,15845,13598
ACC_0421,2026-07,34,20275,16289
ACC_0421,2026-08,40,16695,13884
ACC_0422,2026-03,9,3849,3386
ACC_0422,2026-04,10,4647,3722
ACC_0422,2026-05,8,5071,3922
ACC_0422,2026-06,10,4629,3564
ACC_0422,2026-07,9,4444,3531
ACC_0422,2026-08,10,3665,3018
ACC_0423,2026-03,10,6098,5278
ACC_0423,2026-04,10,6441,5025
ACC_0423,2026-05,10,5362,4539
ACC_0423,2026-06,8,5343,4746
ACC_0423,2026-07,9,6496,5016
ACC_0423,2026-08,9,4926,4464
ACC_0424,2026-03,29,26875,22544
ACC_0424,2026-04,27,27128,22452
ACC_0424,2026-05,28,25949,22206
ACC_0424,2026-06,14,12703,10914
ACC_0424,2026-07,7,6900,5457
ACC_0424,2026-08,3,3083,2728
ACC_0425,2026-03,159,111254,100551
ACC_0425,2026-04,165,151724,123728
ACC_0425,2026-05,156,118108,103467
ACC_0425,2026-06,185,168871,130204
ACC_0425,2026-07,222,183406,156245
ACC_0425,2026-08,266,217186,187494
ACC_0426,2026-03,42,13929,11372
ACC_0426,2026-04,45,13542,10808
ACC_0426,2026-05,47,12951,10371
ACC_0426,2026-06,22,7197,5545
ACC_0426,2026-07,11,3257,2772
ACC_0426,2026-08,5,1673,1386
ACC_0427,2026-03,190,185546,142901
ACC_0427,2026-04,210,159635,141043
ACC_0427,2026-05,219,197182,167072
ACC_0427,2026-06,249,221346,187311
ACC_0427,2026-07,299,281025,224774
ACC_0427,2026-08,323,319259,269728
ACC_0428,2026-03,8,7027,5439
ACC_0428,2026-04,9,5564,4610
ACC_0428,2026-05,8,6475,5401
ACC_0428,2026-06,4,2908,2438
ACC_0428,2026-07,2,1542,1219
ACC_0428,2026-08,1,724,609
ACC_0429,2026-03,108,46562,37818
ACC_0429,2026-04,105,37489,30829
ACC_0429,2026-05,100,38903,34193
ACC_0429,2026-06,92,39287,32152
ACC_0429,2026-07,101,37201,30641
ACC_0429,2026-08,100,36701,30035
ACC_0430,2026-03,187,69351,55544
ACC_0430,2026-04,219,73187,60465
ACC_0430,2026-05,218,72315,63867
ACC_0430,2026-06,198,72970,64289
ACC_0430,2026-07,221,75810,65099
ACC_0430,2026-08,195,73771,64632
ACC_0431,2026-03,9,6567,5784
ACC_0431,2026-04,9,8238,6535
ACC_0431,2026-05,9,8932,6969
ACC_0431,2026-06,11,8643,7523
ACC_0431,2026-07,13,11234,9028
ACC_0431,2026-08,16,12068,10834
ACC_0432,2026-03,6,6673,5670
ACC_0432,2026-04,6,8307,6507
ACC_0432,2026-05,6,7440,6092
ACC_0432,2026-06,6,7233,6090
ACC_0432,2026-07,6,6268,4966
ACC_0432,2026-08,6,6767,6108
ACC_0433,2026-03,21,31999,28449
ACC_0433,2026-04,19,34156,27000
ACC_0433,2026-05,21,29122,25686
ACC_0433,2026-06,24,41255,34886
ACC_0433,2026-07,29,48895,41864
ACC_0433,2026-08,30,64433,50237
ACC_0434,2026-03,35,15358,12000
ACC_0434,2026-04,34,14635,12704
ACC_0434,2026-05,32,17012,13529
ACC_0434,2026-06,41,20470,16510
ACC_0434,2026-07,49,24044,19812
ACC_0434,2026-08,59,28977,23774
ACC_0435,2026-03,3,2538,2165
ACC_0435,2026-04,3,2889,2553
ACC_0435,2026-05,3,2656,2236
ACC_0435,2026-06,3,2994,2417
ACC_0435,2026-07,3,2485,2112
ACC_0435,2026-08,3,2208,1933
ACC_0436,2026-03,38,17660,13862
ACC_0436,2026-04,40,17575,13731
ACC_0436,2026-05,43,17558,14423
ACC_0436,2026-06,19,8297,6913
ACC_0436,2026-07,9,4163,3456
ACC_0436,2026-08,4,2031,1728
ACC_0437,2026-03,35,50181,42672
ACC_0437,2026-04,36,42683,37279
ACC_0437,2026-05,33,46886,38377
ACC_0437,2026-06,42,64098,51454
ACC_0437,2026-07,51,69396,61745
ACC_0437,2026-08,54,84421,74094
ACC_0438,2026-03,155,431457,339958
ACC_0438,2026-04,152,355990,310726
ACC_0438,2026-05,135,381862,323695
ACC_0438,2026-06,173,414530,370193
ACC_0438,2026-07,207,517931,444232
ACC_0438,2026-08,247,593550,533078
ACC_0439,2026-03,7,2130,1851
ACC_0439,2026-04,7,2603,2116
ACC_0439,2026-05,6,2520,2116
ACC_0439,2026-06,6,2503,2068
ACC_0439,2026-07,6,2299,1816
ACC_0439,2026-08,6,2704,2245
ACC_0440,2026-03,166,64560,57661
ACC_0440,2026-04,170,63199,50238
ACC_0440,2026-05,144,68543,57678
ACC_0440,2026-06,157,62217,51087
ACC_0440,2026-07,161,60134,54572
ACC_0440,2026-08,156,80996,65110
ACC_0441,2026-03,209,219786,184501
ACC_0441,2026-04,177,234293,192001
ACC_0441,2026-05,197,193517,161069
ACC_0441,2026-06,237,257472,214054
ACC_0441,2026-07,278,331429,256865
ACC_0441,2026-08,278,357534,308239
ACC_0442,2026-03,133,171130,152483
ACC_0442,2026-04,140,146388,132923
ACC_0442,2026-05,144,176699,147353
ACC_0442,2026-06,124,195574,158412
ACC_0442,2026-07,122,190334,162890
ACC_0442,2026-08,138,183504,161150
ACC_0443,2026-03,323,190932,158308
ACC_0443,2026-04,297,192214,157307
ACC_0443,2026-05,328,169696,150004
ACC_0443,2026-06,340,230835,181693
ACC_0443,2026-07,330,193870,150131
ACC_0443,2026-08,354,220169,175050
ACC_0444,2026-03,114,85646,72943
ACC_0444,2026-04,101,89623,70801
ACC_0444,2026-05,101,75759,62474
ACC_0444,2026-06,52,41516,33146
ACC_0444,2026-07,26,18249,16573
ACC_0444,2026-08,13,10672,8286
ACC_0445,2026-03,16,3431,2738
ACC_0445,2026-04,14,2903,2543
ACC_0445,2026-05,16,2641,2249
ACC_0445,2026-06,15,3036,2606
ACC_0445,2026-07,15,2491,2180
ACC_0445,2026-08,15,2974,2653
ACC_0446,2026-03,145,269634,208953
ACC_0446,2026-04,146,259676,220436
ACC_0446,2026-05,146,248253,215878
ACC_0446,2026-06,147,231864,208537
ACC_0446,2026-07,122,233898,193692
ACC_0446,2026-08,132,227081,190127
ACC_0447,2026-03,75,83026,73469
ACC_0447,2026-04,73,83435,74656
ACC_0447,2026-05,72,105000,83829
ACC_0447,2026-06,73,95909,82803
ACC_0447,2026-07,69,98816,88736
ACC_0447,2026-08,81,101444,87242
ACC_0448,2026-03,384,181398,151968
ACC_0448,2026-04,354,197024,159465
ACC_0448,2026-05,371,194370,155555
ACC_0448,2026-06,178,92719,83937
ACC_0448,2026-07,89,47165,41968
ACC_0448,2026-08,44,24806,20984
ACC_0449,2026-03,72,17326,13349
ACC_0449,2026-04,66,20370,15680
ACC_0449,2026-05,74,19926,17098
ACC_0449,2026-06,81,22286,18453
ACC_0449,2026-07,94,25609,22143
ACC_0449,2026-08,94,31002,26572
ACC_0450,2026-03,104,231147,191609
ACC_0450,2026-04,101,218025,195093
ACC_0450,2026-05,103,237078,182566
ACC_0450,2026-06,100,226437,190895
ACC_0450,2026-07,91,222234,174150
ACC_0450,2026-08,100,205877,184709
ACC_0451,2026-03,168,148536,116237
ACC_0451,2026-04,157,117715,96115
ACC_0451,2026-05,157,101712,87346
ACC_0451,2026-06,80,57890,51226
ACC_0451,2026-07,40,32557,25613
ACC_0451,2026-08,20,15583,12806
ACC_0452,2026-03,111,132625,103205
ACC_0452,2026-04,128,121772,100194
ACC_0452,2026-05,111,97807,84194
ACC_0452,2026-06,59,52718,47063
ACC_0452,2026-07,29,28394,23531
ACC_0452,2026-08,14,15163,11765
ACC_0453,2026-03,6,7675,6599
ACC_0453,2026-04,5,7372,6352
ACC_0453,2026-05,5,8344,6482
ACC_0453,2026-06,5,7506,6658
ACC_0453,2026-07,6,8657,6834
ACC_0453,2026-08,5,8545,6843
ACC_0454,2026-03,5,5279,4489
ACC_0454,2026-04,5,4905,4322
ACC_0454,2026-05,5,5908,5255
ACC_0454,2026-06,5,5226,4363
ACC_0454,2026-07,5,6157,5293
ACC_0454,2026-08,5,7106,5640
ACC_0455,2026-03,56,19545,16620
ACC_0455,2026-04,50,24790,22134
ACC_0455,2026-05,49,20406,18334
ACC_0455,2026-06,25,12532,9721
ACC_0455,2026-07,12,5979,4860
ACC_0455,2026-08,6,2784,2430
ACC_0456,2026-03,9,4861,3760
ACC_0456,2026-04,8,5461,4924
ACC_0456,2026-05,9,4377,3973
ACC_0456,2026-06,8,4685,3924
ACC_0456,2026-07,7,5168,4526
ACC_0456,2026-08,8,5048,4126
ACC_0457,2026-03,213,62260,49339
ACC_0457,2026-04,219,67938,52871
ACC_0457,2026-05,224,53997,47332
ACC_0457,2026-06,208,67225,53005
ACC_0457,2026-07,217,52282,47307
ACC_0457,2026-08,192,68103,54614
ACC_0458,2026-03,6,3083,2559
ACC_0458,2026-04,6,2717,2124
ACC_0458,2026-05,6,3199,2850
ACC_0458,2026-06,6,3617,2846
ACC_0458,2026-07,6,2701,2213
ACC_0458,2026-08,7,2799,2345
ACC_0459,2026-03,180,200341,161142
ACC_0459,2026-04,184,212737,167458
ACC_0459,2026-05,173,160684,142709
ACC_0459,2026-06,92,100390,77915
ACC_0459,2026-07,46,44610,38957
ACC_0459,2026-08,23,21745,19478
ACC_0460,2026-03,4,2522,2193
ACC_0460,2026-04,5,2769,2230
ACC_0460,2026-05,4,2931,2436
ACC_0460,2026-06,5,2822,2205
ACC_0460,2026-07,4,2576,2282
ACC_0460,2026-08,5,3275,2621
ACC_0461,2026-03,33,45489,37076
ACC_0461,2026-04,32,47157,39986
ACC_0461,2026-05,27,54865,43149
ACC_0461,2026-06,36,59242,52079
ACC_0461,2026-07,44,79612,62495
ACC_0461,2026-08,47,97055,74995
ACC_0462,2026-03,254,50937,45336
ACC_0462,2026-04,237,62084,48323
ACC_0462,2026-05,240,57537,49987
ACC_0462,2026-06,298,67692,53665
ACC_0462,2026-07,357,77114,64398
ACC_0462,2026-08,428,93489,77278
ACC_0463,2026-03,166,194435,165747
ACC_0463,2026-04,170,244564,217343
ACC_0463,2026-05,157,211328,188312
ACC_0463,2026-06,167,228237,179057
ACC_0463,2026-07,159,242635,187094
ACC_0463,2026-08,152,254296,211747
ACC_0464,2026-03,12,7126,5765
ACC_0464,2026-04,13,7337,5875
ACC_0464,2026-05,12,8489,7001
ACC_0464,2026-06,14,9348,7751
ACC_0464,2026-07,17,10318,9301
ACC_0464,2026-08,17,13467,11161
ACC_0465,2026-03,82,141807,114724
ACC_0465,2026-04,91,162134,141571
ACC_0465,2026-05,96,164422,136093
ACC_0465,2026-06,96,142435,124895
ACC_0465,2026-07,80,172064,145796
ACC_0465,2026-08,86,152344,128642
ACC_0466,2026-03,51,11564,10054
ACC_0466,2026-04,47,14334,11159
ACC_0466,2026-05,48,14962,13457
ACC_0466,2026-06,56,16777,14193
ACC_0466,2026-07,67,19225,17032
ACC_0466,2026-08,80,25843,20438
ACC_0467,2026-03,8,4395,3823
ACC_0467,2026-04,8,4405,3416
ACC_0467,2026-05,7,4496,3611
ACC_0467,2026-06,8,4466,3914
ACC_0467,2026-07,7,4045,3471
ACC_0467,2026-08,8,4510,3744
ACC_0468,2026-03,19,41072,33611
ACC_0468,2026-04,16,46265,36987
ACC_0468,2026-05,19,47644,36937
ACC_0468,2026-06,21,44150,39840
ACC_0468,2026-07,26,60601,47808
ACC_0468,2026-08,31,66038,57370
ACC_0469,2026-03,92,130489,108972
ACC_0469,2026-04,84,110516,98877
ACC_0469,2026-05,92,142257,111748
ACC_0469,2026-06,106,135316,117845
ACC_0469,2026-07,127,179594,141414
ACC_0469,2026-08,152,203449,169696
ACC_0470,2026-03,7,7982,6413
ACC_0470,2026-04,7,7634,6354
ACC_0470,2026-05,7,9799,7558
ACC_0470,2026-06,8,9199,8239
ACC_0470,2026-07,10,11074,9886
ACC_0470,2026-08,12,14962,11864
ACC_0471,2026-03,3,4577,3523
ACC_0471,2026-04,4,4611,3776
ACC_0471,2026-05,3,4982,3911
ACC_0471,2026-06,3,3666,3269
ACC_0471,2026-07,4,4425,3952
ACC_0471,2026-08,3,4958,4320
ACC_0472,2026-03,34,22195,18682
ACC_0472,2026-04,37,21975,19843
ACC_0472,2026-05,36,24391,19531
ACC_0472,2026-06,45,25472,21471
ACC_0472,2026-07,52,33022,25766
ACC_0472,2026-08,52,35346,30919
ACC_0473,2026-03,98,192128,152437
ACC_0473,2026-04,111,172080,149544
ACC_0473,2026-05,113,167046,129022
ACC_0473,2026-06,101,147751,133162
ACC_0473,2026-07,106,178993,155291
ACC_0473,2026-08,113,154956,123554
ACC_0474,2026-03,250,235180,195989
ACC_0474,2026-04,217,250841,207711
ACC_0474,2026-05,251,288218,247758
ACC_0474,2026-06,118,126203,108687
ACC_0474,2026-07,59,69713,54343
ACC_0474,2026-08,29,30379,27171
ACC_0475,2026-03,3,6349,5507
ACC_0475,2026-04,3,6875,5452
ACC_0475,2026-05,3,7937,6144
ACC_0475,2026-06,4,7976,6849
ACC_0475,2026-07,5,9224,8219
ACC_0475,2026-08,6,11997,9863
ACC_0476,2026-03,7,9050,7941
ACC_0476,2026-04,7,9847,7721
ACC_0476,2026-05,7,8662,6968
ACC_0476,2026-06,3,4524,3750
ACC_0476,2026-07,1,2211,1875
ACC_0476,2026-08,1,1203,937
ACC_0477,2026-03,11,10380,8490
ACC_0477,2026-04,11,8450,7381
ACC_0477,2026-05,11,8140,7198
ACC_0477,2026-06,11,7653,6685
ACC_0477,2026-07,10,9097,7135
ACC_0477,2026-08,10,9620,8521
ACC_0478,2026-03,173,100343,84828
ACC_0478,2026-04,171,92933,78593
ACC_0478,2026-05,181,96674,78889
ACC_0478,2026-06,84,49205,38510
ACC_0478,2026-07,42,24951,19255
ACC_0478,2026-08,21,12027,9627
ACC_0479,2026-03,12,4204,3266
ACC_0479,2026-04,12,3604,2791
ACC_0479,2026-05,12,4191,3231
ACC_0479,2026-06,6,1675,1458
ACC_0479,2026-07,3,880,729
ACC_0479,2026-08,1,409,364
ACC_0480,2026-03,47,16153,13810
ACC_0480,2026-04,46,21729,17188
ACC_0480,2026-05,41,17737,13996
ACC_0480,2026-06,53,21511,18046
ACC_0480,2026-07,63,25716,21655
ACC_0480,2026-08,72,31656,25986
ACC_0481,2026-03,8,4559,4102
ACC_0481,2026-04,8,5054,4475
ACC_0481,2026-05,8,4359,3505
ACC_0481,2026-06,8,5694,4572
ACC_0481,2026-07,8,4988,4020
ACC_0481,2026-08,9,5279,4619
ACC_0482,2026-03,8,8893,7060
ACC_0482,2026-04,8,9351,7462
ACC_0482,2026-05,9,10022,7876
ACC_0482,2026-06,10,11920,9211
ACC_0482,2026-07,12,12276,11054
ACC_0482,2026-08,15,16593,13265
ACC_0483,2026-03,64,23394,20662
ACC_0483,2026-04,66,30445,24264
ACC_0483,2026-05,77,25820,23348
ACC_0483,2026-06,77,26436,22666
ACC_0483,2026-07,65,25544,20597
ACC_0483,2026-08,73,27232,23152
ACC_0484,2026-03,3,5946,4790
ACC_0484,2026-04,3,5693,5008
ACC_0484,2026-05,3,5962,4597
ACC_0484,2026-06,4,7371,6010
ACC_0484,2026-07,5,8423,7212
ACC_0484,2026-08,6,10820,8654
ACC_0485,2026-03,128,274147,233391
ACC_0485,2026-04,109,369429,306371
ACC_0485,2026-05,105,287066,259664
ACC_0485,2026-06,58,172274,134481
ACC_0485,2026-07,29,81540,67240
ACC_0485,2026-08,14,42760,33620
ACC_0486,2026-03,160,182194,155848
ACC_0486,2026-04,184,233377,191302
ACC_0486,2026-05,174,236115,190220
ACC_0486,2026-06,184,173713,153760
ACC_0486,2026-07,182,162003,146245
ACC_0486,2026-08,172,249411,193621
ACC_0487,2026-03,4,2893,2553
ACC_0487,2026-04,4,2552,2257
ACC_0487,2026-05,4,2815,2364
ACC_0487,2026-06,2,1529,1242
ACC_0487,2026-07,1,786,621
ACC_0487,2026-08,1,389,310
ACC_0488,2026-03,55,18785,14539
ACC_0488,2026-04,57,19649,17729
ACC_0488,2026-05,52,22306,18650
ACC_0488,2026-06,62,21356,17073
ACC_0488,2026-07,59,20118,17992
ACC_0488,2026-08,59,22196,18305
ACC_0489,2026-03,115,169086,134977
ACC_0489,2026-04,115,185741,157295
ACC_0489,2026-05,117,181075,151117
ACC_0489,2026-06,145,211741,181861
ACC_0489,2026-07,172,261185,218233
ACC_0489,2026-08,172,308432,261880
ACC_0490,2026-03,14,7693,6382
ACC_0490,2026-04,12,7932,6830
ACC_0490,2026-05,13,8152,6746
ACC_0490,2026-06,16,8877,7228
ACC_0490,2026-07,17,10822,8673
ACC_0490,2026-08,17,12560,10408
ACC_0491,2026-03,275,220123,174045
ACC_0491,2026-04,294,202696,168678
ACC_0491,2026-05,303,213307,172547
ACC_0491,2026-06,258,187480,157355
ACC_0491,2026-07,266,183595,157720
ACC_0491,2026-08,296,208667,171852
ACC_0492,2026-03,114,161861,139766
ACC_0492,2026-04,114,212354,165508
ACC_0492,2026-05,102,168032,142644
ACC_0492,2026-06,100,209794,177733
ACC_0492,2026-07,98,199111,162626
ACC_0492,2026-08,101,219961,177951
ACC_0493,2026-03,17,35545,28711
ACC_0493,2026-04,16,34685,30015
ACC_0493,2026-05,18,40409,33741
ACC_0493,2026-06,8,18795,15406
ACC_0493,2026-07,4,9438,7703
ACC_0493,2026-08,2,4540,3851
ACC_0494,2026-03,186,247754,218906
ACC_0494,2026-04,216,260010,215350
ACC_0494,2026-05,190,342613,265373
ACC_0494,2026-06,245,369237,297052
ACC_0494,2026-07,294,441659,356463
ACC_0494,2026-08,353,494896,427755
ACC_0495,2026-03,25,37243,29451
ACC_0495,2026-04,29,45698,37738
ACC_0495,2026-05,27,38360,29528
ACC_0495,2026-06,13,19844,16623
ACC_0495,2026-07,6,9323,8311
ACC_0495,2026-08,3,4760,4155
ACC_0496,2026-03,3,9938,8126
ACC_0496,2026-04,2,9589,7864
ACC_0496,2026-05,2,12475,9954
ACC_0496,2026-06,3,12026,10570
ACC_0496,2026-07,4,14487,12685
ACC_0496,2026-08,4,17712,15222
ACC_0497,2026-03,359,275101,235125
ACC_0497,2026-04,309,256551,217737
ACC_0497,2026-05,306,217734,195676
ACC_0497,2026-06,308,233478,189573
ACC_0497,2026-07,325,258378,231963
ACC_0497,2026-08,312,254993,210500
ACC_0498,2026-03,6,2464,2048
ACC_0498,2026-04,6,3125,2511
ACC_0498,2026-05,7,2597,2029
ACC_0498,2026-06,7,2207,2006
ACC_0498,2026-07,6,2761,2276
ACC_0498,2026-08,7,2812,2541
ACC_0499,2026-03,4,4018,3414
ACC_0499,2026-04,4,4139,3229
ACC_0499,2026-05,4,3832,3333
ACC_0499,2026-06,4,4161,3480
ACC_0499,2026-07,4,4206,3297
ACC_0499,2026-08,4,3899,3129
ACC_0500,2026-03,31,33174,26306
ACC_0500,2026-04,29,37701,30352
ACC_0500,2026-05,32,33294,28205
ACC_0500,2026-06,38,46745,36865
ACC_0500,2026-07,40,51785,44239
ACC_0500,2026-08,40,68394,53086
ACC_0501,2026-03,63,46430,38929
ACC_0501,2026-04,61,40533,35978
ACC_0501,2026-05,64,39344,31665
ACC_0501,2026-06,76,49922,41133
ACC_0501,2026-07,85,63654,49360
ACC_0501,2026-08,85,73794,59232
ACC_0502,2026-03,378,82313,66987
ACC_0502,2026-04,338,68954,61472
ACC_0502,2026-05,370,82019,64757
ACC_0502,2026-06,179,43221,34442
ACC_0502,2026-07,89,21090,17221
ACC_0502,2026-08,44,9558,8610
ACC_0503,2026-03,114,346882,292393
ACC_0503,2026-04,120,252874,221569
ACC_0503,2026-05,112,302247,233085
ACC_0503,2026-06,114,343140,279374
ACC_0503,2026-07,112,318499,281824
ACC_0503,2026-08,106,297916,238774
ACC_0504,2026-03,47,41077,32213
ACC_0504,2026-04,47,36507,32679
ACC_0504,2026-05,41,37045,33358
ACC_0504,2026-06,55,45873,36106
ACC_0504,2026-07,66,50375,43328
ACC_0504,2026-08,80,66569,51993
ACC_0505,2026-03,59,30879,25215
ACC_0505,2026-04,59,38662,32508
ACC_0505,2026-05,60,30368,26165
ACC_0505,2026-06,65,33218,26031
ACC_0505,2026-07,57,32911,25671
ACC_0505,2026-08,60,36191,29526
ACC_0506,2026-03,367,374600,331702
ACC_0506,2026-04,331,383681,340409
ACC_0506,2026-05,327,345578,304718
ACC_0506,2026-06,167,174517,158079
ACC_0506,2026-07,83,97820,79039
ACC_0506,2026-08,41,49935,39519
ACC_0507,2026-03,161,230237,178573
ACC_0507,2026-04,151,226550,174597
ACC_0507,2026-05,161,153556,136254
ACC_0507,2026-06,179,217842,187792
ACC_0507,2026-07,215,265626,225351
ACC_0507,2026-08,236,305547,270421
ACC_0508,2026-03,10,7673,6872
ACC_0508,2026-04,10,7282,6601
ACC_0508,2026-05,10,6697,5907
ACC_0508,2026-06,10,6354,5497
ACC_0508,2026-07,10,8160,6812
ACC_0508,2026-08,11,6017,5243
ACC_0509,2026-03,27,55966,43084
ACC_0509,2026-04,29,56516,48446
ACC_0509,2026-05,26,66058,51395
ACC_0509,2026-06,14,25478,23117
ACC_0509,2026-07,7,14039,11558
ACC_0509,2026-08,3,6706,5779
ACC_0510,2026-03,242,156827,126538
ACC_0510,2026-04,258,166815,131276
ACC_0510,2026-05,282,136684,116982
ACC_0510,2026-06,291,155235,128243
ACC_0510,2026-07,266,143543,111910
ACC_0510,2026-08,289,129914,105344
ACC_0511,2026-03,316,178295,142362
ACC_0511,2026-04,331,161046,144697
ACC_0511,2026-05,354,164909,147573
ACC_0511,2026-06,174,89327,80108
ACC_0511,2026-07,87,49852,40054
ACC_0511,2026-08,43,24979,20027
ACC_0512,2026-03,311,278346,218436
ACC_0512,2026-04,331,294253,234050
ACC_0512,2026-05,308,231542,186603
ACC_0512,2026-06,167,119958,105236
ACC_0512,2026-07,83,65731,52618
ACC_0512,2026-08,41,29366,26309
ACC_0513,2026-03,26,15842,13872
ACC_0513,2026-04,27,15551,12694
ACC_0513,2026-05,25,17869,14392
ACC_0513,2026-06,26,16657,13953
ACC_0513,2026-07,28,17176,13502
ACC_0513,2026-08,26,14696,13170
ACC_0514,2026-03,72,187056,166302
ACC_0514,2026-04,74,211077,166239
ACC_0514,2026-05,74,198547,168413
ACC_0514,2026-06,76,203629,172209
ACC_0514,2026-07,73,193107,167892
ACC_0514,2026-08,69,186280,169131
ACC_0515,2026-03,38,15850,12378
ACC_0515,2026-04,38,15835,13352
ACC_0515,2026-05,43,16510,13884
ACC_0515,2026-06,21,8031,6200
ACC_0515,2026-07,10,3828,3100
ACC_0515,2026-08,5,1803,1550
ACC_0516,2026-03,68,45234,36320
ACC_0516,2026-04,60,42997,34066
ACC_0516,2026-05,60,40065,33449
ACC_0516,2026-06,31,21511,17790
ACC_0516,2026-07,15,11109,8895
ACC_0516,2026-08,7,5094,4447
ACC_0517,2026-03,4,5025,3912
ACC_0517,2026-04,5,5388,4518
ACC_0517,2026-05,5,4401,3901
ACC_0517,2026-06,5,4267,3862
ACC_0517,2026-07,4,4854,3740
ACC_0517,2026-08,5,4232,3838
ACC_0518,2026-03,93,300986,251986
ACC_0518,2026-04,94,321484,268023
ACC_0518,2026-05,92,411611,323909
ACC_0518,2026-06,95,326509,267332
ACC_0518,2026-07,99,367136,289011
ACC_0518,2026-08,99,362217,309409
ACC_0519,2026-03,7,4802,4187
ACC_0519,2026-04,8,5769,4876
ACC_0519,2026-05,6,4766,4212
ACC_0519,2026-06,7,5592,4716
ACC_0519,2026-07,7,4593,3972
ACC_0519,2026-08,8,6212,4881
ACC_0520,2026-03,5,2747,2391
ACC_0520,2026-04,6,3369,2628
ACC_0520,2026-05,6,3313,2588
ACC_0520,2026-06,2,1486,1244
ACC_0520,2026-07,1,719,622
ACC_0520,2026-08,1,363,311
ACC_0521,2026-03,60,44633,36752
ACC_0521,2026-04,59,43993,36005
ACC_0521,2026-05,58,38002,31338
ACC_0521,2026-06,27,21656,16944
ACC_0521,2026-07,13,9850,8472
ACC_0521,2026-08,6,5405,4236
ACC_0522,2026-03,39,25883,21207
ACC_0522,2026-04,46,27894,24189
ACC_0522,2026-05,42,28983,23035
ACC_0522,2026-06,52,29479,25518
ACC_0522,2026-07,62,34560,30622
ACC_0522,2026-08,62,46652,36747
ACC_0523,2026-03,6,6277,5128
ACC_0523,2026-04,7,7510,5816
ACC_0523,2026-05,7,6461,5061
ACC_0523,2026-06,6,6665,5859
ACC_0523,2026-07,7,6407,5528
ACC_0523,2026-08,6,7201,5978
ACC_0524,2026-03,5,6841,5900
ACC_0524,2026-04,4,5538,5009
ACC_0524,2026-05,5,6113,5209
ACC_0524,2026-06,2,3347,2667
ACC_0524,2026-07,1,1731,1333
ACC_0524,2026-08,1,792,666
ACC_0525,2026-03,54,17639,15276
ACC_0525,2026-04,49,21890,18385
ACC_0525,2026-05,48,19864,15384
ACC_0525,2026-06,62,23368,20776
ACC_0525,2026-07,75,31752,24932
ACC_0525,2026-08,84,36216,29918
ACC_0526,2026-03,2,6367,5365
ACC_0526,2026-04,2,6909,5651
ACC_0526,2026-05,2,7600,6525
ACC_0526,2026-06,1,3914,3128
ACC_0526,2026-07,1,1732,1564
ACC_0526,2026-08,1,940,782
ACC_0527,2026-03,8,6464,5707
ACC_0527,2026-04,9,6665,5687
ACC_0527,2026-05,8,6621,5666
ACC_0527,2026-06,8,6993,6287
ACC_0527,2026-07,8,8726,7044
ACC_0527,2026-08,9,6485,5682
ACC_0528,2026-03,156,270232,219889
ACC_0528,2026-04,166,261989,206522
ACC_0528,2026-05,155,235394,205800
ACC_0528,2026-06,155,272260,213689
ACC_0528,2026-07,164,282616,225878
ACC_0528,2026-08,170,255814,204144
ACC_0529,2026-03,22,18972,16642
ACC_0529,2026-04,20,21052,17569
ACC_0529,2026-05,21,21333,16715
ACC_0529,2026-06,27,27575,22945
ACC_0529,2026-07,32,34852,27534
ACC_0529,2026-08,38,38969,33041
ACC_0530,2026-03,12,6946,5735
ACC_0530,2026-04,11,6284,5511
ACC_0530,2026-05,11,6797,5833
ACC_0530,2026-06,11,6289,5436
ACC_0530,2026-07,10,7785,6328
ACC_0530,2026-08,11,6780,5964
ACC_0531,2026-03,9,3845,3072
ACC_0531,2026-04,8,3919,3166
ACC_0531,2026-05,7,4019,3463
ACC_0531,2026-06,8,4032,3519
ACC_0531,2026-07,8,4248,3716
ACC_0531,2026-08,7,3640,2876
ACC_0532,2026-03,4,9717,7493
ACC_0532,2026-04,4,8517,7108
ACC_0532,2026-05,4,9591,7393
ACC_0532,2026-06,2,5023,3951
ACC_0532,2026-07,1,2270,1975
ACC_0532,2026-08,1,1207,987
ACC_0533,2026-03,25,36957,28738
ACC_0533,2026-04,22,29660,24440
ACC_0533,2026-05,22,25086,21947
ACC_0533,2026-06,22,31572,24757
ACC_0533,2026-07,21,27296,24714
ACC_0533,2026-08,24,32921,28371
ACC_0534,2026-03,5,10903,9700
ACC_0534,2026-04,5,12331,9798
ACC_0534,2026-05,5,11060,9746
ACC_0534,2026-06,2,4841,4313
ACC_0534,2026-07,1,2684,2156
ACC_0534,2026-08,1,1283,1078
ACC_0535,2026-03,6,7929,7013
ACC_0535,2026-04,6,7639,6907
ACC_0535,2026-05,6,8522,7207
ACC_0535,2026-06,3,4243,3278
ACC_0535,2026-07,1,1991,1639
ACC_0535,2026-08,1,908,819
ACC_0536,2026-03,51,31459,27583
ACC_0536,2026-04,47,35176,27213
ACC_0536,2026-05,46,34525,27356
ACC_0536,2026-06,54,27095,22344
ACC_0536,2026-07,52,32678,26341
ACC_0536,2026-08,52,34406,27558
ACC_0537,2026-03,57,143645,126808
ACC_0537,2026-04,59,148765,122926
ACC_0537,2026-05,53,160068,136886
ACC_0537,2026-06,28,72549,63932
ACC_0537,2026-07,14,37731,31966
ACC_0537,2026-08,7,19075,15983
ACC_0538,2026-03,161,65661,53161
ACC_0538,2026-04,153,60543,54188
ACC_0538,2026-05,148,54513,42425
ACC_0538,2026-06,78,29252,23800
ACC_0538,2026-07,39,14162,11900
ACC_0538,2026-08,19,7186,5950
ACC_0539,2026-03,49,17223,15255
ACC_0539,2026-04,43,17305,13856
ACC_0539,2026-05,48,17643,13620
ACC_0539,2026-06,48,17244,14623
ACC_0539,2026-07,48,19272,14847
ACC_0539,2026-08,45,16285,13403
ACC_0540,2026-03,332,169703,136643
ACC_0540,2026-04,344,164193,131737
ACC_0540,2026-05,377,178036,151007
ACC_0540,2026-06,178,91640,74421
ACC_0540,2026-07,89,43854,37210
ACC_0540,2026-08,44,22612,18605
ACC_0541,2026-03,160,240098,212262
ACC_0541,2026-04,176,272196,218941
ACC_0541,2026-05,183,292473,232124
ACC_0541,2026-06,204,292773,244173
ACC_0541,2026-07,244,375978,293008
ACC_0541,2026-08,252,435639,351609
ACC_0542,2026-03,4,6725,6009
ACC_0542,2026-04,4,5626,5086
ACC_0542,2026-05,4,6746,5375
ACC_0542,2026-06,2,3306,2967
ACC_0542,2026-07,1,1706,1483
ACC_0542,2026-08,1,956,741
ACC_0543,2026-03,288,200954,171957
ACC_0543,2026-04,311,192429,157233
ACC_0543,2026-05,346,211859,173845
ACC_0543,2026-06,383,247759,200481
ACC_0543,2026-07,411,311644,240577
ACC_0543,2026-08,411,346431,288693
ACC_0544,2026-03,151,336212,278367
ACC_0544,2026-04,129,373019,304743
ACC_0544,2026-05,136,394415,329211
ACC_0544,2026-06,70,159421,144212
ACC_0544,2026-07,35,79874,72106
ACC_0544,2026-08,17,43173,36053
ACC_0545,2026-03,6,10133,8152
ACC_0545,2026-04,7,9416,7534
ACC_0545,2026-05,6,9681,8747
ACC_0545,2026-06,6,10514,8273
ACC_0545,2026-07,6,8191,7433
ACC_0545,2026-08,6,10638,8469
ACC_0546,2026-03,35,31645,25110
ACC_0546,2026-04,37,30246,26287
ACC_0546,2026-05,34,28089,24753
ACC_0546,2026-06,45,35181,29556
ACC_0546,2026-07,54,45068,35467
ACC_0546,2026-08,65,47154,42560
ACC_0547,2026-03,98,79469,66422
ACC_0547,2026-04,85,91805,73509
ACC_0547,2026-05,92,80746,68700
ACC_0547,2026-06,45,44143,38040
ACC_0547,2026-07,22,21771,19020
ACC_0547,2026-08,11,12107,9510
ACC_0548,2026-03,4,4627,4131
ACC_0548,2026-04,4,5082,3942
ACC_0548,2026-05,4,4233,3608
ACC_0548,2026-06,5,5469,4412
ACC_0548,2026-07,6,5846,5295
ACC_0548,2026-08,7,7656,6354
ACC_0549,2026-03,22,25021,20654
ACC_0549,2026-04,22,22169,19235
ACC_0549,2026-05,24,24993,21176
ACC_0549,2026-06,11,14199,11060
ACC_0549,2026-07,5,7085,5530
ACC_0549,2026-08,2,3525,2765
ACC_0550,2026-03,134,55324,44907
ACC_0550,2026-04,145,60084,50256
ACC_0550,2026-05,157,62915,51722
ACC_0550,2026-06,132,48566,42584
ACC_0550,2026-07,138,62513,53061
ACC_0550,2026-08,140,54633,49557
ACC_0551,2026-03,12,2486,1936
ACC_0551,2026-04,12,2696,2370
ACC_0551,2026-05,11,2417,2159
ACC_0551,2026-06,6,1278,1086
ACC_0551,2026-07,3,666,543
ACC_0551,2026-08,1,327,271
ACC_0552,2026-03,42,10296,9246
ACC_0552,2026-04,42,11600,9562
ACC_0552,2026-05,40,11381,8976
ACC_0552,2026-06,41,8822,7655
ACC_0552,2026-07,38,10412,8172
ACC_0552,2026-08,45,8837,7160
ACC_0553,2026-03,154,314451,279397
ACC_0553,2026-04,146,361171,282662
ACC_0553,2026-05,147,316727,279929
ACC_0553,2026-06,71,158575,130002
ACC_0553,2026-07,35,75240,65001
ACC_0553,2026-08,17,40775,32500
ACC_0554,2026-03,13,42850,34133
ACC_0554,2026-04,14,32031,27721
ACC_0554,2026-05,12,43602,33609
ACC_0554,2026-06,16,45086,38592
ACC_0554,2026-07,19,58688,46311
ACC_0554,2026-08,21,67857,55573
ACC_0555,2026-03,4,7957,6276
ACC_0555,2026-04,4,7333,5931
ACC_0555,2026-05,4,7132,6326
ACC_0555,2026-06,2,3400,2913
ACC_0555,2026-07,1,1802,1456
ACC_0555,2026-08,1,942,728
ACC_0556,2026-03,2,2811,2338
ACC_0556,2026-04,2,3588,2800
ACC_0556,2026-05,3,2767,2383
ACC_0556,2026-06,3,2966,2509
ACC_0556,2026-07,2,3004,2439
ACC_0556,2026-08,3,3145,2789
ACC_0557,2026-03,36,21165,18552
ACC_0557,2026-04,34,20639,18372
ACC_0557,2026-05,36,19677,17120
ACC_0557,2026-06,17,11136,9131
ACC_0557,2026-07,8,5599,4565
ACC_0557,2026-08,4,2664,2282
ACC_0558,2026-03,247,196994,165289
ACC_0558,2026-04,229,151048,135541
ACC_0558,2026-05,219,170493,140888
ACC_0558,2026-06,284,206927,175568
ACC_0558,2026-07,341,234553,210681
ACC_0558,2026-08,409,319156,252818
ACC_0559,2026-03,58,25465,22040
ACC_0559,2026-04,53,21716,19561
ACC_0559,2026-05,52,29998,24608
ACC_0559,2026-06,26,12849,10750
ACC_0559,2026-07,13,6328,5375
ACC_0559,2026-08,6,3019,2687
ACC_0560,2026-03,186,98488,88405
ACC_0560,2026-04,156,116605,103605
ACC_0560,2026-05,155,130307,109996
ACC_0560,2026-06,153,119482,107451
ACC_0560,2026-07,156,145770,117187
ACC_0560,2026-08,162,108167,94545
ACC_0561,2026-03,7,6351,5220
ACC_0561,2026-04,8,7102,5492
ACC_0561,2026-05,7,6806,6168
ACC_0561,2026-06,3,3448,3046
ACC_0561,2026-07,1,1849,1523
ACC_0561,2026-08,1,930,761
ACC_0562,2026-03,8,1974,1719
ACC_0562,2026-04,8,2536,1976
ACC_0562,2026-05,8,1857,1505
ACC_0562,2026-06,4,1049,884
ACC_0562,2026-07,2,562,442
ACC_0562,2026-08,1,280,221
ACC_0563,2026-03,40,20552,17293
ACC_0563,2026-04,45,19192,15693
ACC_0563,2026-05,42,18998,16458
ACC_0563,2026-06,52,24899,19508
ACC_0563,2026-07,62,28052,23410
ACC_0563,2026-08,75,35337,28092
ACC_0564,2026-03,6,8431,6904
ACC_0564,2026-04,6,8114,6650
ACC_0564,2026-05,6,7593,6038
ACC_0564,2026-06,3,3577,3134
ACC_0564,2026-07,1,1822,1567
ACC_0564,2026-08,1,924,783
ACC_0565,2026-03,30,64040,49562
ACC_0565,2026-04,32,55755,45363
ACC_0565,2026-05,28,52306,47363
ACC_0565,2026-06,31,47079,42641
ACC_0565,2026-07,30,51880,43787
ACC_0565,2026-08,30,49027,42491
ACC_0566,2026-03,199,197545,161946
ACC_0566,2026-04,197,221976,171300
ACC_0566,2026-05,181,187077,167333
ACC_0566,2026-06,93,99570,77597
ACC_0566,2026-07,46,43394,38798
ACC_0566,2026-08,23,24036,19399
ACC_0567,2026-03,3,3425,3036
ACC_0567,2026-04,3,4288,3771
ACC_0567,2026-05,3,3400,3054
ACC_0567,2026-06,3,4270,3516
ACC_0567,2026-07,3,4803,3772
ACC_0567,2026-08,3,3794,3178
ACC_0568,2026-03,78,28521,22955
ACC_0568,2026-04,67,28103,22243
ACC_0568,2026-05,68,26730,22415
ACC_0568,2026-06,88,37960,30316
ACC_0568,2026-07,97,45280,36380
ACC_0568,2026-08,97,49355,43656
ACC_0569,2026-03,3,4567,3798
ACC_0569,2026-04,2,3914,3522
ACC_0569,2026-05,2,3438,3040
ACC_0569,2026-06,2,4939,3899
ACC_0569,2026-07,3,3773,3284
ACC_0569,2026-08,2,3569,3105
ACC_0570,2026-03,81,278197,220832
ACC_0570,2026-04,93,261503,216424
ACC_0570,2026-05,88,290976,225141
ACC_0570,2026-06,98,260913,213670
ACC_0570,2026-07,94,300300,240178
ACC_0570,2026-08,90,260864,217273
ACC_0571,2026-03,102,102073,80475
ACC_0571,2026-04,103,92439,78571
ACC_0571,2026-05,107,71925,60066
ACC_0571,2026-06,134,105117,84090
ACC_0571,2026-07,161,115349,100908
ACC_0571,2026-08,193,151969,121090
ACC_0572,2026-03,57,35627,28304
ACC_0572,2026-04,53,36262,28328
ACC_0572,2026-05,58,34665,29381
ACC_0572,2026-06,56,34810,30510
ACC_0572,2026-07,50,41490,36108
ACC_0572,2026-08,50,37042,33066
ACC_0573,2026-03,5,4432,3735
ACC_0573,2026-04,6,4106,3415
ACC_0573,2026-05,5,5139,4035
ACC_0573,2026-06,2,2134,1785
ACC_0573,2026-07,1,1044,892
ACC_0573,2026-08,1,507,446
ACC_0574,2026-03,7,3826,3441
ACC_0574,2026-04,7,4122,3511
ACC_0574,2026-05,7,3924,3210
ACC_0574,2026-06,7,3759,3203
ACC_0574,2026-07,7,4423,3465
ACC_0574,2026-08,7,3982,3311
ACC_0575,2026-03,343,206902,166474
ACC_0575,2026-04,337,206034,182527
ACC_0575,2026-05,339,195045,159432
ACC_0575,2026-06,307,178173,160690
ACC_0575,2026-07,290,184766,156096
ACC_0575,2026-08,302,244056,191172
ACC_0576,2026-03,213,148947,133796
ACC_0576,2026-04,211,175057,146304
ACC_0576,2026-05,180,202056,155879
ACC_0576,2026-06,236,242666,188851
ACC_0576,2026-07,284,271649,226621
ACC_0576,2026-08,319,303488,271945
ACC_0577,2026-03,52,35875,30052
ACC_0577,2026-04,54,38674,31973
ACC_0577,2026-05,54,41106,33521
ACC_0577,2026-06,60,43700,37501
ACC_0577,2026-07,69,50902,45002
ACC_0577,2026-08,69,66767,54002
ACC_0578,2026-03,215,249363,210119
ACC_0578,2026-04,216,252114,217319
ACC_0578,2026-05,248,244565,220278
ACC_0578,2026-06,113,116948,95990
ACC_0578,2026-07,56,60489,47995
ACC_0578,2026-08,28,27633,23997
ACC_0579,2026-03,25,60060,50350
ACC_0579,2026-04,25,47074,38955
ACC_0579,2026-05,26,56246,47511
ACC_0579,2026-06,26,43853,38723
ACC_0579,2026-07,27,55642,49981
ACC_0579,2026-08,26,58716,49461
ACC_0580,2026-03,5,6173,5494
ACC_0580,2026-04,5,6481,5409
ACC_0580,2026-05,6,5887,4985
ACC_0580,2026-06,6,7400,5828
ACC_0580,2026-07,7,8094,6994
ACC_0580,2026-08,9,10255,8392
ACC_0581,2026-03,15,37976,33904
ACC_0581,2026-04,13,37108,32839
ACC_0581,2026-05,14,44143,34303
ACC_0581,2026-06,15,36704,32471
ACC_0581,2026-07,13,33628,30391
ACC_0581,2026-08,14,41788,33816
ACC_0582,2026-03,231,60251,53796
ACC_0582,2026-04,272,55288,49904
ACC_0582,2026-05,223,80864,64285
ACC_0582,2026-06,123,36496,28526
ACC_0582,2026-07,61,18040,14263
ACC_0582,2026-08,30,8543,7131
ACC_0583,2026-03,30,28931,25008
ACC_0583,2026-04,27,27036,23469
ACC_0583,2026-05,30,26983,24109
ACC_0583,2026-06,14,13888,11372
ACC_0583,2026-07,7,7038,5686
ACC_0583,2026-08,3,3145,2843
ACC_0584,2026-03,48,17332,14422
ACC_0584,2026-04,43,18871,15990
ACC_0584,2026-05,48,17980,13864
ACC_0584,2026-06,22,8748,7530
ACC_0584,2026-07,11,4387,3765
ACC_0584,2026-08,5,2160,1882
ACC_0585,2026-03,3,3716,3290
ACC_0585,2026-04,4,3266,2625
ACC_0585,2026-05,3,3269,2809
ACC_0585,2026-06,3,3476,2941
ACC_0585,2026-07,4,3835,3107
ACC_0585,2026-08,4,3454,2782
ACC_0586,2026-03,265,56940,51308
ACC_0586,2026-04,289,69155,58710
ACC_0586,2026-05,287,68829,53220
ACC_0586,2026-06,325,81149,64571
ACC_0586,2026-07,390,98600,77485
ACC_0586,2026-08,409,110641,92982
ACC_0587,2026-03,339,374748,299726
ACC_0587,2026-04,353,303847,238530
ACC_0587,2026-05,306,272722,243798
ACC_0587,2026-06,164,168003,131757
ACC_0587,2026-07,82,76873,65878
ACC_0587,2026-08,41,36509,32939
ACC_0588,2026-03,25,31621,25416
ACC_0588,2026-04,22,30031,24489
ACC_0588,2026-05,24,28998,24688
ACC_0588,2026-06,20,28499,22532
ACC_0588,2026-07,23,24129,20685
ACC_0588,2026-08,24,29131,24256
ACC_0589,2026-03,8,5923,4990
ACC_0589,2026-04,9,6266,5262
ACC_0589,2026-05,8,5913,4896
ACC_0589,2026-06,9,7247,5793
ACC_0589,2026-07,11,7707,6951
ACC_0589,2026-08,11,9731,8342
ACC_0590,2026-03,6,10256,8667
ACC_0590,2026-04,6,10682,8797
ACC_0590,2026-05,7,9934,8680
ACC_0590,2026-06,8,10912,9465
ACC_0590,2026-07,10,14518,11358
ACC_0590,2026-08,11,17316,13630
ACC_0591,2026-03,37,23316,20349
ACC_0591,2026-04,35,30082,26209
ACC_0591,2026-05,34,23040,20660
ACC_0591,2026-06,40,30917,24156
ACC_0591,2026-07,41,26028,20435
ACC_0591,2026-08,39,32467,25817
ACC_0592,2026-03,171,177628,141431
ACC_0592,2026-04,182,184942,157023
ACC_0592,2026-05,177,154839,125761
ACC_0592,2026-06,153,158890,136298
ACC_0592,2026-07,161,154995,138402
ACC_0592,2026-08,184,168816,148894
ACC_0593,2026-03,256,165704,146281
ACC_0593,2026-04,218,210680,181324
ACC_0593,2026-05,239,181397,162876
ACC_0593,2026-06,118,104069,80266
ACC_0593,2026-07,59,51155,40133
ACC_0593,2026-08,29,25495,20066
ACC_0594,2026-03,50,13519,11715
ACC_0594,2026-04,44,13701,11736
ACC_0594,2026-05,47,14441,11966
ACC_0594,2026-06,47,13220,10811
ACC_0594,2026-07,50,11634,10403
ACC_0594,2026-08,44,14353,11872
ACC_0595,2026-03,18,54015,43099
ACC_0595,2026-04,19,39669,33951
ACC_0595,2026-05,18,45470,39927
ACC_0595,2026-06,8,24522,18889
ACC_0595,2026-07,4,11818,9444
ACC_0595,2026-08,2,5526,4722
ACC_0596,2026-03,3,7842,6248
ACC_0596,2026-04,3,6304,5150
ACC_0596,2026-05,3,7274,5869
ACC_0596,2026-06,1,3704,2860
ACC_0596,2026-07,1,1785,1430
ACC_0596,2026-08,1,905,715
ACC_0597,2026-03,281,189473,148027
ACC_0597,2026-04,265,169584,139669
ACC_0597,2026-05,263,189913,161696
ACC_0597,2026-06,350,215923,184906
ACC_0597,2026-07,420,277346,221887
ACC_0597,2026-08,469,293287,266265
ACC_0598,2026-03,11,3651,3012
ACC_0598,2026-04,10,3127,2609
ACC_0598,2026-05,12,3652,3127
ACC_0598,2026-06,5,1793,1464
ACC_0598,2026-07,2,809,732
ACC_0598,2026-08,1,463,366
ACC_0599,2026-03,9,6974,6220
ACC_0599,2026-04,10,9845,7575
ACC_0599,2026-05,10,10271,7902
ACC_0599,2026-06,4,4172,3609
ACC_0599,2026-07,2,2290,1804
ACC_0599,2026-08,1,1169,902
ACC_0600,2026-03,21,32926,25401
ACC_0600,2026-04,22,40164,31529
ACC_0600,2026-05,24,38822,30561
ACC_0600,2026-06,11,17380,14823
ACC_0600,2026-07,5,8293,7411
ACC_0600,2026-08,2,4271,3705
ACC_0601,2026-03,256,142731,127922
ACC_0601,2026-04,229,147478,117782
ACC_0601,2026-05,265,156575,140309
ACC_0601,2026-06,126,77562,62421
ACC_0601,2026-07,63,40168,31210
ACC_0601,2026-08,31,19881,15605
ACC_0602,2026-03,197,132757,103220
ACC_0602,2026-04,206,132378,118344
ACC_0602,2026-05,207,128498,113980
ACC_0602,2026-06,107,59463,53146
ACC_0602,2026-07,53,34250,26573
ACC_0602,2026-08,26,14625,13286
ACC_0603,2026-03,143,122362,108117
ACC_0603,2026-04,159,157596,137098
ACC_0603,2026-05,141,142475,110994
ACC_0603,2026-06,175,182408,147087
ACC_0603,2026-07,210,197822,176505
ACC_0603,2026-08,252,267394,211806
ACC_0604,2026-03,2,5247,4123
ACC_0604,2026-04,2,4578,4158
ACC_0604,2026-05,2,4253,3379
ACC_0604,2026-06,3,5461,4351
ACC_0604,2026-07,4,5938,5221
ACC_0604,2026-08,5,7577,6265
ACC_0605,2026-03,10,5028,4340
ACC_0605,2026-04,9,5339,4516
ACC_0605,2026-05,10,4501,3680
ACC_0605,2026-06,11,4834,4200
ACC_0605,2026-07,10,3776,3363
ACC_0605,2026-08,10,5258,4247
ACC_0606,2026-03,7,3146,2533
ACC_0606,2026-04,6,2810,2534
ACC_0606,2026-05,5,3430,2653
ACC_0606,2026-06,6,2664,2421
ACC_0606,2026-07,6,2997,2419
ACC_0606,2026-08,6,3103,2609
ACC_0607,2026-03,50,16486,13945
ACC_0607,2026-04,48,18440,15513
ACC_0607,2026-05,44,17478,15314
ACC_0607,2026-06,45,20792,16351
ACC_0607,2026-07,48,18925,14673
ACC_0607,2026-08,46,16165,13623
ACC_0608,2026-03,161,264875,228772
ACC_0608,2026-04,173,291214,258137
ACC_0608,2026-05,168,249781,226507
ACC_0608,2026-06,186,284476,233695
ACC_0608,2026-07,171,287547,241663
ACC_0608,2026-08,183,258254,216046
ACC_0609,2026-03,2,7548,6009
ACC_0609,2026-04,2,8454,6517
ACC_0609,2026-05,2,7946,7039
ACC_0609,2026-06,3,9345,8102
ACC_0609,2026-07,3,11415,9722
ACC_0609,2026-08,4,13427,11666
ACC_0610,2026-03,2,9131,8271
ACC_0610,2026-04,2,9864,8591
ACC_0610,2026-05,2,10534,8417
ACC_0610,2026-06,2,9575,7831
ACC_0610,2026-07,2,8832,7771
ACC_0610,2026-08,2,8775,7767
ACC_0611,2026-03,132,70462,64040
ACC_0611,2026-04,123,64320,55388
ACC_0611,2026-05,138,73227,58075
ACC_0611,2026-06,133,80437,65186
ACC_0611,2026-07,143,74954,63988
ACC_0611,2026-08,127,83210,65107
ACC_0612,2026-03,133,90692,77735
ACC_0612,2026-04,126,105745,95846
ACC_0612,2026-05,122,96872,85926
ACC_0612,2026-06,67,49814,42139
ACC_0612,2026-07,33,23360,21069
ACC_0612,2026-08,16,12571,10534
ACC_0613,2026-03,78,192023,167831
ACC_0613,2026-04,73,167657,151408
ACC_0613,2026-05,70,181696,161644
ACC_0613,2026-06,74,192415,161698
ACC_0613,2026-07,73,172087,149988
ACC_0613,2026-08,72,216339,171941
ACC_0614,2026-03,96,213492,172286
ACC_0614,2026-04,86,229189,181405
ACC_0614,2026-05,90,186780,160169
ACC_0614,2026-06,88,216661,168613
ACC_0614,2026-07,91,188247,160924
ACC_0614,2026-08,93,200960,162171
ACC_0615,2026-03,11,9644,8471
ACC_0615,2026-04,11,8232,7423
ACC_0615,2026-05,10,10093,8858
ACC_0615,2026-06,10,8334,7004
ACC_0615,2026-07,11,8631,6932
ACC_0615,2026-08,11,9688,7743
ACC_0616,2026-03,9,5834,5155
ACC_0616,2026-04,8,4676,4224
ACC_0616,2026-05,8,6119,5168
ACC_0616,2026-06,4,2617,2343
ACC_0616,2026-07,2,1324,1171
ACC_0616,2026-08,1,652,585
ACC_0617,2026-03,203,218499,181470
ACC_0617,2026-04,194,265136,205533
ACC_0617,2026-05,208,280455,218521
ACC_0617,2026-06,230,303721,234194
ACC_0617,2026-07,276,358957,281033
ACC_0617,2026-08,331,381580,337240
ACC_0618,2026-03,55,26437,22873
ACC_0618,2026-04,51,23952,19213
ACC_0618,2026-05,56,21247,17989
ACC_0618,2026-06,52,27300,21238
ACC_0618,2026-07,57,23031,18590
ACC_0618,2026-08,58,23946,19311
ACC_0619,2026-03,3,4803,3802
ACC_0619,2026-04,2,4120,3231
ACC_0619,2026-05,3,3659,3296
ACC_0619,2026-06,3,4036,3621
ACC_0619,2026-07,3,3768,3127
ACC_0619,2026-08,2,4014,3318
ACC_0620,2026-03,28,31780,25263
ACC_0620,2026-04,27,28052,24835
ACC_0620,2026-05,26,33936,27663
ACC_0620,2026-06,24,36403,30535
ACC_0620,2026-07,27,37957,32511
ACC_0620,2026-08,23,26723,24174
ACC_0621,2026-03,8,5599,4485
ACC_0621,2026-04,9,5394,4359
ACC_0621,2026-05,8,6465,5443
ACC_0621,2026-06,9,5787,5207
ACC_0621,2026-07,9,6285,5687
ACC_0621,2026-08,8,5605,4767
ACC_0622,2026-03,37,12270,10841
ACC_0622,2026-04,39,12756,10341
ACC_0622,2026-05,39,13036,10824
ACC_0622,2026-06,41,13091,10350
ACC_0622,2026-07,37,13284,11984
ACC_0622,2026-08,38,11831,9968
ACC_0623,2026-03,38,23859,20296
ACC_0623,2026-04,38,19849,15946
ACC_0623,2026-05,35,19139,16281
ACC_0623,2026-06,34,22314,17716
ACC_0623,2026-07,37,24498,20869
ACC_0623,2026-08,34,19454,17155
ACC_0624,2026-03,9,3204,2713
ACC_0624,2026-04,9,3450,2822
ACC_0624,2026-05,10,3404,2619
ACC_0624,2026-06,12,4122,3286
ACC_0624,2026-07,14,4951,3943
ACC_0624,2026-08,15,6107,4732
ACC_0625,2026-03,8,2915,2290
ACC_0625,2026-04,7,2616,2047
ACC_0625,2026-05,8,2506,2175
ACC_0625,2026-06,8,2839,2311
ACC_0625,2026-07,7,2568,2013
ACC_0625,2026-08,7,2292,1843
ACC_0626,2026-03,130,129047,115935
ACC_0626,2026-04,142,155246,133945
ACC_0626,2026-05,127,162993,132096
ACC_0626,2026-06,143,142304,125742
ACC_0626,2026-07,129,156934,126214
ACC_0626,2026-08,133,166458,138064
ACC_0627,2026-03,113,225833,203792
ACC_0627,2026-04,116,286583,233693
ACC_0627,2026-05,111,274576,233735
ACC_0627,2026-06,114,260719,229241
ACC_0627,2026-07,126,258025,219819
ACC_0627,2026-08,120,212623,186785
ACC_0628,2026-03,302,95305,74889
ACC_0628,2026-04,315,94504,78357
ACC_0628,2026-05,340,67556,58992
ACC_0628,2026-06,289,78725,63515
ACC_0628,2026-07,315,87418,75681
ACC_0628,2026-08,328,74909,61300
ACC_0629,2026-03,17,15570,11990
ACC_0629,2026-04,17,11992,10490
ACC_0629,2026-05,19,14381,12628
ACC_0629,2026-06,18,15077,11810
ACC_0629,2026-07,16,15511,12298
ACC_0629,2026-08,19,12539,10094
ACC_0630,2026-03,9,10862,8894
ACC_0630,2026-04,8,11063,9023
ACC_0630,2026-05,8,9484,8031
ACC_0630,2026-06,10,12265,10532
ACC_0630,2026-07,13,14473,12639
ACC_0630,2026-08,15,19360,15167
ACC_0631,2026-03,46,18586,15476
ACC_0631,2026-04,44,16724,14199
ACC_0631,2026-05,42,17694,14977
ACC_0631,2026-06,43,21232,16609
ACC_0631,2026-07,38,17138,13558
ACC_0631,2026-08,46,14420,12860
ACC_0632,2026-03,37,15894,13835
ACC_0632,2026-04,36,15098,12171
ACC_0632,2026-05,35,14870,11476
ACC_0632,2026-06,44,16553,14728
ACC_0632,2026-07,53,22002,17673
ACC_0632,2026-08,63,25091,21208
ACC_0633,2026-03,55,22224,19009
ACC_0633,2026-04,61,19609,16064
ACC_0633,2026-05,60,25110,20451
ACC_0633,2026-06,58,18817,16244
ACC_0633,2026-07,54,21698,18568
ACC_0633,2026-08,51,21325,16412
ACC_0634,2026-03,150,105844,88118
ACC_0634,2026-04,126,98195,84141
ACC_0634,2026-05,135,96433,74943
ACC_0634,2026-06,143,109553,94541
ACC_0634,2026-07,138,103717,83012
ACC_0634,2026-08,147,111410,88731
ACC_0635,2026-03,3,6087,4875
ACC_0635,2026-04,3,4694,3758
ACC_0635,2026-05,3,6080,4722
ACC_0635,2026-06,1,2755,2138
ACC_0635,2026-07,1,1362,1069
ACC_0635,2026-08,1,593,534
ACC_0636,2026-03,22,43136,34439
ACC_0636,2026-04,21,36982,33182
ACC_0636,2026-05,23,37077,28730
ACC_0636,2026-06,22,34012,29118
ACC_0636,2026-07,19,37240,30776
ACC_0636,2026-08,21,33998,27748
ACC_0637,2026-03,20,18326,14132
ACC_0637,2026-04,20,16518,12779
ACC_0637,2026-05,17,15540,12834
ACC_0637,2026-06,23,20598,16364
ACC_0637,2026-07,27,25468,19636
ACC_0637,2026-08,33,29597,23564
ACC_0638,2026-03,35,44523,34818
ACC_0638,2026-04,32,33978,29630
ACC_0638,2026-05,33,40655,36604
ACC_0638,2026-06,17,21152,17150
ACC_0638,2026-07,8,10206,8575
ACC_0638,2026-08,4,5310,4287
ACC_0639,2026-03,4,5664,4892
ACC_0639,2026-04,4,7906,6361
ACC_0639,2026-05,4,6576,5213
ACC_0639,2026-06,4,7034,5792
ACC_0639,2026-07,4,6728,5493
ACC_0639,2026-08,4,7695,6250
ACC_0640,2026-03,155,247506,203566
ACC_0640,2026-04,172,216252,191478
ACC_0640,2026-05,169,220831,176037
ACC_0640,2026-06,201,287596,225130
ACC_0640,2026-07,241,327941,270156
ACC_0640,2026-08,289,407976,324187
ACC_0641,2026-03,5,9846,7806
ACC_0641,2026-04,5,9642,7682
ACC_0641,2026-05,5,9330,7221
ACC_0641,2026-06,4,8113,7345
ACC_0641,2026-07,5,7800,6352
ACC_0641,2026-08,5,8833,6910
ACC_0642,2026-03,193,137292,119841
ACC_0642,2026-04,195,121895,98900
ACC_0642,2026-05,206,139559,109056
ACC_0642,2026-06,229,150776,125225
ACC_0642,2026-07,275,185050,150270
ACC_0642,2026-08,330,218594,180324
ACC_0643,2026-03,57,45465,35190
ACC_0643,2026-04,57,31414,27838
ACC_0643,2026-05,55,37946,32481
ACC_0643,2026-06,54,39231,34735
ACC_0643,2026-07,54,37195,30110
ACC_0643,2026-08,52,36741,29236
ACC_0644,2026-03,145,225626,197342
ACC_0644,2026-04,143,214207,191316
ACC_0644,2026-05,150,244617,195179
ACC_0644,2026-06,169,265051,210117
ACC_0644,2026-07,203,293174,252141
ACC_0644,2026-08,225,353210,302569
ACC_0645,2026-03,140,82725,72053
ACC_0645,2026-04,156,80673,67127
ACC_0645,2026-05,151,67855,61358
ACC_0645,2026-06,161,80941,70707
ACC_0645,2026-07,133,93389,78687
ACC_0645,2026-08,144,88326,79393
ACC_0646,2026-03,24,36791,32960
ACC_0646,2026-04,23,47314,37411
ACC_0646,2026-05,26,40016,31043
ACC_0646,2026-06,23,38579,31374
ACC_0646,2026-07,22,41916,37606
ACC_0646,2026-08,25,37048,31356
ACC_0647,2026-03,14,6751,5496
ACC_0647,2026-04,13,4917,4190
ACC_0647,2026-05,13,5767,4509
ACC_0647,2026-06,13,5875,4987
ACC_0647,2026-07,12,7007,5487
ACC_0647,2026-08,14,6177,5225
ACC_0648,2026-03,19,21383,16778
ACC_0648,2026-04,20,26959,20987
ACC_0648,2026-05,20,26544,21882
ACC_0648,2026-06,20,20883,16633
ACC_0648,2026-07,17,26700,21621
ACC_0648,2026-08,18,24862,21815
ACC_0649,2026-03,226,285119,229383
ACC_0649,2026-04,193,299285,231609
ACC_0649,2026-05,191,274695,246180
ACC_0649,2026-06,248,321280,291509
ACC_0649,2026-07,298,444228,349811
ACC_0649,2026-08,358,537235,419773
ACC_0650,2026-03,11,2467,2157
ACC_0650,2026-04,12,3182,2456
ACC_0650,2026-05,12,2679,2216
ACC_0650,2026-06,13,2451,2154
ACC_0650,2026-07,12,3022,2500
ACC_0650,2026-08,12,2863,2300
ACC_0651,2026-03,11,5218,4341
ACC_0651,2026-04,13,4546,3936
ACC_0651,2026-05,13,4708,4127
ACC_0651,2026-06,12,4711,3946
ACC_0651,2026-07,11,4770,4000
ACC_0651,2026-08,13,5338,4707
ACC_0652,2026-03,34,37834,29585
ACC_0652,2026-04,33,32694,29179
ACC_0652,2026-05,31,34601,26725
ACC_0652,2026-06,30,33589,26938
ACC_0652,2026-07,33,34700,28413
ACC_0652,2026-08,31,32871,25980
ACC_0653,2026-03,119,201987,173575
ACC_0653,2026-04,115,189036,151223
ACC_0653,2026-05,139,177316,141050
ACC_0653,2026-06,129,208018,175434
ACC_0653,2026-07,132,225079,189029
ACC_0653,2026-08,132,205768,159803
ACC_0654,2026-03,163,217728,197380
ACC_0654,2026-04,162,193594,171516
ACC_0654,2026-05,159,183795,160551
ACC_0654,2026-06,149,209402,187429
ACC_0654,2026-07,151,232405,198094
ACC_0654,2026-08,162,214368,180224
ACC_0655,2026-03,38,19374,15748
ACC_0655,2026-04,44,19118,15747
ACC_0655,2026-05,39,20860,17510
ACC_0655,2026-06,41,18962,15567
ACC_0655,2026-07,43,19934,16808
ACC_0655,2026-08,42,20459,16918
ACC_0656,2026-03,298,196275,155814
ACC_0656,2026-04,299,170846,149086
ACC_0656,2026-05,293,171833,138148
ACC_0656,2026-06,286,168757,130434
ACC_0656,2026-07,283,161722,132438
ACC_0656,2026-08,294,176298,145616
ACC_0657,2026-03,36,36708,30807
ACC_0657,2026-04,39,42319,34155
ACC_0657,2026-05,36,33036,29086
ACC_0657,2026-06,39,34745,29493
ACC_0657,2026-07,34,40442,32844
ACC_0657,2026-08,33,36317,31444
ACC_0658,2026-03,8,6550,5463
ACC_0658,2026-04,8,5218,4618
ACC_0658,2026-05,8,6462,5380
ACC_0658,2026-06,9,5430,4287
ACC_0658,2026-07,8,5866,4894
ACC_0658,2026-08,9,6274,5201
ACC_0659,2026-03,283,148791,134001
ACC_0659,2026-04,263,159795,124943
ACC_0659,2026-05,268,196464,167035
ACC_0659,2026-06,282,186393,153557
ACC_0659,2026-07,250,149211,129085
ACC_0659,2026-08,278,184165,157605
ACC_0660,2026-03,23,21176,17964
ACC_0660,2026-04,22,24395,19959
ACC_0660,2026-05,22,21673,16797
ACC_0660,2026-06,11,11240,9089
ACC_0660,2026-07,5,5670,4544
ACC_0660,2026-08,2,2883,2272
ACC_0661,2026-03,14,6652,5196
ACC_0661,2026-04,13,5332,4515
ACC_0661,2026-05,12,6940,5409
ACC_0661,2026-06,15,6994,6150
ACC_0661,2026-07,18,9241,7380
ACC_0661,2026-08,18,11021,8856
ACC_0662,2026-03,23,32070,28272
ACC_0662,2026-04,26,28144,22717
ACC_0662,2026-05,23,31662,25590
ACC_0662,2026-06,28,33326,29744
ACC_0662,2026-07,34,45404,35693
ACC_0662,2026-08,41,55164,42832
ACC_0663,2026-03,192,184819,154283
ACC_0663,2026-04,188,166675,131238
ACC_0663,2026-05,190,175609,140353
ACC_0663,2026-06,208,146582,127204
ACC_0663,2026-07,178,156742,127991
ACC_0663,2026-08,212,192168,151928
ACC_0664,2026-03,265,154499,139267
ACC_0664,2026-04,267,180660,148521
ACC_0664,2026-05,254,152785,120521
ACC_0664,2026-06,251,153612,131851
ACC_0664,2026-07,264,154617,132656
ACC_0664,2026-08,245,175441,149538
ACC_0665,2026-03,353,181007,157723
ACC_0665,2026-04,325,191977,173084
ACC_0665,2026-05,361,184772,145568
ACC_0665,2026-06,343,183195,163302
ACC_0665,2026-07,360,188537,170308
ACC_0665,2026-08,321,189017,154534
ACC_0666,2026-03,61,39229,30963
ACC_0666,2026-04,63,29978,25575
ACC_0666,2026-05,57,36522,30145
ACC_0666,2026-06,63,37236,29136
ACC_0666,2026-07,65,39160,30533
ACC_0666,2026-08,63,37779,29261
ACC_0667,2026-03,8,5528,4877
ACC_0667,2026-04,8,5764,4938
ACC_0667,2026-05,9,6589,5454
ACC_0667,2026-06,10,7273,6228
ACC_0667,2026-07,12,9100,7474
ACC_0667,2026-08,12,11596,8969
ACC_0668,2026-03,84,292323,251806
ACC_0668,2026-04,89,248847,222863
ACC_0668,2026-05,91,318591,288297
ACC_0668,2026-06,43,161877,125826
ACC_0668,2026-07,21,69283,62913
ACC_0668,2026-08,10,34849,31456
ACC_0669,2026-03,207,265856,231902
ACC_0669,2026-04,239,251917,197509
ACC_0669,2026-05,236,307251,243877
ACC_0669,2026-06,235,212940,193386
ACC_0669,2026-07,212,217923,191024
ACC_0669,2026-08,225,256589,225786
ACC_0670,2026-03,2,3333,2832
ACC_0670,2026-04,2,3289,2914
ACC_0670,2026-05,2,3724,2893
ACC_0670,2026-06,2,3853,3064
ACC_0670,2026-07,2,3034,2566
ACC_0670,2026-08,2,3086,2432
ACC_0671,2026-03,404,153824,134499
ACC_0671,2026-04,394,206966,164058
ACC_0671,2026-05,341,174211,137470
ACC_0671,2026-06,343,203325,159379
ACC_0671,2026-07,381,196363,160321
ACC_0671,2026-08,338,211335,165481
ACC_0672,2026-03,210,127107,108732
ACC_0672,2026-04,225,136512,115610
ACC_0672,2026-05,232,127551,112342
ACC_0672,2026-06,209,121938,102224
ACC_0672,2026-07,212,148199,122236
ACC_0672,2026-08,213,107823,95339
ACC_0673,2026-03,42,51644,41853
ACC_0673,2026-04,42,52417,43293
ACC_0673,2026-05,44,45262,37411
ACC_0673,2026-06,39,42670,37957
ACC_0673,2026-07,42,41571,33593
ACC_0673,2026-08,39,52304,41989
ACC_0674,2026-03,269,131544,108238
ACC_0674,2026-04,283,154981,124164
ACC_0674,2026-05,300,170063,136426
ACC_0674,2026-06,296,152971,125692
ACC_0674,2026-07,287,133759,110533
ACC_0674,2026-08,264,132940,108023
ACC_0675,2026-03,24,30803,23917
ACC_0675,2026-04,23,27905,22415
ACC_0675,2026-05,24,32516,27128
ACC_0675,2026-06,22,28125,24469
ACC_0675,2026-07,21,30568,24011
ACC_0675,2026-08,24,34449,28717
ACC_0676,2026-03,4,6746,5680
ACC_0676,2026-04,3,5151,4624
ACC_0676,2026-05,3,6061,4735
ACC_0676,2026-06,4,6198,5167
ACC_0676,2026-07,3,6536,5110
ACC_0676,2026-08,4,6358,5248
ACC_0677,2026-03,22,21682,19240
ACC_0677,2026-04,20,22428,18012
ACC_0677,2026-05,19,16920,15278
ACC_0677,2026-06,19,21767,18173
ACC_0677,2026-07,22,21229,17793
ACC_0677,2026-08,21,22198,18691
ACC_0678,2026-03,24,35289,30124
ACC_0678,2026-04,21,37241,28985
ACC_0678,2026-05,23,40660,32320
ACC_0678,2026-06,23,27287,24729
ACC_0678,2026-07,24,31104,26414
ACC_0678,2026-08,20,36895,29309
ACC_0679,2026-03,28,8180,7163
ACC_0679,2026-04,28,11361,8921
ACC_0679,2026-05,24,8666,7130
ACC_0679,2026-06,13,5003,3984
ACC_0679,2026-07,6,2481,1992
ACC_0679,2026-08,3,1212,996
ACC_0680,2026-03,99,44790,35169
ACC_0680,2026-04,106,41323,32676
ACC_0680,2026-05,114,50059,38554
ACC_0680,2026-06,52,21039,18844
ACC_0680,2026-07,26,11658,9422
ACC_0680,2026-08,13,5653,4711
ACC_0681,2026-03,4,2935,2572
ACC_0681,2026-04,4,3762,3034
ACC_0681,2026-05,4,3503,2844
ACC_0681,2026-06,4,3702,2964
ACC_0681,2026-07,4,2997,2539
ACC_0681,2026-08,4,2919,2597
ACC_0682,2026-03,108,227535,181739
ACC_0682,2026-04,114,179477,146561
ACC_0682,2026-05,110,168531,138780
ACC_0682,2026-06,103,185067,153299
ACC_0682,2026-07,108,202792,159006
ACC_0682,2026-08,111,195612,174541
ACC_0683,2026-03,21,29136,24714
ACC_0683,2026-04,23,34804,27363
ACC_0683,2026-05,23,25948,23026
ACC_0683,2026-06,11,14806,12144
ACC_0683,2026-07,5,7135,6072
ACC_0683,2026-08,2,3349,3036
ACC_0684,2026-03,7,7295,5754
ACC_0684,2026-04,6,7123,5787
ACC_0684,2026-05,7,6085,4934
ACC_0684,2026-06,6,5939,4794
ACC_0684,2026-07,6,5165,4614
ACC_0684,2026-08,7,5519,4778
ACC_0685,2026-03,323,128003,102197
ACC_0685,2026-04,297,134493,116761
ACC_0685,2026-05,293,128361,113470
ACC_0685,2026-06,385,143192,126925
ACC_0685,2026-07,415,182219,152310
ACC_0685,2026-08,415,203016,182772
ACC_0686,2026-03,36,8218,7390
ACC_0686,2026-04,38,7994,6428
ACC_0686,2026-05,41,9223,7249
ACC_0686,2026-06,34,7649,6798
ACC_0686,2026-07,36,9902,7735
ACC_0686,2026-08,36,8745,6871
ACC_0687,2026-03,6,3661,3255
ACC_0687,2026-04,6,4665,3950
ACC_0687,2026-05,6,4857,3956
ACC_0687,2026-06,6,4569,3934
ACC_0687,2026-07,5,4273,3459
ACC_0687,2026-08,6,4010,3384
ACC_0688,2026-03,162,131413,104130
ACC_0688,2026-04,151,110248,99428
ACC_0688,2026-05,139,130054,103487
ACC_0688,2026-06,141,134442,106597
ACC_0688,2026-07,159,130406,113796
ACC_0688,2026-08,151,140480,109014
ACC_0689,2026-03,16,23902,18933
ACC_0689,2026-04,16,20946,18543
ACC_0689,2026-05,14,26000,20080
ACC_0689,2026-06,19,28050,22606
ACC_0689,2026-07,23,32354,27127
ACC_0689,2026-08,28,37081,32553
ACC_0690,2026-03,219,111727,95786
ACC_0690,2026-04,263,114014,98497
ACC_0690,2026-05,263,122600,102303
ACC_0690,2026-06,226,98089,87358
ACC_0690,2026-07,226,91408,77007
ACC_0690,2026-08,233,123219,99751
ACC_0691,2026-03,163,185739,165234
ACC_0691,2026-04,154,215991,175004
ACC_0691,2026-05,184,206690,175085
ACC_0691,2026-06,206,291917,230853
ACC_0691,2026-07,247,355668,277024
ACC_0691,2026-08,296,394890,332429
ACC_0692,2026-03,57,41528,35475
ACC_0692,2026-04,53,41232,36565
ACC_0692,2026-05,62,37713,33930
ACC_0692,2026-06,29,22863,19826
ACC_0692,2026-07,14,11726,9913
ACC_0692,2026-08,7,5550,4956
ACC_0693,2026-03,150,137734,115803
ACC_0693,2026-04,164,166220,129578
ACC_0693,2026-05,149,162088,140636
ACC_0693,2026-06,82,75060,65430
ACC_0693,2026-07,41,41013,32715
ACC_0693,2026-08,20,19798,16357
ACC_0694,2026-03,109,139096,119567
ACC_0694,2026-04,99,127428,104298
ACC_0694,2026-05,96,142084,115580
ACC_0694,2026-06,53,68633,56276
ACC_0694,2026-07,26,33748,28138
ACC_0694,2026-08,13,18043,14069
ACC_0695,2026-03,21,22732,18377
ACC_0695,2026-04,24,20907,17260
ACC_0695,2026-05,21,20485,17414
ACC_0695,2026-06,27,24045,21471
ACC_0695,2026-07,33,29456,25765
ACC_0695,2026-08,35,35782,30918
ACC_0696,2026-03,9,8621,6884
ACC_0696,2026-04,9,7078,5719
ACC_0696,2026-05,10,7448,6433
ACC_0696,2026-06,10,6766,5537
ACC_0696,2026-07,10,6890,5449
ACC_0696,2026-08,9,8865,6983
ACC_0697,2026-03,122,207451,171716
ACC_0697,2026-04,113,152610,137365
ACC_0697,2026-05,113,181803,164456
ACC_0697,2026-06,129,182051,162689
ACC_0697,2026-07,132,228367,177202
ACC_0697,2026-08,129,178402,144237
ACC_0698,2026-03,262,331768,300384
ACC_0698,2026-04,305,372331,305809
ACC_0698,2026-05,273,354256,320273
ACC_0698,2026-06,343,463368,366569
ACC_0698,2026-07,376,490083,439883
ACC_0698,2026-08,376,638353,527860
ACC_0699,2026-03,130,192869,162040
ACC_0699,2026-04,151,173071,143911
ACC_0699,2026-05,152,182504,153614
ACC_0699,2026-06,169,216831,180487
ACC_0699,2026-07,186,257201,216585
ACC_0699,2026-08,186,286491,259902
ACC_0700,2026-03,6,4365,3750
ACC_0700,2026-04,6,4797,4223
ACC_0700,2026-05,5,4543,3917
ACC_0700,2026-06,6,5118,4149
ACC_0700,2026-07,6,4626,3856
ACC_0700,2026-08,6,4055,3579
ACC_0701,2026-03,13,33968,27941
ACC_0701,2026-04,15,35060,29329
ACC_0701,2026-05,14,29422,24161
ACC_0701,2026-06,16,35717,31171
ACC_0701,2026-07,19,42028,37406
ACC_0701,2026-08,22,57497,44887
ACC_0702,2026-03,63,27550,21525
ACC_0702,2026-04,67,26051,22520
ACC_0702,2026-05,71,31944,26365
ACC_0702,2026-06,63,26934,24019
ACC_0702,2026-07,71,32485,25543
ACC_0702,2026-08,67,29537,25993
ACC_0703,2026-03,65,36183,29611
ACC_0703,2026-04,61,33763,29284
ACC_0703,2026-05,63,32342,27165
ACC_0703,2026-06,60,30354,27537
ACC_0703,2026-07,63,31475,27892
ACC_0703,2026-08,68,37935,30300
ACC_0704,2026-03,19,19423,15033
ACC_0704,2026-04,22,14463,12257
ACC_0704,2026-05,22,13417,12107
ACC_0704,2026-06,25,18781,15820
ACC_0704,2026-07,30,24622,18984
ACC_0704,2026-08,37,26858,22780
ACC_0705,2026-03,11,4032,3403
ACC_0705,2026-04,11,3353,2891
ACC_0705,2026-05,10,4450,3656
ACC_0705,2026-06,11,4160,3551
ACC_0705,2026-07,11,4326,3426
ACC_0705,2026-08,12,4597,3699
ACC_0706,2026-03,120,89164,78399
ACC_0706,2026-04,116,120842,103795
ACC_0706,2026-05,122,112371,89471
ACC_0706,2026-06,127,121383,103564
ACC_0706,2026-07,133,118892,99150
ACC_0706,2026-08,116,113167,95437
ACC_0707,2026-03,354,267605,226156
ACC_0707,2026-04,397,257497,206317
ACC_0707,2026-05,401,261714,235129
ACC_0707,2026-06,372,269002,220691
ACC_0707,2026-07,377,233976,211100
ACC_0707,2026-08,374,257139,233642
ACC_0708,2026-03,4,4928,4270
ACC_0708,2026-04,4,7056,5612
ACC_0708,2026-05,4,6503,5066
ACC_0708,2026-06,5,7184,5863
ACC_0708,2026-07,6,9072,7036
ACC_0708,2026-08,8,10210,8444
ACC_0709,2026-03,344,76545,65856
ACC_0709,2026-04,332,81938,66200
ACC_0709,2026-05,355,74923,61530
ACC_0709,2026-06,363,78579,70801
ACC_0709,2026-07,306,70482,57781
ACC_0709,2026-08,310,89949,71604
ACC_0710,2026-03,113,210163,187198
ACC_0710,2026-04,105,263809,211786
ACC_0710,2026-05,99,278963,223074
ACC_0710,2026-06,52,131294,108414
ACC_0710,2026-07,26,63908,54207
ACC_0710,2026-08,13,32096,27103
ACC_0711,2026-03,253,155194,134720
ACC_0711,2026-04,266,139170,116256
ACC_0711,2026-05,249,169674,137917
ACC_0711,2026-06,262,144100,119479
ACC_0711,2026-07,278,140441,121210
ACC_0711,2026-08,266,164351,129102
ACC_0712,2026-03,29,22085,19504
ACC_0712,2026-04,32,26121,22461
ACC_0712,2026-05,33,23567,19828
ACC_0712,2026-06,37,28817,23865
ACC_0712,2026-07,44,31668,28638
ACC_0712,2026-08,53,40898,34365
ACC_0713,2026-03,7,7083,5798
ACC_0713,2026-04,8,6709,5340
ACC_0713,2026-05,8,6611,5621
ACC_0713,2026-06,4,3257,2893
ACC_0713,2026-07,2,1773,1446
ACC_0713,2026-08,1,906,723
ACC_0714,2026-03,186,176485,144465
ACC_0714,2026-04,180,163146,131680
ACC_0714,2026-05,197,155294,136541
ACC_0714,2026-06,95,86279,76018
ACC_0714,2026-07,47,44045,38009
ACC_0714,2026-08,23,24565,19004
ACC_0715,2026-03,24,46138,39092
ACC_0715,2026-04,25,47991,40739
ACC_0715,2026-05,22,44185,35581
ACC_0715,2026-06,28,52952,47280
ACC_0715,2026-07,34,66636,56736
ACC_0715,2026-08,41,88133,68084
ACC_0716,2026-03,3,7898,6308
ACC_0716,2026-04,4,7420,6210
ACC_0716,2026-05,3,8746,7041
ACC_0716,2026-06,1,4716,3633
ACC_0716,2026-07,1,2044,1816
ACC_0716,2026-08,1,1157,908
ACC_0717,2026-03,59,52178,40782
ACC_0717,2026-04,66,37931,33658
ACC_0717,2026-05,63,49913,39285
ACC_0717,2026-06,62,39872,35302
ACC_0717,2026-07,56,37053,32481
ACC_0717,2026-08,58,49372,38666
ACC_0718,2026-03,124,133224,106536
ACC_0718,2026-04,111,145145,112104
ACC_0718,2026-05,126,122167,105961
ACC_0718,2026-06,61,66342,55156
ACC_0718,2026-07,30,32044,27578
ACC_0718,2026-08,15,15508,13789
ACC_0719,2026-03,261,135535,105066
ACC_0719,2026-04,245,121930,102821
ACC_0719,2026-05,258,115396,93785
ACC_0719,2026-06,260,99451,87287
ACC_0719,2026-07,289,111209,86283
ACC_0719,2026-08,250,123598,103909
ACC_0720,2026-03,9,4034,3397
ACC_0720,2026-04,9,4810,4188
ACC_0720,2026-05,8,5049,4045
ACC_0720,2026-06,10,5578,4657
ACC_0720,2026-07,12,6181,5588
ACC_0720,2026-08,13,8540,6706
ACC_0721,2026-03,6,6801,6169
ACC_0721,2026-04,6,7833,7035
ACC_0721,2026-05,6,9296,7347
ACC_0721,2026-06,7,8912,7743
ACC_0721,2026-07,8,11548,9291
ACC_0721,2026-08,9,12697,11149
ACC_0722,2026-03,50,23150,19282
ACC_0722,2026-04,49,21503,18766
ACC_0722,2026-05,57,22223,20160
ACC_0722,2026-06,64,27605,21710
ACC_0722,2026-07,76,33156,26053
ACC_0722,2026-08,83,39315,31263
ACC_0723,2026-03,43,30007,25928
ACC_0723,2026-04,48,33687,28816
ACC_0723,2026-05,41,31061,24203
ACC_0723,2026-06,48,28762,24262
ACC_0723,2026-07,47,28798,23859
ACC_0723,2026-08,43,27740,22728
ACC_0724,2026-03,264,117124,95209
ACC_0724,2026-04,310,113519,97517
ACC_0724,2026-05,294,97799,81005
ACC_0724,2026-06,312,105517,91667
ACC_0724,2026-07,288,107995,88201
ACC_0724,2026-08,291,126218,104699
ACC_0725,2026-03,186,343507,264836
ACC_0725,2026-04,182,378130,298327
ACC_0725,2026-05,168,383045,309856
ACC_0725,2026-06,174,326407,258634
ACC_0725,2026-07,196,389289,322236
ACC_0725,2026-08,200,339311,298951
ACC_0726,2026-03,48,42811,37801
ACC_0726,2026-04,44,42059,37532
ACC_0726,2026-05,51,51908,42137
ACC_0726,2026-06,47,44962,35589
ACC_0726,2026-07,51,48646,37516
ACC_0726,2026-08,47,41003,36944
ACC_0727,2026-03,9,3708,3236
ACC_0727,2026-04,9,4008,3237
ACC_0727,2026-05,8,4168,3712
ACC_0727,2026-06,9,4654,3796
ACC_0727,2026-07,9,4856,3853
ACC_0727,2026-08,8,4031,3658
ACC_0728,2026-03,34,17668,15884
ACC_0728,2026-04,36,23450,20253
ACC_0728,2026-05,33,21526,16704
ACC_0728,2026-06,35,24489,19479
ACC_0728,2026-07,33,24602,19630
ACC_0728,2026-08,35,18758,16130
ACC_0729,2026-03,49,47865,43240
ACC_0729,2026-04,43,47486,43037
ACC_0729,2026-05,49,43908,38636
ACC_0729,2026-06,55,56040,47734
ACC_0729,2026-07,62,72352,57281
ACC_0729,2026-08,62,88580,68737
ACC_0730,2026-03,205,69703,58713
ACC_0730,2026-04,249,69134,58370
ACC_0730,2026-05,209,58331,47445
ACC_0730,2026-06,273,85559,66675
ACC_0730,2026-07,327,92797,80010
ACC_0730,2026-08,393,107275,96012
ACC_0731,2026-03,20,19054,17317
ACC_0731,2026-04,18,16885,14313
ACC_0731,2026-05,19,19611,16998
ACC_0731,2026-06,18,15941,13034
ACC_0731,2026-07,17,17528,15390
ACC_0731,2026-08,18,16661,13761
ACC_0732,2026-03,14,16261,13314
ACC_0732,2026-04,14,18064,14954
ACC_0732,2026-05,14,18306,14919
ACC_0732,2026-06,16,19996,17796
ACC_0732,2026-07,20,25750,21355
ACC_0732,2026-08,23,31685,25627
ACC_0733,2026-03,13,20444,17242
ACC_0733,2026-04,14,21166,17437
ACC_0733,2026-05,16,16511,13546
ACC_0733,2026-06,17,21344,18968
ACC_0733,2026-07,21,29331,22761
ACC_0733,2026-08,21,30769,27313
ACC_0734,2026-03,8,6758,5303
ACC_0734,2026-04,7,5470,4903
ACC_0734,2026-05,8,7282,5619
ACC_0734,2026-06,4,3163,2605
ACC_0734,2026-07,2,1675,1302
ACC_0734,2026-08,1,838,651
ACC_0735,2026-03,169,123608,103237
ACC_0735,2026-04,148,127799,102273
ACC_0735,2026-05,154,128010,112589
ACC_0735,2026-06,186,156011,139930
ACC_0735,2026-07,223,202904,167917
ACC_0735,2026-08,268,253778,201500
ACC_0736,2026-03,225,136400,114898
ACC_0736,2026-04,207,116703,90566
ACC_0736,2026-05,214,123946,104169
ACC_0736,2026-06,235,145099,113122
ACC_0736,2026-07,211,125185,108547
ACC_0736,2026-08,205,130199,111346
ACC_0737,2026-03,128,358535,298491
ACC_0737,2026-04,127,350563,311538
ACC_0737,2026-05,151,334554,304137
ACC_0737,2026-06,70,184918,152208
ACC_0737,2026-07,35,97992,76104
ACC_0737,2026-08,17,42236,38052
ACC_0738,2026-03,15,39827,35862
ACC_0738,2026-04,14,48807,42232
ACC_0738,2026-05,16,52984,44131
ACC_0738,2026-06,18,59249,46148
ACC_0738,2026-07,22,67683,55378
ACC_0738,2026-08,26,84892,66453
ACC_0739,2026-03,8,3015,2387
ACC_0739,2026-04,7,2766,2225
ACC_0739,2026-05,7,2221,1876
ACC_0739,2026-06,4,1240,1053
ACC_0739,2026-07,2,676,526
ACC_0739,2026-08,1,337,263
ACC_0740,2026-03,8,2338,1904
ACC_0740,2026-04,8,1637,1458
ACC_0740,2026-05,7,1622,1429
ACC_0740,2026-06,3,1001,840
ACC_0740,2026-07,1,529,420
ACC_0740,2026-08,1,272,210
ACC_0741,2026-03,19,22722,19379
ACC_0741,2026-04,20,29575,24893
ACC_0741,2026-05,20,22177,20002
ACC_0741,2026-06,18,29906,24539
ACC_0741,2026-07,19,22877,19116
ACC_0741,2026-08,20,30369,24676
ACC_0742,2026-03,17,18601,16488
ACC_0742,2026-04,18,18204,14939
ACC_0742,2026-05,19,19787,16735
ACC_0742,2026-06,9,8493,7541
ACC_0742,2026-07,4,4340,3770
ACC_0742,2026-08,2,2434,1885
ACC_0743,2026-03,94,119610,99432
ACC_0743,2026-04,80,114353,90688
ACC_0743,2026-05,91,102368,79954
ACC_0743,2026-06,90,91695,79627
ACC_0743,2026-07,78,105874,87334
ACC_0743,2026-08,88,95214,83769
ACC_0744,2026-03,30,22134,18886
ACC_0744,2026-04,27,23710,18747
ACC_0744,2026-05,27,23152,19552
ACC_0744,2026-06,34,23181,20845
ACC_0744,2026-07,38,31829,25015
ACC_0744,2026-08,38,38897,30018
ACC_0745,2026-03,67,84380,65011
ACC_0745,2026-04,79,92098,71606
ACC_0745,2026-05,72,84074,64996
ACC_0745,2026-06,86,89487,76907
ACC_0745,2026-07,104,105722,92288
ACC_0745,2026-08,124,142223,110746
ACC_0746,2026-03,5,4899,4120
ACC_0746,2026-04,5,4491,4046
ACC_0746,2026-05,5,5257,4492
ACC_0746,2026-06,2,2542,2168
ACC_0746,2026-07,1,1278,1084
ACC_0746,2026-08,1,618,542
ACC_0747,2026-03,5,5169,4037
ACC_0747,2026-04,6,3774,3079
ACC_0747,2026-05,5,3975,3063
ACC_0747,2026-06,5,4235,3283
ACC_0747,2026-07,6,4240,3529
ACC_0747,2026-08,6,4549,3677
ACC_0748,2026-03,27,12573,11319
ACC_0748,2026-04,26,10677,9665
ACC_0748,2026-05,26,11832,10318
ACC_0748,2026-06,27,15031,12125
ACC_0748,2026-07,23,10664,9694
ACC_0748,2026-08,23,11351,9559
ACC_0749,2026-03,11,8910,8085
ACC_0749,2026-04,13,9490,7654
ACC_0749,2026-05,11,7840,6716
ACC_0749,2026-06,6,4517,3550
ACC_0749,2026-07,3,2282,1775
ACC_0749,2026-08,1,1136,887
ACC_0750,2026-03,9,6099,4972
ACC_0750,2026-04,9,5326,4606
ACC_0750,2026-05,10,6698,5346
ACC_0750,2026-06,4,3324,2679
ACC_0750,2026-07,2,1699,1339
ACC_0750,2026-08,1,797,669
ACC_0751,2026-03,11,3366,3045
ACC_0751,2026-04,10,3796,3411
ACC_0751,2026-05,9,3964,3070
ACC_0751,2026-06,11,4540,3619
ACC_0751,2026-07,9,4076,3353
ACC_0751,2026-08,9,3898,3028
ACC_0752,2026-03,6,6884,6186
ACC_0752,2026-04,6,7636,5957
ACC_0752,2026-05,6,7684,6583
ACC_0752,2026-06,6,8285,6413
ACC_0752,2026-07,6,7106,6186
ACC_0752,2026-08,6,6610,5854
ACC_0753,2026-03,6,5268,4090
ACC_0753,2026-04,6,4266,3514
ACC_0753,2026-05,7,5575,4610
ACC_0753,2026-06,3,2288,2053
ACC_0753,2026-07,1,1207,1026
ACC_0753,2026-08,1,609,513
ACC_0754,2026-03,7,9760,8462
ACC_0754,2026-04,8,11711,9070
ACC_0754,2026-05,8,10068,8696
ACC_0754,2026-06,4,5178,4258
ACC_0754,2026-07,2,2752,2129
ACC_0754,2026-08,1,1250,1064
ACC_0755,2026-03,6,6366,5016
ACC_0755,2026-04,6,4492,3968
ACC_0755,2026-05,6,4761,3972
ACC_0755,2026-06,7,4947,4394
ACC_0755,2026-07,6,5191,4356
ACC_0755,2026-08,6,5844,4769
ACC_0756,2026-03,148,109787,99531
ACC_0756,2026-04,162,142166,115711
ACC_0756,2026-05,166,138444,124806
ACC_0756,2026-06,146,152369,117950
ACC_0756,2026-07,155,126990,110364
ACC_0756,2026-08,139,142010,126419
ACC_0757,2026-03,10,3134,2711
ACC_0757,2026-04,11,3511,2733
ACC_0757,2026-05,11,3359,2586
ACC_0757,2026-06,13,3493,2884
ACC_0757,2026-07,16,4486,3461
ACC_0757,2026-08,19,4943,4153
ACC_0758,2026-03,2,5531,4880
ACC_0758,2026-04,1,6514,5674
ACC_0758,2026-05,2,7011,5567
ACC_0758,2026-06,2,5232,4457
ACC_0758,2026-07,2,5201,4362
ACC_0758,2026-08,2,5220,4282
ACC_0759,2026-03,13,5806,5071
ACC_0759,2026-04,13,4456,3917
ACC_0759,2026-05,13,5090,4141
ACC_0759,2026-06,13,5367,4820
ACC_0759,2026-07,14,5211,4633
ACC_0759,2026-08,13,5045,4583
ACC_0760,2026-03,235,172051,150620
ACC_0760,2026-04,217,170513,152747
ACC_0760,2026-05,227,177531,142034
ACC_0760,2026-06,111,93149,75239
ACC_0760,2026-07,55,44920,37619
ACC_0760,2026-08,27,23338,18809
ACC_0761,2026-03,17,42359,33763
ACC_0761,2026-04,18,39102,31204
ACC_0761,2026-05,17,38722,34778
ACC_0761,2026-06,18,36673,32428
ACC_0761,2026-07,18,35409,31212
ACC_0761,2026-08,17,38060,29818
ACC_0762,2026-03,110,218528,182815
ACC_0762,2026-04,106,176905,154807
ACC_0762,2026-05,113,195662,152228
ACC_0762,2026-06,130,196754,152629
ACC_0762,2026-07,108,173632,150234
ACC_0762,2026-08,130,223501,179342
ACC_0763,2026-03,5,6611,5323
ACC_0763,2026-04,4,6825,5473
ACC_0763,2026-05,4,5669,4621
ACC_0763,2026-06,5,6032,4854
ACC_0763,2026-07,4,6477,5752
ACC_0763,2026-08,4,6408,4983
ACC_0764,2026-03,43,44090,39152
ACC_0764,2026-04,43,38124,34365
ACC_0764,2026-05,45,40634,32864
ACC_0764,2026-06,50,43374,34462
ACC_0764,2026-07,45,47307,39708
ACC_0764,2026-08,46,45350,40521
ACC_0765,2026-03,54,94521,77499
ACC_0765,2026-04,59,118976,96169
ACC_0765,2026-05,63,100472,85463
ACC_0765,2026-06,61,108177,95578
ACC_0765,2026-07,63,97828,87046
ACC_0765,2026-08,64,101641,80132
ACC_0766,2026-03,88,76237,60492
ACC_0766,2026-04,89,62869,52506
ACC_0766,2026-05,95,68959,56924
ACC_0766,2026-06,47,34795,29646
ACC_0766,2026-07,23,18799,14823
ACC_0766,2026-08,11,9399,7411
ACC_0767,2026-03,22,35766,28842
ACC_0767,2026-04,22,31455,26160
ACC_0767,2026-05,20,33251,28649
ACC_0767,2026-06,24,41512,35867
ACC_0767,2026-07,29,53913,43041
ACC_0767,2026-08,35,59445,51649
ACC_0768,2026-03,8,4797,3929
ACC_0768,2026-04,7,4041,3415
ACC_0768,2026-05,7,4568,3887
ACC_0768,2026-06,7,3750,3308
ACC_0768,2026-07,7,4661,4149
ACC_0768,2026-08,7,3804,3328
ACC_0769,2026-03,119,428353,353730
ACC_0769,2026-04,109,368208,328675
ACC_0769,2026-05,114,400616,313654
ACC_0769,2026-06,136,415331,374896
ACC_0769,2026-07,164,560989,449875
ACC_0769,2026-08,171,696314,539850
ACC_0770,2026-03,42,39091,33635
ACC_0770,2026-04,48,38963,31933
ACC_0770,2026-05,46,38644,33893
ACC_0770,2026-06,43,37890,33627
ACC_0770,2026-07,49,53942,41834
ACC_0770,2026-08,49,38771,33050
ACC_0771,2026-03,21,25609,19854
ACC_0771,2026-04,20,20626,18491
ACC_0771,2026-05,23,20716,16792
ACC_0771,2026-06,22,19465,15019
ACC_0771,2026-07,21,24366,19405
ACC_0771,2026-08,22,22839,18493
ACC_0772,2026-03,19,47848,37990
ACC_0772,2026-04,18,47036,36739
ACC_0772,2026-05,19,45150,38521
ACC_0772,2026-06,22,46790,40759
ACC_0772,2026-07,27,57428,48911
ACC_0772,2026-08,33,70106,58694
ACC_0773,2026-03,31,47259,36566
ACC_0773,2026-04,27,38545,33342
ACC_0773,2026-05,28,40875,34818
ACC_0773,2026-06,15,22051,18268
ACC_0773,2026-07,7,11706,9134
ACC_0773,2026-08,3,5546,4567
ACC_0774,2026-03,223,293855,260390
ACC_0774,2026-04,252,303642,258143
ACC_0774,2026-05,229,296608,264223
ACC_0774,2026-06,119,172459,134259
ACC_0774,2026-07,59,74023,67129
ACC_0774,2026-08,29,42761,33564
ACC_0775,2026-03,40,25769,22347
ACC_0775,2026-04,38,25492,22030
ACC_0775,2026-05,42,27247,22150
ACC_0775,2026-06,19,11860,9748
ACC_0775,2026-07,9,5602,4874
ACC_0775,2026-08,4,3118,2437
ACC_0776,2026-03,130,144300,116027
ACC_0776,2026-04,123,143618,125540
ACC_0776,2026-05,142,145973,112964
ACC_0776,2026-06,162,182574,147698
ACC_0776,2026-07,186,195601,177237
ACC_0776,2026-08,186,256674,212685
ACC_0777,2026-03,4,5185,4031
ACC_0777,2026-04,4,5693,4787
ACC_0777,2026-05,5,5300,4555
ACC_0777,2026-06,4,6037,4902
ACC_0777,2026-07,5,5166,4043
ACC_0777,2026-08,4,5103,4425
ACC_0778,2026-03,2,2867,2332
ACC_0778,2026-04,2,2682,2225
ACC_0778,2026-05,2,3648,2886
ACC_0778,2026-06,3,3562,3113
ACC_0778,2026-07,3,4441,3736
ACC_0778,2026-08,4,5337,4483
ACC_0779,2026-03,35,21532,19186
ACC_0779,2026-04,40,22429,20219
ACC_0779,2026-05,39,25938,20536
ACC_0779,2026-06,45,29354,23247
ACC_0779,2026-07,54,35887,27896
ACC_0779,2026-08,64,37243,33475
ACC_0780,2026-03,10,4869,3792
ACC_0780,2026-04,9,5788,4646
ACC_0780,2026-05,8,4758,3990
ACC_0780,2026-06,4,2795,2202
ACC_0780,2026-07,2,1254,1101
ACC_0780,2026-08,1,651,550
ACC_0781,2026-03,31,24719,21617
ACC_0781,2026-04,29,27053,21838
ACC_0781,2026-05,29,19913,17988
ACC_0781,2026-06,14,11243,10000
ACC_0781,2026-07,7,5878,5000
ACC_0781,2026-08,3,2922,2500
ACC_0782,2026-03,23,25454,20712
ACC_0782,2026-04,22,30028,25088
ACC_0782,2026-05,20,25189,21443
ACC_0782,2026-06,22,33717,26508
ACC_0782,2026-07,22,30618,27104
ACC_0782,2026-08,20,32252,25538
ACC_0783,2026-03,8,5744,5221
ACC_0783,2026-04,7,6214,5017
ACC_0783,2026-05,8,6985,5560
ACC_0783,2026-06,7,5502,4642
ACC_0783,2026-07,8,6892,5773
ACC_0783,2026-08,7,5664,4373
ACC_0784,2026-03,11,6251,4990
ACC_0784,2026-04,12,5493,4819
ACC_0784,2026-05,10,4214,3746
ACC_0784,2026-06,11,5321,4193
ACC_0784,2026-07,12,5697,4456
ACC_0784,2026-08,11,5769,4464
ACC_0785,2026-03,15,3404,2650
ACC_0785,2026-04,15,2966,2576
ACC_0785,2026-05,14,2758,2321
ACC_0785,2026-06,14,2953,2279
ACC_0785,2026-07,16,3784,2919
ACC_0785,2026-08,13,2846,2291
ACC_0786,2026-03,58,57738,49382
ACC_0786,2026-04,66,57735,47589
ACC_0786,2026-05,63,55791,45100
ACC_0786,2026-06,65,50154,38829
ACC_0786,2026-07,59,52321,41387
ACC_0786,2026-08,62,56344,49329
ACC_0787,2026-03,184,177083,148093
ACC_0787,2026-04,181,145722,118517
ACC_0787,2026-05,172,156930,126891
ACC_0787,2026-06,170,137746,120065
ACC_0787,2026-07,170,163594,128677
ACC_0787,2026-08,186,181334,147350
ACC_0788,2026-03,19,54748,48241
ACC_0788,2026-04,21,51715,44684
ACC_0788,2026-05,20,56622,45516
ACC_0788,2026-06,10,27438,22283
ACC_0788,2026-07,5,13115,11141
ACC_0788,2026-08,2,6476,5570
ACC_0789,2026-03,3,4791,3803
ACC_0789,2026-04,3,4583,3905
ACC_0789,2026-05,3,4426,3972
ACC_0789,2026-06,1,2260,1863
ACC_0789,2026-07,1,1195,931
ACC_0789,2026-08,1,543,465
ACC_0790,2026-03,146,274996,234001
ACC_0790,2026-04,155,279702,235010
ACC_0790,2026-05,141,277667,249692
ACC_0790,2026-06,169,346088,274524
ACC_0790,2026-07,203,415817,329428
ACC_0790,2026-08,244,436281,395314
ACC_0791,2026-03,10,32321,26269
ACC_0791,2026-04,11,30271,27077
ACC_0791,2026-05,11,34835,28687
ACC_0791,2026-06,12,31980,24804
ACC_0791,2026-07,11,31448,25579
ACC_0791,2026-08,11,31129,25841
ACC_0792,2026-03,219,142344,113010
ACC_0792,2026-04,222,132194,111315
ACC_0792,2026-05,198,158159,132676
ACC_0792,2026-06,196,151662,125748
ACC_0792,2026-07,208,152037,128402
ACC_0792,2026-08,192,146106,127984
ACC_0793,2026-03,109,194096,167072
ACC_0793,2026-04,96,216433,173840
ACC_0793,2026-05,108,188748,164611
ACC_0793,2026-06,53,97761,86595
ACC_0793,2026-07,26,48999,43297
ACC_0793,2026-08,13,26350,21648
ACC_0794,2026-03,9,4977,3833
ACC_0794,2026-04,9,5042,3926
ACC_0794,2026-05,9,4654,4230
ACC_0794,2026-06,4,2355,1989
ACC_0794,2026-07,2,1204,994
ACC_0794,2026-08,1,586,497
ACC_0795,2026-03,192,316004,265647
ACC_0795,2026-04,190,343491,266645
ACC_0795,2026-05,189,329067,257465
ACC_0795,2026-06,96,167608,141403
ACC_0795,2026-07,48,91778,70701
ACC_0795,2026-08,24,40701,35350
ACC_0796,2026-03,57,236810,198325
ACC_0796,2026-04,53,259747,200576
ACC_0796,2026-05,60,250357,193689
ACC_0796,2026-06,29,111192,93575
ACC_0796,2026-07,14,52494,46787
ACC_0796,2026-08,7,28703,23393
ACC_0797,2026-03,7,4067,3283
ACC_0797,2026-04,7,4358,3837
ACC_0797,2026-05,7,3662,3235
ACC_0797,2026-06,3,2128,1800
ACC_0797,2026-07,1,1027,900
ACC_0797,2026-08,1,521,450
ACC_0798,2026-03,14,4892,4037
ACC_0798,2026-04,13,4364,3703
ACC_0798,2026-05,14,4504,3795
ACC_0798,2026-06,12,4261,3698
ACC_0798,2026-07,14,5484,4391
ACC_0798,2026-08,12,4025,3612
ACC_0799,2026-03,42,42644,34099
ACC_0799,2026-04,37,44835,35261
ACC_0799,2026-05,37,37475,32722
ACC_0799,2026-06,19,21191,16605
ACC_0799,2026-07,9,10588,8302
ACC_0799,2026-08,4,4785,4151
ACC_0800,2026-03,118,101447,83080
ACC_0800,2026-04,122,124878,96233
ACC_0800,2026-05,127,107811,85967
ACC_0800,2026-06,123,108774,94265
ACC_0800,2026-07,116,82617,74998
ACC_0800,2026-08,132,97870,86933
ACC_0801,2026-03,2,4961,3877
ACC_0801,2026-04,3,4551,3712
ACC_0801,2026-05,3,4694,3930
ACC_0801,2026-06,3,5096,4530
ACC_0801,2026-07,2,4077,3528
ACC_0801,2026-08,3,4948,3849
ACC_0802,2026-03,5,2877,2249
ACC_0802,2026-04,6,2902,2311
ACC_0802,2026-05,5,3390,2906
ACC_0802,2026-06,6,3112,2507
ACC_0802,2026-07,6,2903,2487
ACC_0802,2026-08,6,2859,2598
ACC_0803,2026-03,48,15767,14157
ACC_0803,2026-04,50,17871,15707
ACC_0803,2026-05,49,17145,14984
ACC_0803,2026-06,57,20680,18556
ACC_0803,2026-07,61,28656,22268
ACC_0803,2026-08,61,32336,26721
ACC_0804,2026-03,33,25821,22820
ACC_0804,2026-04,36,23525,18501
ACC_0804,2026-05,33,23307,20506
ACC_0804,2026-06,34,23998,21743
ACC_0804,2026-07,33,24881,20464
ACC_0804,2026-08,35,27692,21975
ACC_0805,2026-03,23,17398,13589
ACC_0805,2026-04,27,15683,12632
ACC_0805,2026-05,23,17439,14826
ACC_0805,2026-06,30,19532,16056
ACC_0805,2026-07,36,21386,19267
ACC_0805,2026-08,36,29529,23120
ACC_0806,2026-03,63,17416,14597
ACC_0806,2026-04,60,15335,13434
ACC_0806,2026-05,62,16884,13985
ACC_0806,2026-06,68,16611,14974
ACC_0806,2026-07,60,20460,15875
ACC_0806,2026-08,63,17657,14842
ACC_0807,2026-03,5,5589,4961
ACC_0807,2026-04,5,6484,5655
ACC_0807,2026-05,4,5730,4855
ACC_0807,2026-06,2,3539,2726
ACC_0807,2026-07,1,1558,1363
ACC_0807,2026-08,1,868,681
ACC_0808,2026-03,50,211165,169364
ACC_0808,2026-04,47,242729,193154
ACC_0808,2026-05,50,224143,188751
ACC_0808,2026-06,50,228120,186688
ACC_0808,2026-07,49,216914,188650
ACC_0808,2026-08,54,191047,155532
ACC_0809,2026-03,1,8794,7230
ACC_0809,2026-04,2,9765,8611
ACC_0809,2026-05,1,9402,7325
ACC_0809,2026-06,2,8209,6796
ACC_0809,2026-07,2,11237,8919
ACC_0809,2026-08,2,10994,8566
ACC_0810,2026-03,181,160184,142199
ACC_0810,2026-04,151,154965,130457
ACC_0810,2026-05,179,167268,132096
ACC_0810,2026-06,172,171317,137502
ACC_0810,2026-07,181,178220,149106
ACC_0810,2026-08,171,171296,135416
ACC_0811,2026-03,4,6119,4762
ACC_0811,2026-04,3,4972,4115
ACC_0811,2026-05,4,5469,4837
ACC_0811,2026-06,4,6369,5155
ACC_0811,2026-07,5,7582,6186
ACC_0811,2026-08,6,8669,7423
ACC_0812,2026-03,3,5024,3999
ACC_0812,2026-04,4,4110,3406
ACC_0812,2026-05,4,4924,3956
ACC_0812,2026-06,3,3738,3251
ACC_0812,2026-07,3,4630,3595
ACC_0812,2026-08,4,3456,3095
ACC_0813,2026-03,189,227835,194843
ACC_0813,2026-04,196,264794,206284
ACC_0813,2026-05,193,284252,222390
ACC_0813,2026-06,204,231666,208728
ACC_0813,2026-07,201,219642,198375
ACC_0813,2026-08,194,219483,194197
ACC_0814,2026-03,140,89022,72991
ACC_0814,2026-04,154,95819,85410
ACC_0814,2026-05,136,88243,68883
ACC_0814,2026-06,161,94295,81999
ACC_0814,2026-07,149,76226,69027
ACC_0814,2026-08,158,76663,68291
ACC_0815,2026-03,11,3843,3127
ACC_0815,2026-04,11,3147,2763
ACC_0815,2026-05,10,4067,3220
ACC_0815,2026-06,9,3309,2852
ACC_0815,2026-07,11,3888,3349
ACC_0815,2026-08,11,3711,3043
ACC_0816,2026-03,2,6111,5202
ACC_0816,2026-04,2,8143,6584
ACC_0816,2026-05,2,7656,6585
ACC_0816,2026-06,1,3834,3049
ACC_0816,2026-07,1,1813,1524
ACC_0816,2026-08,1,877,762
ACC_0817,2026-03,169,367615,301436
ACC_0817,2026-04,173,277968,244476
ACC_0817,2026-05,195,331973,263689
ACC_0817,2026-06,167,287749,254483
ACC_0817,2026-07,177,346873,296509
ACC_0817,2026-08,164,327241,290426
ACC_0818,2026-03,9,8388,7528
ACC_0818,2026-04,11,11462,9143
ACC_0818,2026-05,10,8382,7204
ACC_0818,2026-06,5,5033,4022
ACC_0818,2026-07,2,2494,2011
ACC_0818,2026-08,1,1186,1005
ACC_0819,2026-03,5,6384,5628
ACC_0819,2026-04,5,6342,5063
ACC_0819,2026-05,4,5889,5281
ACC_0819,2026-06,5,7976,6471
ACC_0819,2026-07,7,9509,7765
ACC_0819,2026-08,8,10300,9318
ACC_0820,2026-03,2,4516,3607
ACC_0820,2026-04,2,3875,3211
ACC_0820,2026-05,2,4138,3658
ACC_0820,2026-06,1,2177,1723
ACC_0820,2026-07,1,961,861
ACC_0820,2026-08,1,546,430
ACC_0821,2026-03,52,26754,22253
ACC_0821,2026-04,61,21492,18299
ACC_0821,2026-05,52,24028,20304
ACC_0821,2026-06,56,25693,20093
ACC_0821,2026-07,52,25594,21220
ACC_0821,2026-08,54,24661,20937
ACC_0822,2026-03,9,7272,6175
ACC_0822,2026-04,9,9215,7163
ACC_0822,2026-05,8,8283,7210
ACC_0822,2026-06,4,4161,3579
ACC_0822,2026-07,2,2085,1789
ACC_0822,2026-08,1,1115,894
ACC_0823,2026-03,8,7740,6168
ACC_0823,2026-04,7,6336,5628
ACC_0823,2026-05,7,6341,5189
ACC_0823,2026-06,9,8560,6887
ACC_0823,2026-07,11,9811,8264
ACC_0823,2026-08,12,11195,9917
ACC_0824,2026-03,140,105498,93146
ACC_0824,2026-04,128,127760,98694
ACC_0824,2026-05,129,129101,107386
ACC_0824,2026-06,145,144669,116669
ACC_0824,2026-07,125,130758,106916
ACC_0824,2026-08,126,141580,116276
ACC_0825,2026-03,60,30936,27141
ACC_0825,2026-04,61,26465,23137
ACC_0825,2026-05,57,32808,26299
ACC_0825,2026-06,29,16880,13515
ACC_0825,2026-07,14,8387,6757
ACC_0825,2026-08,7,3757,3378
ACC_0826,2026-03,34,13926,11810
ACC_0826,2026-04,36,13577,11071
ACC_0826,2026-05,32,13505,11756
ACC_0826,2026-06,17,7841,6503
ACC_0826,2026-07,8,3728,3251
ACC_0826,2026-08,4,2018,1625
ACC_0827,2026-03,3,4341,3828
ACC_0827,2026-04,3,4208,3783
ACC_0827,2026-05,3,4196,3537
ACC_0827,2026-06,1,2214,1751
ACC_0827,2026-07,1,1094,875
ACC_0827,2026-08,1,562,437
ACC_0828,2026-03,144,283839,236470
ACC_0828,2026-04,144,284898,223178
ACC_0828,2026-05,125,274317,232177
ACC_0828,2026-06,140,260757,212516
ACC_0828,2026-07,143,309949,241655
ACC_0828,2026-08,140,260247,229211
ACC_0829,2026-03,5,5050,4591
ACC_0829,2026-04,4,4564,3800
ACC_0829,2026-05,4,5903,4748
ACC_0829,2026-06,6,5750,5087
ACC_0829,2026-07,7,7536,6104
ACC_0829,2026-08,9,9301,7325
ACC_0830,2026-03,72,95800,86100
ACC_0830,2026-04,69,107261,85614
ACC_0830,2026-05,75,89009,68971
ACC_0830,2026-06,69,95723,77816
ACC_0830,2026-07,68,98270,83702
ACC_0830,2026-08,70,87849,68645
ACC_0831,2026-03,30,19366,17207
ACC_0831,2026-04,32,25187,22422
ACC_0831,2026-05,34,24432,20874
ACC_0831,2026-06,32,24364,20192
ACC_0831,2026-07,30,24408,20862
ACC_0831,2026-08,31,23289,21108
ACC_0832,2026-03,46,35054,29048
ACC_0832,2026-04,47,32051,27376
ACC_0832,2026-05,47,28093,23615
ACC_0832,2026-06,43,32204,26547
ACC_0832,2026-07,48,28898,25245
ACC_0832,2026-08,42,31877,25974
ACC_0833,2026-03,198,319500,268711
ACC_0833,2026-04,200,284324,232392
ACC_0833,2026-05,192,346452,298434
ACC_0833,2026-06,234,391341,312350
ACC_0833,2026-07,281,455338,374820
ACC_0833,2026-08,281,530417,449784
ACC_0834,2026-03,125,217343,175852
ACC_0834,2026-04,117,218245,178369
ACC_0834,2026-05,124,202242,181375
ACC_0834,2026-06,123,256631,203612
ACC_0834,2026-07,131,196703,164963
ACC_0834,2026-08,117,237550,184327
ACC_0835,2026-03,9,4375,3367
ACC_0835,2026-04,9,3778,3418
ACC_0835,2026-05,9,3472,2844
ACC_0835,2026-06,4,2054,1667
ACC_0835,2026-07,2,1002,833
ACC_0835,2026-08,1,490,416
ACC_0836,2026-03,6,2546,2248
ACC_0836,2026-04,5,2284,1937
ACC_0836,2026-05,6,2247,2021
ACC_0836,2026-06,6,2139,1773
ACC_0836,2026-07,6,2474,1973
ACC_0836,2026-08,5,2651,2183
ACC_0837,2026-03,10,6136,4859
ACC_0837,2026-04,11,6665,5344
ACC_0837,2026-05,10,7415,5709
ACC_0837,2026-06,11,6403,5030
ACC_0837,2026-07,10,6921,5819
ACC_0837,2026-08,10,4847,4406
ACC_0838,2026-03,134,187610,153977
ACC_0838,2026-04,137,200531,163165
ACC_0838,2026-05,115,211866,180853
ACC_0838,2026-06,123,202225,161335
ACC_0838,2026-07,120,188056,155641
ACC_0838,2026-08,137,215822,181914
ACC_0839,2026-03,5,3224,2870
ACC_0839,2026-04,5,4013,3267
ACC_0839,2026-05,4,3705,2964
ACC_0839,2026-06,5,4210,3744
ACC_0839,2026-07,5,4381,3775
ACC_0839,2026-08,5,3635,2982
ACC_0840,2026-03,8,5881,4593
ACC_0840,2026-04,8,5994,5291
ACC_0840,2026-05,9,5697,4531
ACC_0840,2026-06,8,5206,4454
ACC_0840,2026-07,9,5895,5229
ACC_0840,2026-08,9,5777,5082
ACC_0841,2026-03,25,17321,14088
ACC_0841,2026-04,25,15627,13569
ACC_0841,2026-05,25,16217,13972
ACC_0841,2026-06,25,15903,13541
ACC_0841,2026-07,25,13878,12237
ACC_0841,2026-08,28,16487,13661
ACC_0842,2026-03,142,320845,257556
ACC_0842,2026-04,123,313343,247550
ACC_0842,2026-05,140,297675,238483
ACC_0842,2026-06,65,162152,137548
ACC_0842,2026-07,32,84707,68774
ACC_0842,2026-08,16,44335,34387
ACC_0843,2026-03,31,49630,43974
ACC_0843,2026-04,36,48015,40515
ACC_0843,2026-05,31,52737,42315
ACC_0843,2026-06,33,51261,41258
ACC_0843,2026-07,31,43681,38446
ACC_0843,2026-08,34,46378,36566
ACC_0844,2026-03,190,122926,105468
ACC_0844,2026-04,188,89888,80740
ACC_0844,2026-05,187,101449,79860
ACC_0844,2026-06,176,97261,86953
ACC_0844,2026-07,191,103808,86918
ACC_0844,2026-08,204,112551,96089
ACC_0845,2026-03,9,8348,7202
ACC_0845,2026-04,9,8073,7184
ACC_0845,2026-05,8,8951,6907
ACC_0845,2026-06,8,7671,6043
ACC_0845,2026-07,9,6427,5607
ACC_0845,2026-08,8,6371,5594
ACC_0846,2026-03,19,23671,18711
ACC_0846,2026-04,21,24066,21177
ACC_0846,2026-05,22,24786,20635
ACC_0846,2026-06,22,27230,22479
ACC_0846,2026-07,20,22414,18545
ACC_0846,2026-08,19,23286,19230
ACC_0847,2026-03,194,113333,97605
ACC_0847,2026-04,200,133707,104027
ACC_0847,2026-05,216,124501,98720
ACC_0847,2026-06,207,105976,87374
ACC_0847,2026-07,191,115980,97000
ACC_0847,2026-08,198,132203,110233
ACC_0848,2026-03,8,5177,4252
ACC_0848,2026-04,7,4191,3670
ACC_0848,2026-05,8,4853,3994
ACC_0848,2026-06,10,5967,4670
ACC_0848,2026-07,12,6869,5604
ACC_0848,2026-08,14,7975,6725
ACC_0849,2026-03,8,3715,3355
ACC_0849,2026-04,7,4694,4019
ACC_0849,2026-05,7,4280,3341
ACC_0849,2026-06,4,2473,1953
ACC_0849,2026-07,2,1207,976
ACC_0849,2026-08,1,570,488
ACC_0850,2026-03,8,7107,5549
ACC_0850,2026-04,7,5976,5173
ACC_0850,2026-05,8,6922,5970
ACC_0850,2026-06,8,7621,6176
ACC_0850,2026-07,8,6709,5650
ACC_0850,2026-08,8,7760,6136
ACC_0851,2026-03,75,357224,277114
ACC_0851,2026-04,81,337278,303781
ACC_0851,2026-05,72,329259,270603
ACC_0851,2026-06,93,411956,330563
ACC_0851,2026-07,111,484674,396676
ACC_0851,2026-08,134,609028,476012
ACC_0852,2026-03,199,187230,146107
ACC_0852,2026-04,196,135275,122657
ACC_0852,2026-05,191,166597,143637
ACC_0852,2026-06,216,199608,158146
ACC_0852,2026-07,209,174207,152650
ACC_0852,2026-08,197,187889,155975
ACC_0853,2026-03,8,2114,1912
ACC_0853,2026-04,9,2360,1989
ACC_0853,2026-05,9,2748,2261
ACC_0853,2026-06,11,3062,2506
ACC_0853,2026-07,12,3901,3008
ACC_0853,2026-08,12,4573,3610
ACC_0854,2026-03,2,4756,4306
ACC_0854,2026-04,2,5142,4039
ACC_0854,2026-05,2,5003,3942
ACC_0854,2026-06,2,4611,3794
ACC_0854,2026-07,2,4389,3450
ACC_0854,2026-08,2,4526,3956
ACC_0855,2026-03,132,148030,118408
ACC_0855,2026-04,144,146216,116992
ACC_0855,2026-05,144,141511,124238
ACC_0855,2026-06,68,72995,59122
ACC_0855,2026-07,34,32635,29561
ACC_0855,2026-08,17,18458,14780
ACC_0856,2026-03,37,40326,31715
ACC_0856,2026-04,37,41889,35058
ACC_0856,2026-05,37,44537,38069
ACC_0856,2026-06,38,40751,33546
ACC_0856,2026-07,42,39266,32532
ACC_0856,2026-08,37,38602,34325
ACC_0857,2026-03,47,49609,43467
ACC_0857,2026-04,45,48234,38917
ACC_0857,2026-05,52,47962,40791
ACC_0857,2026-06,24,24101,20418
ACC_0857,2026-07,12,13098,10209
ACC_0857,2026-08,6,5694,5104
ACC_0858,2026-03,11,3511,3058
ACC_0858,2026-04,11,4357,3556
ACC_0858,2026-05,11,4958,3828
ACC_0858,2026-06,5,2124,1675
ACC_0858,2026-07,2,992,837
ACC_0858,2026-08,1,490,418
ACC_0859,2026-03,8,5178,4097
ACC_0859,2026-04,8,4188,3683
ACC_0859,2026-05,8,4609,4115
ACC_0859,2026-06,4,2140,1848
ACC_0859,2026-07,2,1089,924
ACC_0859,2026-08,1,570,462
ACC_0860,2026-03,30,31927,28097
ACC_0860,2026-04,25,31002,25435
ACC_0860,2026-05,30,35005,29616
ACC_0860,2026-06,27,29757,26208
ACC_0860,2026-07,25,35633,30951
ACC_0860,2026-08,29,33341,29894
ACC_0861,2026-03,4,7379,5773
ACC_0861,2026-04,4,8315,6777
ACC_0861,2026-05,4,7422,6696
ACC_0861,2026-06,4,6154,5409
ACC_0861,2026-07,4,6210,5184
ACC_0861,2026-08,4,6781,5664
ACC_0862,2026-03,13,35119,28628
ACC_0862,2026-04,14,38643,32049
ACC_0862,2026-05,13,42048,33402
ACC_0862,2026-06,14,40387,33240
ACC_0862,2026-07,12,37393,32459
ACC_0862,2026-08,14,46526,36576
ACC_0863,2026-03,204,96029,74575
ACC_0863,2026-04,203,92634,72698
ACC_0863,2026-05,213,81760,64321
ACC_0863,2026-06,192,86304,74035
ACC_0863,2026-07,212,84276,66403
ACC_0863,2026-08,187,71331,62609
ACC_0864,2026-03,37,30182,24117
ACC_0864,2026-04,36,30536,24329
ACC_0864,2026-05,35,22173,19098
ACC_0864,2026-06,40,30404,26632
ACC_0864,2026-07,47,38375,31959
ACC_0864,2026-08,47,46195,38351
ACC_0865,2026-03,281,226057,192910
ACC_0865,2026-04,284,225560,197360
ACC_0865,2026-05,271,201934,183113
ACC_0865,2026-06,269,186954,169699
ACC_0865,2026-07,255,267178,207370
ACC_0865,2026-08,274,227315,185203
ACC_0866,2026-03,178,98343,85301
ACC_0866,2026-04,180,95194,82606
ACC_0866,2026-05,198,110032,86369
ACC_0866,2026-06,231,147092,115016
ACC_0866,2026-07,245,168693,138020
ACC_0866,2026-08,245,206174,165624
ACC_0867,2026-03,9,5235,4743
ACC_0867,2026-04,10,6178,5071
ACC_0867,2026-05,10,5108,4469
ACC_0867,2026-06,4,2930,2539
ACC_0867,2026-07,2,1649,1269
ACC_0867,2026-08,1,727,634
ACC_0868,2026-03,2,5805,4732
ACC_0868,2026-04,2,6991,5784
ACC_0868,2026-05,2,6885,5521
ACC_0868,2026-06,2,7486,5774
ACC_0868,2026-07,2,6275,5500
ACC_0868,2026-08,2,5635,4699
ACC_0869,2026-03,9,7561,6104
ACC_0869,2026-04,10,5605,5005
ACC_0869,2026-05,10,6369,5753
ACC_0869,2026-06,5,3222,2775
ACC_0869,2026-07,2,1671,1387
ACC_0869,2026-08,1,776,693
ACC_0870,2026-03,2,4938,3986
ACC_0870,2026-04,2,5251,4646
ACC_0870,2026-05,2,5308,4227
ACC_0870,2026-06,2,5658,4932
ACC_0870,2026-07,3,7568,5919
ACC_0870,2026-08,4,8401,7103
ACC_0871,2026-03,13,25403,22964
ACC_0871,2026-04,12,26160,22502
ACC_0871,2026-05,12,25514,22633
ACC_0871,2026-06,14,25462,23096
ACC_0871,2026-07,14,24724,20737
ACC_0871,2026-08,12,30232,24562
ACC_0872,2026-03,37,19115,17248
ACC_0872,2026-04,37,24561,19952
ACC_0872,2026-05,37,17901,16201
ACC_0872,2026-06,40,21709,16902
ACC_0872,2026-07,39,24156,19195
ACC_0872,2026-08,41,17908,15800
ACC_0873,2026-03,9,2490,2242
ACC_0873,2026-04,10,3336,2665
ACC_0873,2026-05,9,3376,2637
ACC_0873,2026-06,9,2666,2169
ACC_0873,2026-07,9,2644,2314
ACC_0873,2026-08,10,2949,2614
ACC_0874,2026-03,29,27034,22625
ACC_0874,2026-04,26,24544,21499
ACC_0874,2026-05,26,25346,21652
ACC_0874,2026-06,25,27947,23405
ACC_0874,2026-07,25,25974,20555
ACC_0874,2026-08,29,23040,17804
ACC_0875,2026-03,42,19578,16732
ACC_0875,2026-04,39,16275,14515
ACC_0875,2026-05,42,19852,15437
ACC_0875,2026-06,41,20405,17992
ACC_0875,2026-07,40,23615,18184
ACC_0875,2026-08,42,22005,17458
ACC_0876,2026-03,70,126409,105101
ACC_0876,2026-04,65,100648,85595
ACC_0876,2026-05,60,96238,79859
ACC_0876,2026-06,79,130605,112359
ACC_0876,2026-07,95,155292,134830
ACC_0876,2026-08,114,194517,161797
ACC_0877,2026-03,4,7674,6841
ACC_0877,2026-04,3,7120,5610
ACC_0877,2026-05,3,6510,5872
ACC_0877,2026-06,3,8030,6410
ACC_0877,2026-07,4,8332,6467
ACC_0877,2026-08,3,7698,6178
ACC_0878,2026-03,174,258171,223757
ACC_0878,2026-04,157,304484,236013
ACC_0878,2026-05,159,257731,212157
ACC_0878,2026-06,160,268861,226631
ACC_0878,2026-07,147,300697,265251
ACC_0878,2026-08,175,271559,218055
ACC_0879,2026-03,227,235602,188140
ACC_0879,2026-04,211,174985,144651
ACC_0879,2026-05,229,229537,183813
ACC_0879,2026-06,258,203030,166589
ACC_0879,2026-07,240,173137,143776
ACC_0879,2026-08,247,192744,172402
ACC_0880,2026-03,89,312613,246137
ACC_0880,2026-04,96,285571,233014
ACC_0880,2026-05,105,231522,193113
ACC_0880,2026-06,49,139341,108288
ACC_0880,2026-07,24,67595,54144
ACC_0880,2026-08,12,32930,27072
ACC_0881,2026-03,17,36534,29307
ACC_0881,2026-04,16,42822,33191
ACC_0881,2026-05,18,38859,32128
ACC_0881,2026-06,20,41540,34733
ACC_0881,2026-07,25,47998,41680
ACC_0881,2026-08,25,57467,50016
ACC_0882,2026-03,195,271765,235200
ACC_0882,2026-04,172,286994,224554
ACC_0882,2026-05,191,251480,211482
ACC_0882,2026-06,198,257652,230658
ACC_0882,2026-07,168,290333,236206
ACC_0882,2026-08,190,245238,217351
ACC_0883,2026-03,20,12799,10381
ACC_0883,2026-04,18,10853,8665
ACC_0883,2026-05,18,11009,9257
ACC_0883,2026-06,9,5587,4755
ACC_0883,2026-07,4,2887,2377
ACC_0883,2026-08,2,1448,1188
ACC_0884,2026-03,4,7681,6800
ACC_0884,2026-04,3,6790,6022
ACC_0884,2026-05,4,9341,7402
ACC_0884,2026-06,1,4308,3471
ACC_0884,2026-07,1,2095,1735
ACC_0884,2026-08,1,969,867
ACC_0885,2026-03,35,53476,42665
ACC_0885,2026-04,38,47421,37102
ACC_0885,2026-05,32,50225,41849
ACC_0885,2026-06,32,44856,38505
ACC_0885,2026-07,32,48831,38074
ACC_0885,2026-08,36,43751,37642
ACC_0886,2026-03,112,138273,112973
ACC_0886,2026-04,137,148051,131263
ACC_0886,2026-05,130,127763,113746
ACC_0886,2026-06,123,127482,112286
ACC_0886,2026-07,128,148291,122263
ACC_0886,2026-08,119,168800,143110
ACC_0887,2026-03,6,8380,7092
ACC_0887,2026-04,6,7785,6779
ACC_0887,2026-05,6,7472,6684
ACC_0887,2026-06,7,9762,8563
ACC_0887,2026-07,7,10106,7786
ACC_0887,2026-08,7,7426,6643
ACC_0888,2026-03,37,25321,21109
ACC_0888,2026-04,36,27008,23591
ACC_0888,2026-05,39,31439,24511
ACC_0888,2026-06,38,25771,20699
ACC_0888,2026-07,40,23455,20656
ACC_0888,2026-08,34,27948,21540
ACC_0889,2026-03,214,281710,245538
ACC_0889,2026-04,226,376120,298577
ACC_0889,2026-05,254,370803,319156
ACC_0889,2026-06,116,177767,140077
ACC_0889,2026-07,58,80676,70038
ACC_0889,2026-08,29,40970,35019
ACC_0890,2026-03,7,5452,4686
ACC_0890,2026-04,7,6949,5493
ACC_0890,2026-05,8,5616,4717
ACC_0890,2026-06,9,6885,6255
ACC_0890,2026-07,11,8846,7507
ACC_0890,2026-08,13,10662,9008
ACC_0891,2026-03,326,483345,380232
ACC_0891,2026-04,294,375625,292243
ACC_0891,2026-05,332,441171,373319
ACC_0891,2026-06,370,485741,401720
ACC_0891,2026-07,399,579502,482064
ACC_0891,2026-08,399,734007,578477
ACC_0892,2026-03,304,121458,98922
ACC_0892,2026-04,286,107762,83215
ACC_0892,2026-05,271,116354,96952
ACC_0892,2026-06,147,57831,48327
ACC_0892,2026-07,73,28035,24163
ACC_0892,2026-08,36,13640,12081
ACC_0893,2026-03,36,16446,13208
ACC_0893,2026-04,41,19850,16412
ACC_0893,2026-05,41,15935,13652
ACC_0893,2026-06,39,20537,16821
ACC_0893,2026-07,40,15786,13711
ACC_0893,2026-08,40,15387,13041
ACC_0894,2026-03,62,36539,29608
ACC_0894,2026-04,69,43682,36121
ACC_0894,2026-05,62,34309,29839
ACC_0894,2026-06,33,21217,16688
ACC_0894,2026-07,16,9894,8344
ACC_0894,2026-08,8,4845,4172
ACC_0895,2026-03,8,9990,7921
ACC_0895,2026-04,9,8321,7202
ACC_0895,2026-05,9,9375,7220
ACC_0895,2026-06,4,4216,3570
ACC_0895,2026-07,2,2272,1785
ACC_0895,2026-08,1,984,892
ACC_0896,2026-03,305,370433,290392
ACC_0896,2026-04,313,391175,338448
ACC_0896,2026-05,345,372709,292864
ACC_0896,2026-06,301,364592,313711
ACC_0896,2026-07,342,358844,325974
ACC_0896,2026-08,355,361730,322946
ACC_0897,2026-03,24,27667,24263
ACC_0897,2026-04,27,26101,21422
ACC_0897,2026-05,27,26784,24000
ACC_0897,2026-06,31,31942,25321
ACC_0897,2026-07,38,33621,30386
ACC_0897,2026-08,45,40205,36463
ACC_0898,2026-03,243,128836,104071
ACC_0898,2026-04,277,144582,121159
ACC_0898,2026-05,272,144421,114973
ACC_0898,2026-06,132,66129,58992
ACC_0898,2026-07,66,36164,29496
ACC_0898,2026-08,33,17367,14748
ACC_0899,2026-03,43,35319,28250
ACC_0899,2026-04,37,30628,27354
ACC_0899,2026-05,42,36966,30122
ACC_0899,2026-06,44,30368,25891
ACC_0899,2026-07,37,27601,24186
ACC_0899,2026-08,41,30185,25029
ACC_0900,2026-03,186,135244,106708
ACC_0900,2026-04,185,97257,86258
ACC_0900,2026-05,183,135831,109276
ACC_0900,2026-06,183,128824,114903
ACC_0900,2026-07,167,120236,107142
ACC_0900,2026-08,188,130993,115829
ACC_0901,2026-03,52,60771,52833
ACC_0901,2026-04,51,46543,40842
ACC_0901,2026-05,49,50325,42309
ACC_0901,2026-06,50,65418,51111
ACC_0901,2026-07,46,60726,50212
ACC_0901,2026-08,53,57582,49079
ACC_0902,2026-03,166,297774,258624
ACC_0902,2026-04,197,326851,260729
ACC_0902,2026-05,173,316208,278048
ACC_0902,2026-06,92,185740,143534
ACC_0902,2026-07,46,80688,71767
ACC_0902,2026-08,23,43670,35883
ACC_0903,2026-03,12,6515,5656
ACC_0903,2026-04,12,5525,4385
ACC_0903,2026-05,12,5820,4902
ACC_0903,2026-06,14,7610,6147
ACC_0903,2026-07,17,8477,7377
ACC_0903,2026-08,19,11241,8852
ACC_0904,2026-03,64,29299,26373
ACC_0904,2026-04,54,33900,29234
ACC_0904,2026-05,54,31362,26221
ACC_0904,2026-06,29,16570,15038
ACC_0904,2026-07,14,8568,7519
ACC_0904,2026-08,7,4169,3759
ACC_0905,2026-03,5,4812,3884
ACC_0905,2026-04,5,4938,4063
ACC_0905,2026-05,5,4863,4051
ACC_0905,2026-06,2,2093,1830
ACC_0905,2026-07,1,1008,915
ACC_0905,2026-08,1,586,457
ACC_0906,2026-03,25,48049,41938
ACC_0906,2026-04,22,47500,42630
ACC_0906,2026-05,24,53717,42582
ACC_0906,2026-06,29,64445,53260
ACC_0906,2026-07,35,75264,63912
ACC_0906,2026-08,38,88825,76695
ACC_0907,2026-03,5,5820,5009
ACC_0907,2026-04,4,4956,4492
ACC_0907,2026-05,4,7299,5692
ACC_0907,2026-06,4,6451,5704
ACC_0907,2026-07,4,7251,5767
ACC_0907,2026-08,5,5590,4680
ACC_0908,2026-03,3,8448,6737
ACC_0908,2026-04,3,9892,8485
ACC_0908,2026-05,2,8171,6958
ACC_0908,2026-06,1,4583,3780
ACC_0908,2026-07,1,2270,1890
ACC_0908,2026-08,1,1104,945
ACC_0909,2026-03,95,212889,168636
ACC_0909,2026-04,92,168886,143529
ACC_0909,2026-05,86,201530,169778
ACC_0909,2026-06,46,97519,78164
ACC_0909,2026-07,23,50734,39082
ACC_0909,2026-08,11,24511,19541
ACC_0910,2026-03,195,205637,183548
ACC_0910,2026-04,213,219992,183326
ACC_0910,2026-05,199,234914,203792
ACC_0910,2026-06,258,311734,253346
ACC_0910,2026-07,304,366736,304015
ACC_0910,2026-08,304,448085,364818
ACC_0911,2026-03,6,7564,6513
ACC_0911,2026-04,6,6356,5590
ACC_0911,2026-05,7,9092,7170
ACC_0911,2026-06,7,7383,6195
ACC_0911,2026-07,6,6858,5656
ACC_0911,2026-08,6,8334,7070
ACC_0912,2026-03,31,39159,33757
ACC_0912,2026-04,30,37671,32754
ACC_0912,2026-05,30,41297,35133
ACC_0912,2026-06,40,46012,40313
ACC_0912,2026-07,43,57840,48376
ACC_0912,2026-08,43,64640,58051
ACC_0913,2026-03,51,15846,13259
ACC_0913,2026-04,52,12681,11272
ACC_0913,2026-05,54,13845,11530
ACC_0913,2026-06,50,13036,10191
ACC_0913,2026-07,52,15431,12823
ACC_0913,2026-08,54,16466,13516
ACC_0914,2026-03,73,179783,156070
ACC_0914,2026-04,67,148891,123565
ACC_0914,2026-05,73,186201,155836
ACC_0914,2026-06,70,199583,154548
ACC_0914,2026-07,66,188981,159369
ACC_0914,2026-08,65,139847,122849
ACC_0915,2026-03,5,5697,4777
ACC_0915,2026-04,5,5010,4427
ACC_0915,2026-05,6,6063,4765
ACC_0915,2026-06,2,2666,2322
ACC_0915,2026-07,1,1458,1161
ACC_0915,2026-08,1,668,580
ACC_0916,2026-03,133,324813,260742
ACC_0916,2026-04,119,353481,311413
ACC_0916,2026-05,131,327081,291703
ACC_0916,2026-06,116,340724,290176
ACC_0916,2026-07,137,322354,286757
ACC_0916,2026-08,127,318421,286494
ACC_0917,2026-03,139,286237,225841
ACC_0917,2026-04,140,271056,244973
ACC_0917,2026-05,134,251723,212431
ACC_0917,2026-06,71,146558,120553
ACC_0917,2026-07,35,68803,60276
ACC_0917,2026-08,17,38314,30138
ACC_0918,2026-03,9,7037,5427
ACC_0918,2026-04,10,5244,4036
ACC_0918,2026-05,10,5045,4278
ACC_0918,2026-06,9,4887,4126
ACC_0918,2026-07,8,4912,4118
ACC_0918,2026-08,10,4623,4044
ACC_0919,2026-03,63,82635,70720
ACC_0919,2026-04,53,85848,70561
ACC_0919,2026-05,55,95253,79926
ACC_0919,2026-06,55,93152,76636
ACC_0919,2026-07,62,108115,90998
ACC_0919,2026-08,59,105630,89016
ACC_0920,2026-03,40,18357,14706
ACC_0920,2026-04,45,15210,13676
ACC_0920,2026-05,46,18258,14935
ACC_0920,2026-06,47,16955,13676
ACC_0920,2026-07,40,16754,14887
ACC_0920,2026-08,44,19850,16561
ACC_0921,2026-03,26,20465,16633
ACC_0921,2026-04,23,24798,19628
ACC_0921,2026-05,22,24804,19944
ACC_0921,2026-06,24,23955,18940
ACC_0921,2026-07,24,20065,16328
ACC_0921,2026-08,23,19814,16542
ACC_0922,2026-03,150,295871,255002
ACC_0922,2026-04,135,350982,270248
ACC_0922,2026-05,157,306637,277666
ACC_0922,2026-06,75,139457,125760
ACC_0922,2026-07,37,69296,62880
ACC_0922,2026-08,18,39079,31440
ACC_0923,2026-03,2,8372,7362
ACC_0923,2026-04,2,10364,8193
ACC_0923,2026-05,3,11412,9324
ACC_0923,2026-06,2,11070,8630
ACC_0923,2026-07,3,8696,7687
ACC_0923,2026-08,3,8936,7876
ACC_0924,2026-03,200,159189,129381
ACC_0924,2026-04,207,165350,148713
ACC_0924,2026-05,220,186510,143706
ACC_0924,2026-06,205,181039,146402
ACC_0924,2026-07,195,180949,148785
ACC_0924,2026-08,228,169957,146899
ACC_0925,2026-03,20,40028,34540
ACC_0925,2026-04,20,42583,34950
ACC_0925,2026-05,20,37527,33951
ACC_0925,2026-06,22,43270,33286
ACC_0925,2026-07,20,35647,27566
ACC_0925,2026-08,21,32731,28906
ACC_0926,2026-03,36,19891,15602
ACC_0926,2026-04,36,16351,14714
ACC_0926,2026-05,33,22242,18845
ACC_0926,2026-06,32,19883,16330
ACC_0926,2026-07,34,15855,14375
ACC_0926,2026-08,33,20640,17892
ACC_0927,2026-03,263,217513,194285
ACC_0927,2026-04,251,183169,164248
ACC_0927,2026-05,257,193319,168628
ACC_0927,2026-06,266,244230,192157
ACC_0927,2026-07,259,197776,160330
ACC_0927,2026-08,272,219511,190817
ACC_0928,2026-03,337,93908,83542
ACC_0928,2026-04,396,81527,74055
ACC_0928,2026-05,380,107793,84486
ACC_0928,2026-06,403,85863,76155
ACC_0928,2026-07,340,81338,72547
ACC_0928,2026-08,362,86423,74096
ACC_0929,2026-03,33,28623,23532
ACC_0929,2026-04,29,30831,24310
ACC_0929,2026-05,32,33271,25923
ACC_0929,2026-06,31,28080,23533
ACC_0929,2026-07,35,31694,25391
ACC_0929,2026-08,34,26446,23641
ACC_0930,2026-03,14,4813,3742
ACC_0930,2026-04,14,5066,4062
ACC_0930,2026-05,14,4495,3720
ACC_0930,2026-06,13,4751,3873
ACC_0930,2026-07,14,4105,3596
ACC_0930,2026-08,12,4339,3563
ACC_0931,2026-03,38,30651,26241
ACC_0931,2026-04,39,41039,31764
ACC_0931,2026-05,36,39367,33742
ACC_0931,2026-06,45,43601,36314
ACC_0931,2026-07,54,54769,43576
ACC_0931,2026-08,65,65210,52292
ACC_0932,2026-03,314,115834,97549
ACC_0932,2026-04,304,115465,91806
ACC_0932,2026-05,259,121898,103341
ACC_0932,2026-06,266,119838,105710
ACC_0932,2026-07,276,118486,94334
ACC_0932,2026-08,309,123243,110430
ACC_0933,2026-03,93,199774,159692
ACC_0933,2026-04,100,201223,159807
ACC_0933,2026-05,108,203311,162469
ACC_0933,2026-06,120,260380,200637
ACC_0933,2026-07,144,286375,240764
ACC_0933,2026-08,172,349732,288917
ACC_0934,2026-03,39,23143,18220
ACC_0934,2026-04,39,24633,19179
ACC_0934,2026-05,38,24727,21786
ACC_0934,2026-06,37,22606,18225
ACC_0934,2026-07,41,23819,19229
ACC_0934,2026-08,38,22840,20763
ACC_0935,2026-03,286,69681,61284
ACC_0935,2026-04,280,64872,58556
ACC_0935,2026-05,294,71863,64743
ACC_0935,2026-06,141,39184,31296
ACC_0935,2026-07,70,19012,15648
ACC_0935,2026-08,35,8990,7824
ACC_0936,2026-03,21,31328,28004
ACC_0936,2026-04,24,29622,23317
ACC_0936,2026-05,23,27414,24826
ACC_0936,2026-06,22,30971,25143
ACC_0936,2026-07,21,26669,23766
ACC_0936,2026-08,23,31464,24812
ACC_0937,2026-03,379,140143,116288
ACC_0937,2026-04,422,131600,108359
ACC_0937,2026-05,366,132252,114576
ACC_0937,2026-06,465,170412,152423
ACC_0937,2026-07,491,231419,182907
ACC_0937,2026-08,491,270368,219489
ACC_0938,2026-03,104,88974,75270
ACC_0938,2026-04,88,114525,93609
ACC_0938,2026-05,93,86252,72661
ACC_0938,2026-06,90,84339,75315
ACC_0938,2026-07,94,107294,92692
ACC_0938,2026-08,105,85441,75230
ACC_0939,2026-03,166,211851,165657
ACC_0939,2026-04,179,176486,142499
ACC_0939,2026-05,181,170951,150484
ACC_0939,2026-06,205,226739,175097
ACC_0939,2026-07,246,265535,210116
ACC_0939,2026-08,258,321729,252139
ACC_0940,2026-03,51,28312,25646
ACC_0940,2026-04,51,34133,27888
ACC_0940,2026-05,56,28236,22781
ACC_0940,2026-06,50,27577,22752
ACC_0940,2026-07,55,27100,23495
ACC_0940,2026-08,58,26246,22749
ACC_0941,2026-03,19,42371,36809
ACC_0941,2026-04,19,49589,43764
ACC_0941,2026-05,20,48361,41196
ACC_0941,2026-06,23,52326,45697
ACC_0941,2026-07,27,69554,54836
ACC_0941,2026-08,27,74185,65804
ACC_0942,2026-03,65,205953,165928
ACC_0942,2026-04,64,186624,144507
ACC_0942,2026-05,71,198151,155428
ACC_0942,2026-06,71,199474,159786
ACC_0942,2026-07,66,184956,148533
ACC_0942,2026-08,66,224016,183518
ACC_0943,2026-03,10,5844,4930
ACC_0943,2026-04,10,7191,5861
ACC_0943,2026-05,11,5932,4981
ACC_0943,2026-06,11,6174,5345
ACC_0943,2026-07,10,6044,5144
ACC_0943,2026-08,10,6437,5232
ACC_0944,2026-03,6,3570,2889
ACC_0944,2026-04,6,3250,2685
ACC_0944,2026-05,7,3702,3325
ACC_0944,2026-06,3,1797,1459
ACC_0944,2026-07,1,930,729
ACC_0944,2026-08,1,406,364
ACC_0945,2026-03,68,38253,33858
ACC_0945,2026-04,67,38503,31680
ACC_0945,2026-05,62,37647,32410
ACC_0945,2026-06,33,16579,14961
ACC_0945,2026-07,16,8907,7480
ACC_0945,2026-08,8,4743,3740
ACC_0946,2026-03,76,125404,105766
ACC_0946,2026-04,76,105050,84638
ACC_0946,2026-05,77,134687,110542
ACC_0946,2026-06,94,135561,117969
ACC_0946,2026-07,113,156484,141562
ACC_0946,2026-08,136,203274,169875
ACC_0947,2026-03,124,110593,86568
ACC_0947,2026-04,117,104857,92255
ACC_0947,2026-05,119,101023,79451
ACC_0947,2026-06,152,125631,97978
ACC_0947,2026-07,183,144435,117573
ACC_0947,2026-08,191,177096,141088
ACC_0948,2026-03,13,5105,4464
ACC_0948,2026-04,14,6054,4799
ACC_0948,2026-05,12,5155,4518
ACC_0948,2026-06,13,5417,4291
ACC_0948,2026-07,13,6143,4823
ACC_0948,2026-08,13,5348,4533
ACC_0949,2026-03,378,137582,112096
ACC_0949,2026-04,359,101807,90609
ACC_0949,2026-05,350,119971,94370
ACC_0949,2026-06,177,60181,50807
ACC_0949,2026-07,88,31500,25403
ACC_0949,2026-08,44,14168,12701
ACC_0950,2026-03,11,6636,5235
ACC_0950,2026-04,12,6311,5573
ACC_0950,2026-05,13,7713,6045
ACC_0950,2026-06,14,8232,6890
ACC_0950,2026-07,17,10654,8268
ACC_0950,2026-08,18,12065,9922
ACC_0951,2026-03,50,13049,10755
ACC_0951,2026-04,49,10319,9181
ACC_0951,2026-05,46,14025,10846
ACC_0951,2026-06,52,12683,11061
ACC_0951,2026-07,45,14069,10954
ACC_0951,2026-08,49,13026,11214
ACC_0952,2026-03,6,3160,2551
ACC_0952,2026-04,7,3644,3178
ACC_0952,2026-05,8,3378,2944
ACC_0952,2026-06,3,1629,1398
ACC_0952,2026-07,1,864,699
ACC_0952,2026-08,1,428,349
ACC_0953,2026-03,2,3056,2569
ACC_0953,2026-04,2,2573,2313
ACC_0953,2026-05,2,2586,2273
ACC_0953,2026-06,2,3112,2581
ACC_0953,2026-07,2,2537,2093
ACC_0953,2026-08,2,2996,2433
ACC_0954,2026-03,9,8241,6518
ACC_0954,2026-04,7,7379,6575
ACC_0954,2026-05,8,7516,6826
ACC_0954,2026-06,8,8078,6999
ACC_0954,2026-07,8,6953,5447
ACC_0954,2026-08,8,8551,6832
ACC_0955,2026-03,7,10307,8026
ACC_0955,2026-04,7,10231,8313
ACC_0955,2026-05,6,8126,6310
ACC_0955,2026-06,7,7289,6562
ACC_0955,2026-07,7,8158,6654
ACC_0955,2026-08,6,9428,8265
ACC_0956,2026-03,4,3730,3296
ACC_0956,2026-04,3,4396,3410
ACC_0956,2026-05,4,4968,3962
ACC_0956,2026-06,4,4869,4179
ACC_0956,2026-07,4,4384,3972
ACC_0956,2026-08,3,4619,3799
ACC_0957,2026-03,69,25640,22939
ACC_0957,2026-04,66,24168,18773
ACC_0957,2026-05,70,30034,23521
ACC_0957,2026-06,33,12986,11034
ACC_0957,2026-07,16,6190,5517
ACC_0957,2026-08,8,3474,2758
ACC_0958,2026-03,19,12767,11572
ACC_0958,2026-04,21,15746,12832
ACC_0958,2026-05,22,17680,14930
ACC_0958,2026-06,25,19261,15603
ACC_0958,2026-07,30,23899,18723
ACC_0958,2026-08,36,25975,22468
ACC_0959,2026-03,5,6503,5652
ACC_0959,2026-04,5,8393,6583
ACC_0959,2026-05,5,6017,5460
ACC_0959,2026-06,5,8778,6826
ACC_0959,2026-07,4,7157,5612
ACC_0959,2026-08,5,7821,6426
ACC_0960,2026-03,6,4743,3700
ACC_0960,2026-04,7,5018,3973
ACC_0960,2026-05,7,4445,3782
ACC_0960,2026-06,7,4463,3477
ACC_0960,2026-07,6,4434,3936
ACC_0960,2026-08,7,4790,4322
ACC_0961,2026-03,166,152419,122921
ACC_0961,2026-04,186,155904,124150
ACC_0961,2026-05,167,112156,97645
ACC_0961,2026-06,87,67391,57110
ACC_0961,2026-07,43,35417,28555
ACC_0961,2026-08,21,18104,14277
ACC_0962,2026-03,196,102682,89308
ACC_0962,2026-04,189,103760,87932
ACC_0962,2026-05,180,79510,70649
ACC_0962,2026-06,191,94511,74928
ACC_0962,2026-07,198,97198,80610
ACC_0962,2026-08,185,79589,67761
ACC_0963,2026-03,60,42960,33536
ACC_0963,2026-04,51,29924,25992
ACC_0963,2026-05,56,32888,29024
ACC_0963,2026-06,27,17757,15021
ACC_0963,2026-07,13,9192,7510
ACC_0963,2026-08,6,4138,3755
ACC_0964,2026-03,4,4407,3730
ACC_0964,2026-04,4,4257,3484
ACC_0964,2026-05,4,4980,4082
ACC_0964,2026-06,5,5543,4385
ACC_0964,2026-07,6,6406,5262
ACC_0964,2026-08,7,7877,6315
ACC_0965,2026-03,9,9654,8182
ACC_0965,2026-04,8,9329,7839
ACC_0965,2026-05,8,9844,8295
ACC_0965,2026-06,8,8212,6815
ACC_0965,2026-07,7,10551,8364
ACC_0965,2026-08,9,9028,8067
ACC_0966,2026-03,161,243049,214907
ACC_0966,2026-04,136,195949,177993
ACC_0966,2026-05,134,241174,196001
ACC_0966,2026-06,152,243714,206576
ACC_0966,2026-07,157,287043,222725
ACC_0966,2026-08,160,241736,196468
ACC_0967,2026-03,3,7505,6563
ACC_0967,2026-04,3,7405,5867
ACC_0967,2026-05,3,7076,5767
ACC_0967,2026-06,3,6979,5729
ACC_0967,2026-07,3,8508,6718
ACC_0967,2026-08,3,7269,5782
ACC_0968,2026-03,6,5458,4829
ACC_0968,2026-04,6,5294,4181
ACC_0968,2026-05,6,6667,5134
ACC_0968,2026-06,6,5767,5147
ACC_0968,2026-07,7,5660,4624
ACC_0968,2026-08,6,6621,5141
ACC_0969,2026-03,21,33698,30611
ACC_0969,2026-04,22,40461,33014
ACC_0969,2026-05,20,42081,35608
ACC_0969,2026-06,24,39312,33697
ACC_0969,2026-07,22,45613,37074
ACC_0969,2026-08,23,45395,39199
ACC_0970,2026-03,7,4889,3936
ACC_0970,2026-04,7,5954,4836
ACC_0970,2026-05,7,5583,4396
ACC_0970,2026-06,6,4401,3674
ACC_0970,2026-07,6,4585,3824
ACC_0970,2026-08,8,4364,3687
ACC_0971,2026-03,8,4384,3460
ACC_0971,2026-04,8,3314,2908
ACC_0971,2026-05,8,3376,3047
ACC_0971,2026-06,8,3500,3021
ACC_0971,2026-07,9,3702,3112
ACC_0971,2026-08,8,3274,2837
ACC_0972,2026-03,30,32880,26202
ACC_0972,2026-04,28,26565,20534
ACC_0972,2026-05,26,30745,25996
ACC_0972,2026-06,35,31597,28332
ACC_0972,2026-07,43,42545,33998
ACC_0972,2026-08,51,45459,40798
ACC_0973,2026-03,240,206733,159640
ACC_0973,2026-04,212,197431,152787
ACC_0973,2026-05,216,170728,145994
ACC_0973,2026-06,277,199812,173208
ACC_0973,2026-07,333,244577,207849
ACC_0973,2026-08,355,322828,249419
ACC_0974,2026-03,34,7788,6663
ACC_0974,2026-04,33,7241,5806
ACC_0974,2026-05,30,8848,7433
ACC_0974,2026-06,31,8538,7245
ACC_0974,2026-07,31,7694,6849
ACC_0974,2026-08,32,8771,6938
ACC_0975,2026-03,3,5313,4819
ACC_0975,2026-04,3,5508,4903
ACC_0975,2026-05,3,4699,3753
ACC_0975,2026-06,3,5762,4766
ACC_0975,2026-07,3,5288,4787
ACC_0975,2026-08,3,5306,4232
ACC_0976,2026-03,3,7548,6103
ACC_0976,2026-04,3,8560,6855
ACC_0976,2026-05,3,6687,6066
ACC_0976,2026-06,3,6677,5387
ACC_0976,2026-07,3,7779,6727
ACC_0976,2026-08,3,7875,6185
ACC_0977,2026-03,76,150846,123545
ACC_0977,2026-04,81,112181,101601
ACC_0977,2026-05,88,153393,122478
ACC_0977,2026-06,87,130850,108941
ACC_0977,2026-07,89,144481,111270
ACC_0977,2026-08,74,127597,98469
ACC_0978,2026-03,37,26918,21734
ACC_0978,2026-04,39,21791,19041
ACC_0978,2026-05,34,27535,21477
ACC_0978,2026-06,39,21970,19630
ACC_0978,2026-07,37,25090,20699
ACC_0978,2026-08,35,25499,22208
ACC_0979,2026-03,4,4593,3646
ACC_0979,2026-04,4,3145,2850
ACC_0979,2026-05,4,4400,3561
ACC_0979,2026-06,4,4228,3606
ACC_0979,2026-07,4,3912,3156
ACC_0979,2026-08,4,4352,3522
ACC_0980,2026-03,183,264938,228818
ACC_0980,2026-04,210,283485,233425
ACC_0980,2026-05,209,257811,217701
ACC_0980,2026-06,212,301776,232214
ACC_0980,2026-07,185,237863,206903
ACC_0980,2026-08,208,279622,217678
ACC_0981,2026-03,3,1657,1373
ACC_0981,2026-04,2,1912,1515
ACC_0981,2026-05,3,1718,1341
ACC_0981,2026-06,1,947,787
ACC_0981,2026-07,1,436,393
ACC_0981,2026-08,1,251,196
ACC_0982,2026-03,102,93101,84509
ACC_0982,2026-04,95,117765,92190
ACC_0982,2026-05,96,103400,89664
ACC_0982,2026-06,94,98228,87381
ACC_0982,2026-07,112,107783,88458
ACC_0982,2026-08,115,93364,74802
ACC_0983,2026-03,111,202018,163219
ACC_0983,2026-04,114,198969,169450
ACC_0983,2026-05,108,202335,176519
ACC_0983,2026-06,100,203793,179185
ACC_0983,2026-07,106,184419,148328
ACC_0983,2026-08,107,197404,152624
ACC_0984,2026-03,36,22511,19549
ACC_0984,2026-04,32,24998,19373
ACC_0984,2026-05,30,21134,17447
ACC_0984,2026-06,16,11382,9322
ACC_0984,2026-07,8,5773,4661
ACC_0984,2026-08,4,2994,2330
ACC_0985,2026-03,30,33116,26628
ACC_0985,2026-04,33,29200,24956
ACC_0985,2026-05,31,37030,29180
ACC_0985,2026-06,35,29944,25350
ACC_0985,2026-07,35,33293,26911
ACC_0985,2026-08,30,31290,26097
ACC_0986,2026-03,47,34621,30898
ACC_0986,2026-04,49,30451,25201
ACC_0986,2026-05,45,28682,24107
ACC_0986,2026-06,25,17350,14128
ACC_0986,2026-07,12,8840,7064
ACC_0986,2026-08,6,4522,3532
ACC_0987,2026-03,2,3006,2504
ACC_0987,2026-04,2,3160,2773
ACC_0987,2026-05,2,3498,2831
ACC_0987,2026-06,2,4242,3458
ACC_0987,2026-07,3,4639,4150
ACC_0987,2026-08,4,5973,4980
ACC_0988,2026-03,184,153712,130854
ACC_0988,2026-04,171,137574,120485
ACC_0988,2026-05,186,146450,120691
ACC_0988,2026-06,166,142140,123296
ACC_0988,2026-07,192,144719,117087
ACC_0988,2026-08,176,186057,144952
ACC_0989,2026-03,9,7054,5636
ACC_0989,2026-04,9,6611,5481
ACC_0989,2026-05,8,6553,5649
ACC_0989,2026-06,9,6394,5392
ACC_0989,2026-07,8,5355,4669
ACC_0989,2026-08,9,6715,5601
ACC_0990,2026-03,257,142785,113828
ACC_0990,2026-04,288,163436,131930
ACC_0990,2026-05,282,140045,125293
ACC_0990,2026-06,316,158994,137888
ACC_0990,2026-07,380,210325,165466
ACC_0990,2026-08,456,250411,198559
ACC_0991,2026-03,11,5025,4376
ACC_0991,2026-04,10,6056,4892
ACC_0991,2026-05,11,5580,4439
ACC_0991,2026-06,10,5794,4555
ACC_0991,2026-07,10,4903,3850
ACC_0991,2026-08,12,5297,4229
ACC_0992,2026-03,46,17283,14181
ACC_0992,2026-04,44,14722,12323
ACC_0992,2026-05,44,17520,15479
ACC_0992,2026-06,56,20453,16439
ACC_0992,2026-07,61,25122,19727
ACC_0992,2026-08,61,29124,23672
ACC_0993,2026-03,202,305853,247105
ACC_0993,2026-04,201,312784,274908
ACC_0993,2026-05,235,293527,253965
ACC_0993,2026-06,207,384070,320345
ACC_0993,2026-07,204,326607,289066
ACC_0993,2026-08,228,366994,306684
ACC_0994,2026-03,152,237165,185381
ACC_0994,2026-04,145,255619,219468
ACC_0994,2026-05,162,223872,200983
ACC_0994,2026-06,80,117753,97299
ACC_0994,2026-07,40,55665,48649
ACC_0994,2026-08,20,26899,24324
ACC_0995,2026-03,305,364692,290663
ACC_0995,2026-04,319,422519,336450
ACC_0995,2026-05,350,386148,323546
ACC_0995,2026-06,388,445001,389100
ACC_0995,2026-07,453,601321,466920
ACC_0995,2026-08,453,662746,560304
ACC_0996,2026-03,39,30339,23609
ACC_0996,2026-04,40,25413,21678
ACC_0996,2026-05,38,30210,25887
ACC_0996,2026-06,39,31037,24648
ACC_0996,2026-07,37,27715,22251
ACC_0996,2026-08,36,29267,23572
ACC_0997,2026-03,175,186450,157095
ACC_0997,2026-04,205,163671,144407
ACC_0997,2026-05,192,162737,134069
ACC_0997,2026-06,174,214775,169638
ACC_0997,2026-07,175,160949,129660
ACC_0997,2026-08,182,195492,150794
ACC_0998,2026-03,105,81070,70097
ACC_0998,2026-04,95,74166,61953
ACC_0998,2026-05,98,74288,57809
ACC_0998,2026-06,115,102024,78711
ACC_0998,2026-07,128,117102,94453
ACC_0998,2026-08,128,137615,113343
ACC_0999,2026-03,248,307609,252215
ACC_0999,2026-04,218,292324,235515
ACC_0999,2026-05,235,287485,234865
ACC_0999,2026-06,286,319226,274486
ACC_0999,2026-07,341,382980,329384
ACC_0999,2026-08,341,503307,395261
ACC_1000,2026-03,30,17653,15685
ACC_1000,2026-04,29,21976,19086
ACC_1000,2026-05,27,16805,14854
ACC_1000,2026-06,28,22620,17726
ACC_1000,2026-07,30,18556,14572
ACC_1000,2026-08,26,20957,17285
